
[1m[36mFuzzer Full — Step 3[0m

[36mℹ[0m  Program  : desert.sb3
[36mℹ[0m  Oracles  : desert_oracles.js (9 oracles)
[36mℹ[0m  Analysis : desert_analysis.json
[36mℹ[0m  Keys     : Left, Right, Up
[36mℹ[0m  Start    : Red, Water run out, estop, next level
[36mℹ[0m  Camera   : checked
[36mℹ[0m  Sequences: 12
[90m───────────────────────────────────────────────────────[0m
[90m───────────────────────────────────────────────────────[0m
[90mvm [39m[33mwarn[39m No storage module present; cannot load costume asset:  bb679df5f363efbf0afe27dc9b90a83b.svg
[90mvm [39m[33mwarn[39m No storage module present; cannot load sound asset:  c5edfc991455629d6c9efa4235bdb1b4.mp3
[90mvm [39m[33mwarn[39m No storage module present; cannot load costume asset:  257abdc852bd12c6fbd1ef3b12736739.svg
[90mvm [39m[33mwarn[39m No storage module present; cannot load sound asset:  83a9787d4cb6f3b7632b4ddfebf74367.wav
[90mvm [39m[33mwarn[39m No storage module present; cannot load costume asset:  1806dd9867ca8ed5842bc495f08d4e03.svg
[90mvm [39m[33mwarn[39m No storage module present; cannot load costume asset:  9af27a7ad39ec41b7cbfda3622d08a1a.svg
[90mvm [39m[33mwarn[39m No storage module present; cannot load costume asset:  9af27a7ad39ec41b7cbfda3622d08a1a.svg
[90mvm [39m[33mwarn[39m No storage module present; cannot load costume asset:  9af27a7ad39ec41b7cbfda3622d08a1a.svg
[90mvm [39m[33mwarn[39m No storage module present; cannot load costume asset:  9af27a7ad39ec41b7cbfda3622d08a1a.svg
[90mvm [39m[33mwarn[39m No storage module present; cannot load costume asset:  1481d16d3819203cfe4853a38571f5e5.svg
[90mvm [39m[33mwarn[39m No storage module present; cannot load sound asset:  83a9787d4cb6f3b7632b4ddfebf74367.wav
[90mvm [39m[33mwarn[39m No storage module present; cannot load costume asset:  1806dd9867ca8ed5842bc495f08d4e03.svg
[90mvm [39m[33mwarn[39m No storage module present; cannot load costume asset:  9af27a7ad39ec41b7cbfda3622d08a1a.svg
[90mvm [39m[33mwarn[39m No storage module present; cannot load costume asset:  9af27a7ad39ec41b7cbfda3622d08a1a.svg
[90mvm [39m[33mwarn[39m No storage module present; cannot load costume asset:  9af27a7ad39ec41b7cbfda3622d08a1a.svg
[90mvm [39m[33mwarn[39m No storage module present; cannot load costume asset:  9af27a7ad39ec41b7cbfda3622d08a1a.svg
[90mvm [39m[33mwarn[39m No storage module present; cannot load costume asset:  9af27a7ad39ec41b7cbfda3622d08a1a.svg
[90mvm [39m[33mwarn[39m No storage module present; cannot load sound asset:  83a9787d4cb6f3b7632b4ddfebf74367.wav
[90mvm [39m[33mwarn[39m No storage module present; cannot load costume asset:  66d90887fd3bb1eb289a9e739c6f7143.svg
[90mvm [39m[33mwarn[39m No storage module present; cannot load sound asset:  83a9787d4cb6f3b7632b4ddfebf74367.wav
[90mvm [39m[33mwarn[39m No storage module present; cannot load costume asset:  e55ab54aaec87085a3f43192ba537e91.svg
[90mvm [39m[33mwarn[39m No storage module present; cannot load costume asset:  5aa1aeddd5c7069abd3ad0fb58f78ab6.svg
[90mvm [39m[33mwarn[39m No storage module present; cannot load costume asset:  42f733825da371c2dddab0f1b2ebc8a5.svg
[90mvm [39m[33mwarn[39m No storage module present; cannot load costume asset:  6d49a4a69aca34a85dc2ebf080aba80b.svg
[90mvm [39m[33mwarn[39m No storage module present; cannot load costume asset:  39dff0f6408602c585bd15bb4673babe.svg
[90mvm [39m[33mwarn[39m No storage module present; cannot load costume asset:  a130250b8d09a3f24fd0dcb9588ba163.svg
[90mvm [39m[33mwarn[39m No storage module present; cannot load costume asset:  141415ca70fbc4de5dee86ddd4facef3.svg
[90mvm [39m[33mwarn[39m No storage module present; cannot load sound asset:  83a9787d4cb6f3b7632b4ddfebf74367.wav
[90mvm [39m[33mwarn[39m No storage module present; cannot load costume asset:  730f14b00eb18673424dddbde7c6cc60.svg
[90mvm [39m[33mwarn[39m No storage module present; cannot load costume asset:  80f19b08826e3a245847c271f85fdf7a.svg
[90mvm [39m[33mwarn[39m No storage module present; cannot load costume asset:  cd42d2933f4560d2863288bc25e29308.svg
[90mvm [39m[33mwarn[39m No storage module present; cannot load costume asset:  cfec5d13aa3cc143da88f05123996f29.svg
[90mvm [39m[33mwarn[39m No storage module present; cannot load costume asset:  5e41c5216842f7d9d0d0b24f4ed883e4.svg
[90mvm [39m[33mwarn[39m No storage module present; cannot load costume asset:  326e33a975e6aa3a88df8a68722d6969.svg
[90mvm [39m[33mwarn[39m No storage module present; cannot load costume asset:  cd21514d0531fdffb22204e0ec5ed84a.svg
[90mvm [39m[33mwarn[39m No storage module present; cannot load sound asset:  83a9787d4cb6f3b7632b4ddfebf74367.wav
[90mvm [39m[33mwarn[39m No storage module present; cannot load costume asset:  3190e19ec950c03524f334f4f7b59c22.svg
[90mvm [39m[33mwarn[39m No storage module present; cannot load costume asset:  3190e19ec950c03524f334f4f7b59c22.svg
[90mvm [39m[33mwarn[39m No storage module present; cannot load costume asset:  44969ac5db326523031100333b57ad2a.svg
[90mvm [39m[33mwarn[39m No storage module present; cannot load costume asset:  b000d54e0677c079ced010e8ce566457.svg
[90mvm [39m[33mwarn[39m No storage module present; cannot load costume asset:  204effd510cefd9146ffda5fc0e5873a.svg
[90mvm [39m[33mwarn[39m No storage module present; cannot load costume asset:  3190e19ec950c03524f334f4f7b59c22.svg
[90mvm [39m[33mwarn[39m No storage module present; cannot load costume asset:  d5d8b5a89137518394ab1b7a0be88516.svg
[90mvm [39m[33mwarn[39m No storage module present; cannot load sound asset:  83a9787d4cb6f3b7632b4ddfebf74367.wav
[90mvm [39m[33mwarn[39m No storage module present; cannot load costume asset:  3dc803b43a68906d55665764e8a2828b.svg
[90mvm [39m[33mwarn[39m No storage module present; cannot load costume asset:  e1648c34cf76a661fac4dc3f8e2a2585.svg
[90mvm [39m[33mwarn[39m No storage module present; cannot load costume asset:  42bbe94a62f2337945b2a1616fbe618e.svg
[90mvm [39m[33mwarn[39m No storage module present; cannot load costume asset:  07a871b49fa10ba0e7c14189228a5569.svg
[90mvm [39m[33mwarn[39m No storage module present; cannot load costume asset:  e88197b44787e0fb6191888431dd9210.svg
[90mvm [39m[33mwarn[39m No storage module present; cannot load costume asset:  4ea816360a514e379cee1cac0b072810.svg
[90mvm [39m[33mwarn[39m No storage module present; cannot load sound asset:  f79507a0a0f892e6414a6072604e03f5.wav
[90mvm [39m[33mwarn[39m No storage module present; cannot load sound asset:  7b4ca478bae63fbb1aa4219553e0138f.wav
[90mvm [39m[33mwarn[39m No storage module present; cannot load sound asset:  b85de9b910842dacd099696616247678.wav
[90mvm [39m[33mwarn[39m No storage module present; cannot load sound asset:  3b7afd1ac0ea6155699b6eceaf484b72.wav
[90mvm [39m[33mwarn[39m No storage module present; cannot load sound asset:  b179c32f2b858bddee55582bc8a34dae.wav
[90mvm [39m[33mwarn[39m No storage module present; cannot load costume asset:  26f999095ef03b066951985cf07f596f.svg
[90mvm [39m[33mwarn[39m No storage module present; cannot load sound asset:  83a9787d4cb6f3b7632b4ddfebf74367.wav
[90mvm [39m[33mwarn[39m No storage module present; cannot load costume asset:  14e46ec3e2ba471c2adfe8f119052307.svg
[90mvm [39m[33mwarn[39m No storage module present; cannot load costume asset:  cd21514d0531fdffb22204e0ec5ed84a.svg
[90mvm [39m[33mwarn[39m No storage module present; cannot load costume asset:  cd21514d0531fdffb22204e0ec5ed84a.svg
[90mvm [39m[33mwarn[39m No storage module present; cannot load costume asset:  c3e796fc17b422fca0d7a74e0c250410.svg
[90mvm [39m[33mwarn[39m No storage module present; cannot load sound asset:  d73eec8340f36c59f06f3a16a7fc52e6.wav
[90mvm [39m[33mwarn[39m No storage module present; cannot load costume asset:  bafc73be10b34c239fbd409c1418f32c.svg
[90mvm [39m[33mwarn[39m No storage module present; cannot load sound asset:  a810e368291b9c39e5bca884ee89ef48.wav
[90mvm [39m[33mwarn[39m No storage module present; cannot load sound asset:  4d34cc82d710140c9abcf93bb96a1ddf.wav
[90mvm [39m[33mwarn[39m No storage module present; cannot load sound asset:  b29a51d951eb0f3158de679e6095de4b.wav
[90mvm [39m[33mwarn[39m No storage module present; cannot load sound asset:  2a8eda60417cc8a6dc3f9420ccf4bba7.wav
[90mvm [39m[33mwarn[39m No storage module present; cannot load sound asset:  57a7f8feaea9f3928087dd5ca5d988ba.wav
[90mvm [39m[33mwarn[39m No storage module present; cannot load sound asset:  82ab5343fff1e98ce5d0f512617faa08.wav
[90mvm [39m[33mwarn[39m No storage module present; cannot load costume asset:  bb679df5f363efbf0afe27dc9b90a83b.svg
[90mvm [39m[33mwarn[39m No storage module present; cannot load sound asset:  c5edfc991455629d6c9efa4235bdb1b4.mp3
[90mvm [39m[33mwarn[39m No storage module present; cannot load costume asset:  257abdc852bd12c6fbd1ef3b12736739.svg
[90mvm [39m[33mwarn[39m No storage module present; cannot load sound asset:  83a9787d4cb6f3b7632b4ddfebf74367.wav
[90mvm [39m[33mwarn[39m No storage module present; cannot load costume asset:  1806dd9867ca8ed5842bc495f08d4e03.svg
[90mvm [39m[33mwarn[39m No storage module present; cannot load costume asset:  9af27a7ad39ec41b7cbfda3622d08a1a.svg
[90mvm [39m[33mwarn[39m No storage module present; cannot load costume asset:  9af27a7ad39ec41b7cbfda3622d08a1a.svg
[90mvm [39m[33mwarn[39m No storage module present; cannot load costume asset:  9af27a7ad39ec41b7cbfda3622d08a1a.svg
[90mvm [39m[33mwarn[39m No storage module present; cannot load costume asset:  9af27a7ad39ec41b7cbfda3622d08a1a.svg
[90mvm [39m[33mwarn[39m No storage module present; cannot load costume asset:  1481d16d3819203cfe4853a38571f5e5.svg
[90mvm [39m[33mwarn[39m No storage module present; cannot load sound asset:  83a9787d4cb6f3b7632b4ddfebf74367.wav
[90mvm [39m[33mwarn[39m No storage module present; cannot load costume asset:  1806dd9867ca8ed5842bc495f08d4e03.svg
[90mvm [39m[33mwarn[39m No storage module present; cannot load costume asset:  9af27a7ad39ec41b7cbfda3622d08a1a.svg
[90mvm [39m[33mwarn[39m No storage module present; cannot load costume asset:  9af27a7ad39ec41b7cbfda3622d08a1a.svg
[90mvm [39m[33mwarn[39m No storage module present; cannot load costume asset:  9af27a7ad39ec41b7cbfda3622d08a1a.svg
[90mvm [39m[33mwarn[39m No storage module present; cannot load costume asset:  9af27a7ad39ec41b7cbfda3622d08a1a.svg
[90mvm [39m[33mwarn[39m No storage module present; cannot load costume asset:  9af27a7ad39ec41b7cbfda3622d08a1a.svg
[90mvm [39m[33mwarn[39m No storage module present; cannot load sound asset:  83a9787d4cb6f3b7632b4ddfebf74367.wav
[90mvm [39m[33mwarn[39m No storage module present; cannot load costume asset:  66d90887fd3bb1eb289a9e739c6f7143.svg
[90mvm [39m[33mwarn[39m No storage module present; cannot load sound asset:  83a9787d4cb6f3b7632b4ddfebf74367.wav
[90mvm [39m[33mwarn[39m No storage module present; cannot load costume asset:  e55ab54aaec87085a3f43192ba537e91.svg
[90mvm [39m[33mwarn[39m No storage module present; cannot load costume asset:  5aa1aeddd5c7069abd3ad0fb58f78ab6.svg
[90mvm [39m[33mwarn[39m No storage module present; cannot load costume asset:  42f733825da371c2dddab0f1b2ebc8a5.svg
[90mvm [39m[33mwarn[39m No storage module present; cannot load costume asset:  6d49a4a69aca34a85dc2ebf080aba80b.svg
[90mvm [39m[33mwarn[39m No storage module present; cannot load costume asset:  39dff0f6408602c585bd15bb4673babe.svg
[90mvm [39m[33mwarn[39m No storage module present; cannot load costume asset:  a130250b8d09a3f24fd0dcb9588ba163.svg
[90mvm [39m[33mwarn[39m No storage module present; cannot load costume asset:  141415ca70fbc4de5dee86ddd4facef3.svg
[90mvm [39m[33mwarn[39m No storage module present; cannot load sound asset:  83a9787d4cb6f3b7632b4ddfebf74367.wav
[90mvm [39m[33mwarn[39m No storage module present; cannot load costume asset:  730f14b00eb18673424dddbde7c6cc60.svg
[90mvm [39m[33mwarn[39m No storage module present; cannot load costume asset:  80f19b08826e3a245847c271f85fdf7a.svg
[90mvm [39m[33mwarn[39m No storage module present; cannot load costume asset:  cd42d2933f4560d2863288bc25e29308.svg
[90mvm [39m[33mwarn[39m No storage module present; cannot load costume asset:  cfec5d13aa3cc143da88f05123996f29.svg
[90mvm [39m[33mwarn[39m No storage module present; cannot load costume asset:  5e41c5216842f7d9d0d0b24f4ed883e4.svg
[90mvm [39m[33mwarn[39m No storage module present; cannot load costume asset:  326e33a975e6aa3a88df8a68722d6969.svg
[90mvm [39m[33mwarn[39m No storage module present; cannot load costume asset:  cd21514d0531fdffb22204e0ec5ed84a.svg
[90mvm [39m[33mwarn[39m No storage module present; cannot load sound asset:  83a9787d4cb6f3b7632b4ddfebf74367.wav
[90mvm [39m[33mwarn[39m No storage module present; cannot load costume asset:  3190e19ec950c03524f334f4f7b59c22.svg
[90mvm [39m[33mwarn[39m No storage module present; cannot load costume asset:  3190e19ec950c03524f334f4f7b59c22.svg
[90mvm [39m[33mwarn[39m No storage module present; cannot load costume asset:  44969ac5db326523031100333b57ad2a.svg
[90mvm [39m[33mwarn[39m No storage module present; cannot load costume asset:  b000d54e0677c079ced010e8ce566457.svg
[90mvm [39m[33mwarn[39m No storage module present; cannot load costume asset:  204effd510cefd9146ffda5fc0e5873a.svg
[90mvm [39m[33mwarn[39m No storage module present; cannot load costume asset:  3190e19ec950c03524f334f4f7b59c22.svg
[90mvm [39m[33mwarn[39m No storage module present; cannot load costume asset:  d5d8b5a89137518394ab1b7a0be88516.svg
[90mvm [39m[33mwarn[39m No storage module present; cannot load sound asset:  83a9787d4cb6f3b7632b4ddfebf74367.wav
[90mvm [39m[33mwarn[39m No storage module present; cannot load costume asset:  3dc803b43a68906d55665764e8a2828b.svg
[90mvm [39m[33mwarn[39m No storage module present; cannot load costume asset:  e1648c34cf76a661fac4dc3f8e2a2585.svg
[90mvm [39m[33mwarn[39m No storage module present; cannot load costume asset:  42bbe94a62f2337945b2a1616fbe618e.svg
[90mvm [39m[33mwarn[39m No storage module present; cannot load costume asset:  07a871b49fa10ba0e7c14189228a5569.svg
[90mvm [39m[33mwarn[39m No storage module present; cannot load costume asset:  e88197b44787e0fb6191888431dd9210.svg
[90mvm [39m[33mwarn[39m No storage module present; cannot load costume asset:  4ea816360a514e379cee1cac0b072810.svg
[90mvm [39m[33mwarn[39m No storage module present; cannot load sound asset:  f79507a0a0f892e6414a6072604e03f5.wav
[90mvm [39m[33mwarn[39m No storage module present; cannot load sound asset:  7b4ca478bae63fbb1aa4219553e0138f.wav
[90mvm [39m[33mwarn[39m No storage module present; cannot load sound asset:  b85de9b910842dacd099696616247678.wav
[90mvm [39m[33mwarn[39m No storage module present; cannot load sound asset:  3b7afd1ac0ea6155699b6eceaf484b72.wav
[90mvm [39m[33mwarn[39m No storage module present; cannot load sound asset:  b179c32f2b858bddee55582bc8a34dae.wav
[90mvm [39m[33mwarn[39m No storage module present; cannot load costume asset:  26f999095ef03b066951985cf07f596f.svg
[90mvm [39m[33mwarn[39m No storage module present; cannot load sound asset:  83a9787d4cb6f3b7632b4ddfebf74367.wav
[90mvm [39m[33mwarn[39m No storage module present; cannot load costume asset:  14e46ec3e2ba471c2adfe8f119052307.svg
[90mvm [39m[33mwarn[39m No storage module present; cannot load costume asset:  cd21514d0531fdffb22204e0ec5ed84a.svg
[90mvm [39m[33mwarn[39m No storage module present; cannot load costume asset:  cd21514d0531fdffb22204e0ec5ed84a.svg
[90mvm [39m[33mwarn[39m No storage module present; cannot load costume asset:  c3e796fc17b422fca0d7a74e0c250410.svg
[90mvm [39m[33mwarn[39m No storage module present; cannot load sound asset:  d73eec8340f36c59f06f3a16a7fc52e6.wav
[90mvm [39m[33mwarn[39m No storage module present; cannot load costume asset:  bafc73be10b34c239fbd409c1418f32c.svg
[90mvm [39m[33mwarn[39m No storage module present; cannot load sound asset:  a810e368291b9c39e5bca884ee89ef48.wav
[90mvm [39m[33mwarn[39m No storage module present; cannot load sound asset:  4d34cc82d710140c9abcf93bb96a1ddf.wav
[90mvm [39m[33mwarn[39m No storage module present; cannot load sound asset:  b29a51d951eb0f3158de679e6095de4b.wav
[90mvm [39m[33mwarn[39m No storage module present; cannot load sound asset:  2a8eda60417cc8a6dc3f9420ccf4bba7.wav
[90mvm [39m[33mwarn[39m No storage module present; cannot load sound asset:  57a7f8feaea9f3928087dd5ca5d988ba.wav
[90mvm [39m[33mwarn[39m No storage module present; cannot load sound asset:  82ab5343fff1e98ce5d0f512617faa08.wav
Translation for "text2speech.defaultTextToSpeak" in "en" is missing
Translation for "text2speech.categoryName" in "en" is missing
Translation for "text2speech.speakAndWaitBlock" in "en" is missing
Translation for "text2speech.setVoiceBlock" in "en" is missing
Translation for "text2speech.setLanguageBlock" in "en" is missing
Translation for "text2speech.alto" in "en" is missing
Translation for "text2speech.tenor" in "en" is missing
Translation for "text2speech.squeak" in "en" is missing
Translation for "text2speech.giant" in "en" is missing
Translation for "text2speech.kitten" in "en" is missing
[36mℹ[0m  Sequence: Boot_Idle
[90m     Ticks: 300  Bugs found: 0[0m
[90m───────────────────────────────────────────────────────[0m
[90mvm [39m[33mwarn[39m Central dispatch replacing existing service provider for runtime
[90mvm [39m[33mwarn[39m Central dispatch replacing existing service provider for extensions
[90mvm [39m[33mwarn[39m No storage module present; cannot load costume asset:  bb679df5f363efbf0afe27dc9b90a83b.svg
[90mvm [39m[33mwarn[39m No storage module present; cannot load sound asset:  c5edfc991455629d6c9efa4235bdb1b4.mp3
[90mvm [39m[33mwarn[39m No storage module present; cannot load costume asset:  257abdc852bd12c6fbd1ef3b12736739.svg
[90mvm [39m[33mwarn[39m No storage module present; cannot load sound asset:  83a9787d4cb6f3b7632b4ddfebf74367.wav
[90mvm [39m[33mwarn[39m No storage module present; cannot load costume asset:  1806dd9867ca8ed5842bc495f08d4e03.svg
[90mvm [39m[33mwarn[39m No storage module present; cannot load costume asset:  9af27a7ad39ec41b7cbfda3622d08a1a.svg
[90mvm [39m[33mwarn[39m No storage module present; cannot load costume asset:  9af27a7ad39ec41b7cbfda3622d08a1a.svg
[90mvm [39m[33mwarn[39m No storage module present; cannot load costume asset:  9af27a7ad39ec41b7cbfda3622d08a1a.svg
[90mvm [39m[33mwarn[39m No storage module present; cannot load costume asset:  9af27a7ad39ec41b7cbfda3622d08a1a.svg
[90mvm [39m[33mwarn[39m No storage module present; cannot load costume asset:  1481d16d3819203cfe4853a38571f5e5.svg
[90mvm [39m[33mwarn[39m No storage module present; cannot load sound asset:  83a9787d4cb6f3b7632b4ddfebf74367.wav
[90mvm [39m[33mwarn[39m No storage module present; cannot load costume asset:  1806dd9867ca8ed5842bc495f08d4e03.svg
[90mvm [39m[33mwarn[39m No storage module present; cannot load costume asset:  9af27a7ad39ec41b7cbfda3622d08a1a.svg
[90mvm [39m[33mwarn[39m No storage module present; cannot load costume asset:  9af27a7ad39ec41b7cbfda3622d08a1a.svg
[90mvm [39m[33mwarn[39m No storage module present; cannot load costume asset:  9af27a7ad39ec41b7cbfda3622d08a1a.svg
[90mvm [39m[33mwarn[39m No storage module present; cannot load costume asset:  9af27a7ad39ec41b7cbfda3622d08a1a.svg
[90mvm [39m[33mwarn[39m No storage module present; cannot load costume asset:  9af27a7ad39ec41b7cbfda3622d08a1a.svg
[90mvm [39m[33mwarn[39m No storage module present; cannot load sound asset:  83a9787d4cb6f3b7632b4ddfebf74367.wav
[90mvm [39m[33mwarn[39m No storage module present; cannot load costume asset:  66d90887fd3bb1eb289a9e739c6f7143.svg
[90mvm [39m[33mwarn[39m No storage module present; cannot load sound asset:  83a9787d4cb6f3b7632b4ddfebf74367.wav
[90mvm [39m[33mwarn[39m No storage module present; cannot load costume asset:  e55ab54aaec87085a3f43192ba537e91.svg
[90mvm [39m[33mwarn[39m No storage module present; cannot load costume asset:  5aa1aeddd5c7069abd3ad0fb58f78ab6.svg
[90mvm [39m[33mwarn[39m No storage module present; cannot load costume asset:  42f733825da371c2dddab0f1b2ebc8a5.svg
[90mvm [39m[33mwarn[39m No storage module present; cannot load costume asset:  6d49a4a69aca34a85dc2ebf080aba80b.svg
[90mvm [39m[33mwarn[39m No storage module present; cannot load costume asset:  39dff0f6408602c585bd15bb4673babe.svg
[90mvm [39m[33mwarn[39m No storage module present; cannot load costume asset:  a130250b8d09a3f24fd0dcb9588ba163.svg
[90mvm [39m[33mwarn[39m No storage module present; cannot load costume asset:  141415ca70fbc4de5dee86ddd4facef3.svg
[90mvm [39m[33mwarn[39m No storage module present; cannot load sound asset:  83a9787d4cb6f3b7632b4ddfebf74367.wav
[90mvm [39m[33mwarn[39m No storage module present; cannot load costume asset:  730f14b00eb18673424dddbde7c6cc60.svg
[90mvm [39m[33mwarn[39m No storage module present; cannot load costume asset:  80f19b08826e3a245847c271f85fdf7a.svg
[90mvm [39m[33mwarn[39m No storage module present; cannot load costume asset:  cd42d2933f4560d2863288bc25e29308.svg
[90mvm [39m[33mwarn[39m No storage module present; cannot load costume asset:  cfec5d13aa3cc143da88f05123996f29.svg
[90mvm [39m[33mwarn[39m No storage module present; cannot load costume asset:  5e41c5216842f7d9d0d0b24f4ed883e4.svg
[90mvm [39m[33mwarn[39m No storage module present; cannot load costume asset:  326e33a975e6aa3a88df8a68722d6969.svg
[90mvm [39m[33mwarn[39m No storage module present; cannot load costume asset:  cd21514d0531fdffb22204e0ec5ed84a.svg
[90mvm [39m[33mwarn[39m No storage module present; cannot load sound asset:  83a9787d4cb6f3b7632b4ddfebf74367.wav
[90mvm [39m[33mwarn[39m No storage module present; cannot load costume asset:  3190e19ec950c03524f334f4f7b59c22.svg
[90mvm [39m[33mwarn[39m No storage module present; cannot load costume asset:  3190e19ec950c03524f334f4f7b59c22.svg
[90mvm [39m[33mwarn[39m No storage module present; cannot load costume asset:  44969ac5db326523031100333b57ad2a.svg
[90mvm [39m[33mwarn[39m No storage module present; cannot load costume asset:  b000d54e0677c079ced010e8ce566457.svg
[90mvm [39m[33mwarn[39m No storage module present; cannot load costume asset:  204effd510cefd9146ffda5fc0e5873a.svg
[90mvm [39m[33mwarn[39m No storage module present; cannot load costume asset:  3190e19ec950c03524f334f4f7b59c22.svg
[90mvm [39m[33mwarn[39m No storage module present; cannot load costume asset:  d5d8b5a89137518394ab1b7a0be88516.svg
[90mvm [39m[33mwarn[39m No storage module present; cannot load sound asset:  83a9787d4cb6f3b7632b4ddfebf74367.wav
[90mvm [39m[33mwarn[39m No storage module present; cannot load costume asset:  3dc803b43a68906d55665764e8a2828b.svg
[90mvm [39m[33mwarn[39m No storage module present; cannot load costume asset:  e1648c34cf76a661fac4dc3f8e2a2585.svg
[90mvm [39m[33mwarn[39m No storage module present; cannot load costume asset:  42bbe94a62f2337945b2a1616fbe618e.svg
[90mvm [39m[33mwarn[39m No storage module present; cannot load costume asset:  07a871b49fa10ba0e7c14189228a5569.svg
[90mvm [39m[33mwarn[39m No storage module present; cannot load costume asset:  e88197b44787e0fb6191888431dd9210.svg
[90mvm [39m[33mwarn[39m No storage module present; cannot load costume asset:  4ea816360a514e379cee1cac0b072810.svg
[90mvm [39m[33mwarn[39m No storage module present; cannot load sound asset:  f79507a0a0f892e6414a6072604e03f5.wav
[90mvm [39m[33mwarn[39m No storage module present; cannot load sound asset:  7b4ca478bae63fbb1aa4219553e0138f.wav
[90mvm [39m[33mwarn[39m No storage module present; cannot load sound asset:  b85de9b910842dacd099696616247678.wav
[90mvm [39m[33mwarn[39m No storage module present; cannot load sound asset:  3b7afd1ac0ea6155699b6eceaf484b72.wav
[90mvm [39m[33mwarn[39m No storage module present; cannot load sound asset:  b179c32f2b858bddee55582bc8a34dae.wav
[90mvm [39m[33mwarn[39m No storage module present; cannot load costume asset:  26f999095ef03b066951985cf07f596f.svg
[90mvm [39m[33mwarn[39m No storage module present; cannot load sound asset:  83a9787d4cb6f3b7632b4ddfebf74367.wav
[90mvm [39m[33mwarn[39m No storage module present; cannot load costume asset:  14e46ec3e2ba471c2adfe8f119052307.svg
[90mvm [39m[33mwarn[39m No storage module present; cannot load costume asset:  cd21514d0531fdffb22204e0ec5ed84a.svg
[90mvm [39m[33mwarn[39m No storage module present; cannot load costume asset:  cd21514d0531fdffb22204e0ec5ed84a.svg
[90mvm [39m[33mwarn[39m No storage module present; cannot load costume asset:  c3e796fc17b422fca0d7a74e0c250410.svg
[90mvm [39m[33mwarn[39m No storage module present; cannot load sound asset:  d73eec8340f36c59f06f3a16a7fc52e6.wav
[90mvm [39m[33mwarn[39m No storage module present; cannot load costume asset:  bafc73be10b34c239fbd409c1418f32c.svg
[90mvm [39m[33mwarn[39m No storage module present; cannot load sound asset:  a810e368291b9c39e5bca884ee89ef48.wav
[90mvm [39m[33mwarn[39m No storage module present; cannot load sound asset:  4d34cc82d710140c9abcf93bb96a1ddf.wav
[90mvm [39m[33mwarn[39m No storage module present; cannot load sound asset:  b29a51d951eb0f3158de679e6095de4b.wav
[90mvm [39m[33mwarn[39m No storage module present; cannot load sound asset:  2a8eda60417cc8a6dc3f9420ccf4bba7.wav
[90mvm [39m[33mwarn[39m No storage module present; cannot load sound asset:  57a7f8feaea9f3928087dd5ca5d988ba.wav
[90mvm [39m[33mwarn[39m No storage module present; cannot load sound asset:  82ab5343fff1e98ce5d0f512617faa08.wav
[90mvm [39m[33mwarn[39m No storage module present; cannot load costume asset:  bb679df5f363efbf0afe27dc9b90a83b.svg
[90mvm [39m[33mwarn[39m No storage module present; cannot load sound asset:  c5edfc991455629d6c9efa4235bdb1b4.mp3
[90mvm [39m[33mwarn[39m No storage module present; cannot load costume asset:  257abdc852bd12c6fbd1ef3b12736739.svg
[90mvm [39m[33mwarn[39m No storage module present; cannot load sound asset:  83a9787d4cb6f3b7632b4ddfebf74367.wav
[90mvm [39m[33mwarn[39m No storage module present; cannot load costume asset:  1806dd9867ca8ed5842bc495f08d4e03.svg
[90mvm [39m[33mwarn[39m No storage module present; cannot load costume asset:  9af27a7ad39ec41b7cbfda3622d08a1a.svg
[90mvm [39m[33mwarn[39m No storage module present; cannot load costume asset:  9af27a7ad39ec41b7cbfda3622d08a1a.svg
[90mvm [39m[33mwarn[39m No storage module present; cannot load costume asset:  9af27a7ad39ec41b7cbfda3622d08a1a.svg
[90mvm [39m[33mwarn[39m No storage module present; cannot load costume asset:  9af27a7ad39ec41b7cbfda3622d08a1a.svg
[90mvm [39m[33mwarn[39m No storage module present; cannot load costume asset:  1481d16d3819203cfe4853a38571f5e5.svg
[90mvm [39m[33mwarn[39m No storage module present; cannot load sound asset:  83a9787d4cb6f3b7632b4ddfebf74367.wav
[90mvm [39m[33mwarn[39m No storage module present; cannot load costume asset:  1806dd9867ca8ed5842bc495f08d4e03.svg
[90mvm [39m[33mwarn[39m No storage module present; cannot load costume asset:  9af27a7ad39ec41b7cbfda3622d08a1a.svg
[90mvm [39m[33mwarn[39m No storage module present; cannot load costume asset:  9af27a7ad39ec41b7cbfda3622d08a1a.svg
[90mvm [39m[33mwarn[39m No storage module present; cannot load costume asset:  9af27a7ad39ec41b7cbfda3622d08a1a.svg
[90mvm [39m[33mwarn[39m No storage module present; cannot load costume asset:  9af27a7ad39ec41b7cbfda3622d08a1a.svg
[90mvm [39m[33mwarn[39m No storage module present; cannot load costume asset:  9af27a7ad39ec41b7cbfda3622d08a1a.svg
[90mvm [39m[33mwarn[39m No storage module present; cannot load sound asset:  83a9787d4cb6f3b7632b4ddfebf74367.wav
[90mvm [39m[33mwarn[39m No storage module present; cannot load costume asset:  66d90887fd3bb1eb289a9e739c6f7143.svg
[90mvm [39m[33mwarn[39m No storage module present; cannot load sound asset:  83a9787d4cb6f3b7632b4ddfebf74367.wav
[90mvm [39m[33mwarn[39m No storage module present; cannot load costume asset:  e55ab54aaec87085a3f43192ba537e91.svg
[90mvm [39m[33mwarn[39m No storage module present; cannot load costume asset:  5aa1aeddd5c7069abd3ad0fb58f78ab6.svg
[90mvm [39m[33mwarn[39m No storage module present; cannot load costume asset:  42f733825da371c2dddab0f1b2ebc8a5.svg
[90mvm [39m[33mwarn[39m No storage module present; cannot load costume asset:  6d49a4a69aca34a85dc2ebf080aba80b.svg
[90mvm [39m[33mwarn[39m No storage module present; cannot load costume asset:  39dff0f6408602c585bd15bb4673babe.svg
[90mvm [39m[33mwarn[39m No storage module present; cannot load costume asset:  a130250b8d09a3f24fd0dcb9588ba163.svg
[90mvm [39m[33mwarn[39m No storage module present; cannot load costume asset:  141415ca70fbc4de5dee86ddd4facef3.svg
[90mvm [39m[33mwarn[39m No storage module present; cannot load sound asset:  83a9787d4cb6f3b7632b4ddfebf74367.wav
[90mvm [39m[33mwarn[39m No storage module present; cannot load costume asset:  730f14b00eb18673424dddbde7c6cc60.svg
[90mvm [39m[33mwarn[39m No storage module present; cannot load costume asset:  80f19b08826e3a245847c271f85fdf7a.svg
[90mvm [39m[33mwarn[39m No storage module present; cannot load costume asset:  cd42d2933f4560d2863288bc25e29308.svg
[90mvm [39m[33mwarn[39m No storage module present; cannot load costume asset:  cfec5d13aa3cc143da88f05123996f29.svg
[90mvm [39m[33mwarn[39m No storage module present; cannot load costume asset:  5e41c5216842f7d9d0d0b24f4ed883e4.svg
[90mvm [39m[33mwarn[39m No storage module present; cannot load costume asset:  326e33a975e6aa3a88df8a68722d6969.svg
[90mvm [39m[33mwarn[39m No storage module present; cannot load costume asset:  cd21514d0531fdffb22204e0ec5ed84a.svg
[90mvm [39m[33mwarn[39m No storage module present; cannot load sound asset:  83a9787d4cb6f3b7632b4ddfebf74367.wav
[90mvm [39m[33mwarn[39m No storage module present; cannot load costume asset:  3190e19ec950c03524f334f4f7b59c22.svg
[90mvm [39m[33mwarn[39m No storage module present; cannot load costume asset:  3190e19ec950c03524f334f4f7b59c22.svg
[90mvm [39m[33mwarn[39m No storage module present; cannot load costume asset:  44969ac5db326523031100333b57ad2a.svg
[90mvm [39m[33mwarn[39m No storage module present; cannot load costume asset:  b000d54e0677c079ced010e8ce566457.svg
[90mvm [39m[33mwarn[39m No storage module present; cannot load costume asset:  204effd510cefd9146ffda5fc0e5873a.svg
[90mvm [39m[33mwarn[39m No storage module present; cannot load costume asset:  3190e19ec950c03524f334f4f7b59c22.svg
[90mvm [39m[33mwarn[39m No storage module present; cannot load costume asset:  d5d8b5a89137518394ab1b7a0be88516.svg
[90mvm [39m[33mwarn[39m No storage module present; cannot load sound asset:  83a9787d4cb6f3b7632b4ddfebf74367.wav
[90mvm [39m[33mwarn[39m No storage module present; cannot load costume asset:  3dc803b43a68906d55665764e8a2828b.svg
[90mvm [39m[33mwarn[39m No storage module present; cannot load costume asset:  e1648c34cf76a661fac4dc3f8e2a2585.svg
[90mvm [39m[33mwarn[39m No storage module present; cannot load costume asset:  42bbe94a62f2337945b2a1616fbe618e.svg
[90mvm [39m[33mwarn[39m No storage module present; cannot load costume asset:  07a871b49fa10ba0e7c14189228a5569.svg
[90mvm [39m[33mwarn[39m No storage module present; cannot load costume asset:  e88197b44787e0fb6191888431dd9210.svg
[90mvm [39m[33mwarn[39m No storage module present; cannot load costume asset:  4ea816360a514e379cee1cac0b072810.svg
[90mvm [39m[33mwarn[39m No storage module present; cannot load sound asset:  f79507a0a0f892e6414a6072604e03f5.wav
[90mvm [39m[33mwarn[39m No storage module present; cannot load sound asset:  7b4ca478bae63fbb1aa4219553e0138f.wav
[90mvm [39m[33mwarn[39m No storage module present; cannot load sound asset:  b85de9b910842dacd099696616247678.wav
[90mvm [39m[33mwarn[39m No storage module present; cannot load sound asset:  3b7afd1ac0ea6155699b6eceaf484b72.wav
[90mvm [39m[33mwarn[39m No storage module present; cannot load sound asset:  b179c32f2b858bddee55582bc8a34dae.wav
[90mvm [39m[33mwarn[39m No storage module present; cannot load costume asset:  26f999095ef03b066951985cf07f596f.svg
[90mvm [39m[33mwarn[39m No storage module present; cannot load sound asset:  83a9787d4cb6f3b7632b4ddfebf74367.wav
[90mvm [39m[33mwarn[39m No storage module present; cannot load costume asset:  14e46ec3e2ba471c2adfe8f119052307.svg
[90mvm [39m[33mwarn[39m No storage module present; cannot load costume asset:  cd21514d0531fdffb22204e0ec5ed84a.svg
[90mvm [39m[33mwarn[39m No storage module present; cannot load costume asset:  cd21514d0531fdffb22204e0ec5ed84a.svg
[90mvm [39m[33mwarn[39m No storage module present; cannot load costume asset:  c3e796fc17b422fca0d7a74e0c250410.svg
[90mvm [39m[33mwarn[39m No storage module present; cannot load sound asset:  d73eec8340f36c59f06f3a16a7fc52e6.wav
[90mvm [39m[33mwarn[39m No storage module present; cannot load costume asset:  bafc73be10b34c239fbd409c1418f32c.svg
[90mvm [39m[33mwarn[39m No storage module present; cannot load sound asset:  a810e368291b9c39e5bca884ee89ef48.wav
[90mvm [39m[33mwarn[39m No storage module present; cannot load sound asset:  4d34cc82d710140c9abcf93bb96a1ddf.wav
[90mvm [39m[33mwarn[39m No storage module present; cannot load sound asset:  b29a51d951eb0f3158de679e6095de4b.wav
[90mvm [39m[33mwarn[39m No storage module present; cannot load sound asset:  2a8eda60417cc8a6dc3f9420ccf4bba7.wav
[90mvm [39m[33mwarn[39m No storage module present; cannot load sound asset:  57a7f8feaea9f3928087dd5ca5d988ba.wav
[90mvm [39m[33mwarn[39m No storage module present; cannot load sound asset:  82ab5343fff1e98ce5d0f512617faa08.wav
[90mvm [39m[33mwarn[39m Central dispatch replacing existing service provider for extension_0_text2speech
[36mℹ[0m  Sequence: Boot_then_Playing
[31m✘[0m  Sequence "Boot_then_Playing" crashed: window is not defined
[90m───────────────────────────────────────────────────────[0m
[90mvm [39m[33mwarn[39m Central dispatch replacing existing service provider for runtime
[90mvm [39m[33mwarn[39m Central dispatch replacing existing service provider for extensions
⚠  Uncaught error escaped the VM step loop (likely an unsupported extension in headless mode): window is not defined
[90mvm [39m[33mwarn[39m No storage module present; cannot load costume asset:  bb679df5f363efbf0afe27dc9b90a83b.svg
[90mvm [39m[33mwarn[39m No storage module present; cannot load sound asset:  c5edfc991455629d6c9efa4235bdb1b4.mp3
[90mvm [39m[33mwarn[39m No storage module present; cannot load costume asset:  257abdc852bd12c6fbd1ef3b12736739.svg
[90mvm [39m[33mwarn[39m No storage module present; cannot load sound asset:  83a9787d4cb6f3b7632b4ddfebf74367.wav
[90mvm [39m[33mwarn[39m No storage module present; cannot load costume asset:  1806dd9867ca8ed5842bc495f08d4e03.svg
[90mvm [39m[33mwarn[39m No storage module present; cannot load costume asset:  9af27a7ad39ec41b7cbfda3622d08a1a.svg
[90mvm [39m[33mwarn[39m No storage module present; cannot load costume asset:  9af27a7ad39ec41b7cbfda3622d08a1a.svg
[90mvm [39m[33mwarn[39m No storage module present; cannot load costume asset:  9af27a7ad39ec41b7cbfda3622d08a1a.svg
[90mvm [39m[33mwarn[39m No storage module present; cannot load costume asset:  9af27a7ad39ec41b7cbfda3622d08a1a.svg
[90mvm [39m[33mwarn[39m No storage module present; cannot load costume asset:  1481d16d3819203cfe4853a38571f5e5.svg
[90mvm [39m[33mwarn[39m No storage module present; cannot load sound asset:  83a9787d4cb6f3b7632b4ddfebf74367.wav
[90mvm [39m[33mwarn[39m No storage module present; cannot load costume asset:  1806dd9867ca8ed5842bc495f08d4e03.svg
[90mvm [39m[33mwarn[39m No storage module present; cannot load costume asset:  9af27a7ad39ec41b7cbfda3622d08a1a.svg
[90mvm [39m[33mwarn[39m No storage module present; cannot load costume asset:  9af27a7ad39ec41b7cbfda3622d08a1a.svg
[90mvm [39m[33mwarn[39m No storage module present; cannot load costume asset:  9af27a7ad39ec41b7cbfda3622d08a1a.svg
[90mvm [39m[33mwarn[39m No storage module present; cannot load costume asset:  9af27a7ad39ec41b7cbfda3622d08a1a.svg
[90mvm [39m[33mwarn[39m No storage module present; cannot load costume asset:  9af27a7ad39ec41b7cbfda3622d08a1a.svg
[90mvm [39m[33mwarn[39m No storage module present; cannot load sound asset:  83a9787d4cb6f3b7632b4ddfebf74367.wav
[90mvm [39m[33mwarn[39m No storage module present; cannot load costume asset:  66d90887fd3bb1eb289a9e739c6f7143.svg
[90mvm [39m[33mwarn[39m No storage module present; cannot load sound asset:  83a9787d4cb6f3b7632b4ddfebf74367.wav
[90mvm [39m[33mwarn[39m No storage module present; cannot load costume asset:  e55ab54aaec87085a3f43192ba537e91.svg
[90mvm [39m[33mwarn[39m No storage module present; cannot load costume asset:  5aa1aeddd5c7069abd3ad0fb58f78ab6.svg
[90mvm [39m[33mwarn[39m No storage module present; cannot load costume asset:  42f733825da371c2dddab0f1b2ebc8a5.svg
[90mvm [39m[33mwarn[39m No storage module present; cannot load costume asset:  6d49a4a69aca34a85dc2ebf080aba80b.svg
[90mvm [39m[33mwarn[39m No storage module present; cannot load costume asset:  39dff0f6408602c585bd15bb4673babe.svg
[90mvm [39m[33mwarn[39m No storage module present; cannot load costume asset:  a130250b8d09a3f24fd0dcb9588ba163.svg
[90mvm [39m[33mwarn[39m No storage module present; cannot load costume asset:  141415ca70fbc4de5dee86ddd4facef3.svg
[90mvm [39m[33mwarn[39m No storage module present; cannot load sound asset:  83a9787d4cb6f3b7632b4ddfebf74367.wav
[90mvm [39m[33mwarn[39m No storage module present; cannot load costume asset:  730f14b00eb18673424dddbde7c6cc60.svg
[90mvm [39m[33mwarn[39m No storage module present; cannot load costume asset:  80f19b08826e3a245847c271f85fdf7a.svg
[90mvm [39m[33mwarn[39m No storage module present; cannot load costume asset:  cd42d2933f4560d2863288bc25e29308.svg
[90mvm [39m[33mwarn[39m No storage module present; cannot load costume asset:  cfec5d13aa3cc143da88f05123996f29.svg
[90mvm [39m[33mwarn[39m No storage module present; cannot load costume asset:  5e41c5216842f7d9d0d0b24f4ed883e4.svg
[90mvm [39m[33mwarn[39m No storage module present; cannot load costume asset:  326e33a975e6aa3a88df8a68722d6969.svg
[90mvm [39m[33mwarn[39m No storage module present; cannot load costume asset:  cd21514d0531fdffb22204e0ec5ed84a.svg
[90mvm [39m[33mwarn[39m No storage module present; cannot load sound asset:  83a9787d4cb6f3b7632b4ddfebf74367.wav
[90mvm [39m[33mwarn[39m No storage module present; cannot load costume asset:  3190e19ec950c03524f334f4f7b59c22.svg
[90mvm [39m[33mwarn[39m No storage module present; cannot load costume asset:  3190e19ec950c03524f334f4f7b59c22.svg
[90mvm [39m[33mwarn[39m No storage module present; cannot load costume asset:  44969ac5db326523031100333b57ad2a.svg
[90mvm [39m[33mwarn[39m No storage module present; cannot load costume asset:  b000d54e0677c079ced010e8ce566457.svg
[90mvm [39m[33mwarn[39m No storage module present; cannot load costume asset:  204effd510cefd9146ffda5fc0e5873a.svg
[90mvm [39m[33mwarn[39m No storage module present; cannot load costume asset:  3190e19ec950c03524f334f4f7b59c22.svg
[90mvm [39m[33mwarn[39m No storage module present; cannot load costume asset:  d5d8b5a89137518394ab1b7a0be88516.svg
[90mvm [39m[33mwarn[39m No storage module present; cannot load sound asset:  83a9787d4cb6f3b7632b4ddfebf74367.wav
[90mvm [39m[33mwarn[39m No storage module present; cannot load costume asset:  3dc803b43a68906d55665764e8a2828b.svg
[90mvm [39m[33mwarn[39m No storage module present; cannot load costume asset:  e1648c34cf76a661fac4dc3f8e2a2585.svg
[90mvm [39m[33mwarn[39m No storage module present; cannot load costume asset:  42bbe94a62f2337945b2a1616fbe618e.svg
[90mvm [39m[33mwarn[39m No storage module present; cannot load costume asset:  07a871b49fa10ba0e7c14189228a5569.svg
[90mvm [39m[33mwarn[39m No storage module present; cannot load costume asset:  e88197b44787e0fb6191888431dd9210.svg
[90mvm [39m[33mwarn[39m No storage module present; cannot load costume asset:  4ea816360a514e379cee1cac0b072810.svg
[90mvm [39m[33mwarn[39m No storage module present; cannot load sound asset:  f79507a0a0f892e6414a6072604e03f5.wav
[90mvm [39m[33mwarn[39m No storage module present; cannot load sound asset:  7b4ca478bae63fbb1aa4219553e0138f.wav
[90mvm [39m[33mwarn[39m No storage module present; cannot load sound asset:  b85de9b910842dacd099696616247678.wav
[90mvm [39m[33mwarn[39m No storage module present; cannot load sound asset:  3b7afd1ac0ea6155699b6eceaf484b72.wav
[90mvm [39m[33mwarn[39m No storage module present; cannot load sound asset:  b179c32f2b858bddee55582bc8a34dae.wav
[90mvm [39m[33mwarn[39m No storage module present; cannot load costume asset:  26f999095ef03b066951985cf07f596f.svg
[90mvm [39m[33mwarn[39m No storage module present; cannot load sound asset:  83a9787d4cb6f3b7632b4ddfebf74367.wav
[90mvm [39m[33mwarn[39m No storage module present; cannot load costume asset:  14e46ec3e2ba471c2adfe8f119052307.svg
[90mvm [39m[33mwarn[39m No storage module present; cannot load costume asset:  cd21514d0531fdffb22204e0ec5ed84a.svg
[90mvm [39m[33mwarn[39m No storage module present; cannot load costume asset:  cd21514d0531fdffb22204e0ec5ed84a.svg
[90mvm [39m[33mwarn[39m No storage module present; cannot load costume asset:  c3e796fc17b422fca0d7a74e0c250410.svg
[90mvm [39m[33mwarn[39m No storage module present; cannot load sound asset:  d73eec8340f36c59f06f3a16a7fc52e6.wav
[90mvm [39m[33mwarn[39m No storage module present; cannot load costume asset:  bafc73be10b34c239fbd409c1418f32c.svg
[90mvm [39m[33mwarn[39m No storage module present; cannot load sound asset:  a810e368291b9c39e5bca884ee89ef48.wav
[90mvm [39m[33mwarn[39m No storage module present; cannot load sound asset:  4d34cc82d710140c9abcf93bb96a1ddf.wav
[90mvm [39m[33mwarn[39m No storage module present; cannot load sound asset:  b29a51d951eb0f3158de679e6095de4b.wav
[90mvm [39m[33mwarn[39m No storage module present; cannot load sound asset:  2a8eda60417cc8a6dc3f9420ccf4bba7.wav
[90mvm [39m[33mwarn[39m No storage module present; cannot load sound asset:  57a7f8feaea9f3928087dd5ca5d988ba.wav
[90mvm [39m[33mwarn[39m No storage module present; cannot load sound asset:  82ab5343fff1e98ce5d0f512617faa08.wav
[90mvm [39m[33mwarn[39m No storage module present; cannot load costume asset:  bb679df5f363efbf0afe27dc9b90a83b.svg
[90mvm [39m[33mwarn[39m No storage module present; cannot load sound asset:  c5edfc991455629d6c9efa4235bdb1b4.mp3
[90mvm [39m[33mwarn[39m No storage module present; cannot load costume asset:  257abdc852bd12c6fbd1ef3b12736739.svg
[90mvm [39m[33mwarn[39m No storage module present; cannot load sound asset:  83a9787d4cb6f3b7632b4ddfebf74367.wav
[90mvm [39m[33mwarn[39m No storage module present; cannot load costume asset:  1806dd9867ca8ed5842bc495f08d4e03.svg
[90mvm [39m[33mwarn[39m No storage module present; cannot load costume asset:  9af27a7ad39ec41b7cbfda3622d08a1a.svg
[90mvm [39m[33mwarn[39m No storage module present; cannot load costume asset:  9af27a7ad39ec41b7cbfda3622d08a1a.svg
[90mvm [39m[33mwarn[39m No storage module present; cannot load costume asset:  9af27a7ad39ec41b7cbfda3622d08a1a.svg
[90mvm [39m[33mwarn[39m No storage module present; cannot load costume asset:  9af27a7ad39ec41b7cbfda3622d08a1a.svg
[90mvm [39m[33mwarn[39m No storage module present; cannot load costume asset:  1481d16d3819203cfe4853a38571f5e5.svg
[90mvm [39m[33mwarn[39m No storage module present; cannot load sound asset:  83a9787d4cb6f3b7632b4ddfebf74367.wav
[90mvm [39m[33mwarn[39m No storage module present; cannot load costume asset:  1806dd9867ca8ed5842bc495f08d4e03.svg
[90mvm [39m[33mwarn[39m No storage module present; cannot load costume asset:  9af27a7ad39ec41b7cbfda3622d08a1a.svg
[90mvm [39m[33mwarn[39m No storage module present; cannot load costume asset:  9af27a7ad39ec41b7cbfda3622d08a1a.svg
[90mvm [39m[33mwarn[39m No storage module present; cannot load costume asset:  9af27a7ad39ec41b7cbfda3622d08a1a.svg
[90mvm [39m[33mwarn[39m No storage module present; cannot load costume asset:  9af27a7ad39ec41b7cbfda3622d08a1a.svg
[90mvm [39m[33mwarn[39m No storage module present; cannot load costume asset:  9af27a7ad39ec41b7cbfda3622d08a1a.svg
[90mvm [39m[33mwarn[39m No storage module present; cannot load sound asset:  83a9787d4cb6f3b7632b4ddfebf74367.wav
[90mvm [39m[33mwarn[39m No storage module present; cannot load costume asset:  66d90887fd3bb1eb289a9e739c6f7143.svg
[90mvm [39m[33mwarn[39m No storage module present; cannot load sound asset:  83a9787d4cb6f3b7632b4ddfebf74367.wav
[90mvm [39m[33mwarn[39m No storage module present; cannot load costume asset:  e55ab54aaec87085a3f43192ba537e91.svg
[90mvm [39m[33mwarn[39m No storage module present; cannot load costume asset:  5aa1aeddd5c7069abd3ad0fb58f78ab6.svg
[90mvm [39m[33mwarn[39m No storage module present; cannot load costume asset:  42f733825da371c2dddab0f1b2ebc8a5.svg
[90mvm [39m[33mwarn[39m No storage module present; cannot load costume asset:  6d49a4a69aca34a85dc2ebf080aba80b.svg
[90mvm [39m[33mwarn[39m No storage module present; cannot load costume asset:  39dff0f6408602c585bd15bb4673babe.svg
[90mvm [39m[33mwarn[39m No storage module present; cannot load costume asset:  a130250b8d09a3f24fd0dcb9588ba163.svg
[90mvm [39m[33mwarn[39m No storage module present; cannot load costume asset:  141415ca70fbc4de5dee86ddd4facef3.svg
[90mvm [39m[33mwarn[39m No storage module present; cannot load sound asset:  83a9787d4cb6f3b7632b4ddfebf74367.wav
[90mvm [39m[33mwarn[39m No storage module present; cannot load costume asset:  730f14b00eb18673424dddbde7c6cc60.svg
[90mvm [39m[33mwarn[39m No storage module present; cannot load costume asset:  80f19b08826e3a245847c271f85fdf7a.svg
[90mvm [39m[33mwarn[39m No storage module present; cannot load costume asset:  cd42d2933f4560d2863288bc25e29308.svg
[90mvm [39m[33mwarn[39m No storage module present; cannot load costume asset:  cfec5d13aa3cc143da88f05123996f29.svg
[90mvm [39m[33mwarn[39m No storage module present; cannot load costume asset:  5e41c5216842f7d9d0d0b24f4ed883e4.svg
[90mvm [39m[33mwarn[39m No storage module present; cannot load costume asset:  326e33a975e6aa3a88df8a68722d6969.svg
[90mvm [39m[33mwarn[39m No storage module present; cannot load costume asset:  cd21514d0531fdffb22204e0ec5ed84a.svg
[90mvm [39m[33mwarn[39m No storage module present; cannot load sound asset:  83a9787d4cb6f3b7632b4ddfebf74367.wav
[90mvm [39m[33mwarn[39m No storage module present; cannot load costume asset:  3190e19ec950c03524f334f4f7b59c22.svg
[90mvm [39m[33mwarn[39m No storage module present; cannot load costume asset:  3190e19ec950c03524f334f4f7b59c22.svg
[90mvm [39m[33mwarn[39m No storage module present; cannot load costume asset:  44969ac5db326523031100333b57ad2a.svg
[90mvm [39m[33mwarn[39m No storage module present; cannot load costume asset:  b000d54e0677c079ced010e8ce566457.svg
[90mvm [39m[33mwarn[39m No storage module present; cannot load costume asset:  204effd510cefd9146ffda5fc0e5873a.svg
[90mvm [39m[33mwarn[39m No storage module present; cannot load costume asset:  3190e19ec950c03524f334f4f7b59c22.svg
[90mvm [39m[33mwarn[39m No storage module present; cannot load costume asset:  d5d8b5a89137518394ab1b7a0be88516.svg
[90mvm [39m[33mwarn[39m No storage module present; cannot load sound asset:  83a9787d4cb6f3b7632b4ddfebf74367.wav
[90mvm [39m[33mwarn[39m No storage module present; cannot load costume asset:  3dc803b43a68906d55665764e8a2828b.svg
[90mvm [39m[33mwarn[39m No storage module present; cannot load costume asset:  e1648c34cf76a661fac4dc3f8e2a2585.svg
[90mvm [39m[33mwarn[39m No storage module present; cannot load costume asset:  42bbe94a62f2337945b2a1616fbe618e.svg
[90mvm [39m[33mwarn[39m No storage module present; cannot load costume asset:  07a871b49fa10ba0e7c14189228a5569.svg
[90mvm [39m[33mwarn[39m No storage module present; cannot load costume asset:  e88197b44787e0fb6191888431dd9210.svg
[90mvm [39m[33mwarn[39m No storage module present; cannot load costume asset:  4ea816360a514e379cee1cac0b072810.svg
[90mvm [39m[33mwarn[39m No storage module present; cannot load sound asset:  f79507a0a0f892e6414a6072604e03f5.wav
[90mvm [39m[33mwarn[39m No storage module present; cannot load sound asset:  7b4ca478bae63fbb1aa4219553e0138f.wav
[90mvm [39m[33mwarn[39m No storage module present; cannot load sound asset:  b85de9b910842dacd099696616247678.wav
[90mvm [39m[33mwarn[39m No storage module present; cannot load sound asset:  3b7afd1ac0ea6155699b6eceaf484b72.wav
[90mvm [39m[33mwarn[39m No storage module present; cannot load sound asset:  b179c32f2b858bddee55582bc8a34dae.wav
[90mvm [39m[33mwarn[39m No storage module present; cannot load costume asset:  26f999095ef03b066951985cf07f596f.svg
[90mvm [39m[33mwarn[39m No storage module present; cannot load sound asset:  83a9787d4cb6f3b7632b4ddfebf74367.wav
[90mvm [39m[33mwarn[39m No storage module present; cannot load costume asset:  14e46ec3e2ba471c2adfe8f119052307.svg
[90mvm [39m[33mwarn[39m No storage module present; cannot load costume asset:  cd21514d0531fdffb22204e0ec5ed84a.svg
[90mvm [39m[33mwarn[39m No storage module present; cannot load costume asset:  cd21514d0531fdffb22204e0ec5ed84a.svg
[90mvm [39m[33mwarn[39m No storage module present; cannot load costume asset:  c3e796fc17b422fca0d7a74e0c250410.svg
[90mvm [39m[33mwarn[39m No storage module present; cannot load sound asset:  d73eec8340f36c59f06f3a16a7fc52e6.wav
[90mvm [39m[33mwarn[39m No storage module present; cannot load costume asset:  bafc73be10b34c239fbd409c1418f32c.svg
[90mvm [39m[33mwarn[39m No storage module present; cannot load sound asset:  a810e368291b9c39e5bca884ee89ef48.wav
[90mvm [39m[33mwarn[39m No storage module present; cannot load sound asset:  4d34cc82d710140c9abcf93bb96a1ddf.wav
[90mvm [39m[33mwarn[39m No storage module present; cannot load sound asset:  b29a51d951eb0f3158de679e6095de4b.wav
[90mvm [39m[33mwarn[39m No storage module present; cannot load sound asset:  2a8eda60417cc8a6dc3f9420ccf4bba7.wav
[90mvm [39m[33mwarn[39m No storage module present; cannot load sound asset:  57a7f8feaea9f3928087dd5ca5d988ba.wav
[90mvm [39m[33mwarn[39m No storage module present; cannot load sound asset:  82ab5343fff1e98ce5d0f512617faa08.wav
[90mvm [39m[33mwarn[39m Central dispatch replacing existing service provider for extension_0_text2speech
[36mℹ[0m  Sequence: Playing_Hold_Left
[31m✘[0m  Sequence "Playing_Hold_Left" crashed: window is not defined
[90m───────────────────────────────────────────────────────[0m
[90mvm [39m[33mwarn[39m Central dispatch replacing existing service provider for runtime
[90mvm [39m[33mwarn[39m Central dispatch replacing existing service provider for extensions
[90mvm [39m[33mwarn[39m No storage module present; cannot load costume asset:  bb679df5f363efbf0afe27dc9b90a83b.svg
[90mvm [39m[33mwarn[39m No storage module present; cannot load sound asset:  c5edfc991455629d6c9efa4235bdb1b4.mp3
[90mvm [39m[33mwarn[39m No storage module present; cannot load costume asset:  257abdc852bd12c6fbd1ef3b12736739.svg
[90mvm [39m[33mwarn[39m No storage module present; cannot load sound asset:  83a9787d4cb6f3b7632b4ddfebf74367.wav
[90mvm [39m[33mwarn[39m No storage module present; cannot load costume asset:  1806dd9867ca8ed5842bc495f08d4e03.svg
[90mvm [39m[33mwarn[39m No storage module present; cannot load costume asset:  9af27a7ad39ec41b7cbfda3622d08a1a.svg
[90mvm [39m[33mwarn[39m No storage module present; cannot load costume asset:  9af27a7ad39ec41b7cbfda3622d08a1a.svg
[90mvm [39m[33mwarn[39m No storage module present; cannot load costume asset:  9af27a7ad39ec41b7cbfda3622d08a1a.svg
[90mvm [39m[33mwarn[39m No storage module present; cannot load costume asset:  9af27a7ad39ec41b7cbfda3622d08a1a.svg
[90mvm [39m[33mwarn[39m No storage module present; cannot load costume asset:  1481d16d3819203cfe4853a38571f5e5.svg
[90mvm [39m[33mwarn[39m No storage module present; cannot load sound asset:  83a9787d4cb6f3b7632b4ddfebf74367.wav
[90mvm [39m[33mwarn[39m No storage module present; cannot load costume asset:  1806dd9867ca8ed5842bc495f08d4e03.svg
[90mvm [39m[33mwarn[39m No storage module present; cannot load costume asset:  9af27a7ad39ec41b7cbfda3622d08a1a.svg
[90mvm [39m[33mwarn[39m No storage module present; cannot load costume asset:  9af27a7ad39ec41b7cbfda3622d08a1a.svg
[90mvm [39m[33mwarn[39m No storage module present; cannot load costume asset:  9af27a7ad39ec41b7cbfda3622d08a1a.svg
[90mvm [39m[33mwarn[39m No storage module present; cannot load costume asset:  9af27a7ad39ec41b7cbfda3622d08a1a.svg
[90mvm [39m[33mwarn[39m No storage module present; cannot load costume asset:  9af27a7ad39ec41b7cbfda3622d08a1a.svg
[90mvm [39m[33mwarn[39m No storage module present; cannot load sound asset:  83a9787d4cb6f3b7632b4ddfebf74367.wav
[90mvm [39m[33mwarn[39m No storage module present; cannot load costume asset:  66d90887fd3bb1eb289a9e739c6f7143.svg
[90mvm [39m[33mwarn[39m No storage module present; cannot load sound asset:  83a9787d4cb6f3b7632b4ddfebf74367.wav
[90mvm [39m[33mwarn[39m No storage module present; cannot load costume asset:  e55ab54aaec87085a3f43192ba537e91.svg
[90mvm [39m[33mwarn[39m No storage module present; cannot load costume asset:  5aa1aeddd5c7069abd3ad0fb58f78ab6.svg
[90mvm [39m[33mwarn[39m No storage module present; cannot load costume asset:  42f733825da371c2dddab0f1b2ebc8a5.svg
[90mvm [39m[33mwarn[39m No storage module present; cannot load costume asset:  6d49a4a69aca34a85dc2ebf080aba80b.svg
[90mvm [39m[33mwarn[39m No storage module present; cannot load costume asset:  39dff0f6408602c585bd15bb4673babe.svg
[90mvm [39m[33mwarn[39m No storage module present; cannot load costume asset:  a130250b8d09a3f24fd0dcb9588ba163.svg
[90mvm [39m[33mwarn[39m No storage module present; cannot load costume asset:  141415ca70fbc4de5dee86ddd4facef3.svg
[90mvm [39m[33mwarn[39m No storage module present; cannot load sound asset:  83a9787d4cb6f3b7632b4ddfebf74367.wav
[90mvm [39m[33mwarn[39m No storage module present; cannot load costume asset:  730f14b00eb18673424dddbde7c6cc60.svg
[90mvm [39m[33mwarn[39m No storage module present; cannot load costume asset:  80f19b08826e3a245847c271f85fdf7a.svg
[90mvm [39m[33mwarn[39m No storage module present; cannot load costume asset:  cd42d2933f4560d2863288bc25e29308.svg
[90mvm [39m[33mwarn[39m No storage module present; cannot load costume asset:  cfec5d13aa3cc143da88f05123996f29.svg
[90mvm [39m[33mwarn[39m No storage module present; cannot load costume asset:  5e41c5216842f7d9d0d0b24f4ed883e4.svg
[90mvm [39m[33mwarn[39m No storage module present; cannot load costume asset:  326e33a975e6aa3a88df8a68722d6969.svg
[90mvm [39m[33mwarn[39m No storage module present; cannot load costume asset:  cd21514d0531fdffb22204e0ec5ed84a.svg
[90mvm [39m[33mwarn[39m No storage module present; cannot load sound asset:  83a9787d4cb6f3b7632b4ddfebf74367.wav
[90mvm [39m[33mwarn[39m No storage module present; cannot load costume asset:  3190e19ec950c03524f334f4f7b59c22.svg
[90mvm [39m[33mwarn[39m No storage module present; cannot load costume asset:  3190e19ec950c03524f334f4f7b59c22.svg
[90mvm [39m[33mwarn[39m No storage module present; cannot load costume asset:  44969ac5db326523031100333b57ad2a.svg
[90mvm [39m[33mwarn[39m No storage module present; cannot load costume asset:  b000d54e0677c079ced010e8ce566457.svg
[90mvm [39m[33mwarn[39m No storage module present; cannot load costume asset:  204effd510cefd9146ffda5fc0e5873a.svg
[90mvm [39m[33mwarn[39m No storage module present; cannot load costume asset:  3190e19ec950c03524f334f4f7b59c22.svg
[90mvm [39m[33mwarn[39m No storage module present; cannot load costume asset:  d5d8b5a89137518394ab1b7a0be88516.svg
[90mvm [39m[33mwarn[39m No storage module present; cannot load sound asset:  83a9787d4cb6f3b7632b4ddfebf74367.wav
[90mvm [39m[33mwarn[39m No storage module present; cannot load costume asset:  3dc803b43a68906d55665764e8a2828b.svg
[90mvm [39m[33mwarn[39m No storage module present; cannot load costume asset:  e1648c34cf76a661fac4dc3f8e2a2585.svg
[90mvm [39m[33mwarn[39m No storage module present; cannot load costume asset:  42bbe94a62f2337945b2a1616fbe618e.svg
[90mvm [39m[33mwarn[39m No storage module present; cannot load costume asset:  07a871b49fa10ba0e7c14189228a5569.svg
[90mvm [39m[33mwarn[39m No storage module present; cannot load costume asset:  e88197b44787e0fb6191888431dd9210.svg
[90mvm [39m[33mwarn[39m No storage module present; cannot load costume asset:  4ea816360a514e379cee1cac0b072810.svg
[90mvm [39m[33mwarn[39m No storage module present; cannot load sound asset:  f79507a0a0f892e6414a6072604e03f5.wav
[90mvm [39m[33mwarn[39m No storage module present; cannot load sound asset:  7b4ca478bae63fbb1aa4219553e0138f.wav
[90mvm [39m[33mwarn[39m No storage module present; cannot load sound asset:  b85de9b910842dacd099696616247678.wav
[90mvm [39m[33mwarn[39m No storage module present; cannot load sound asset:  3b7afd1ac0ea6155699b6eceaf484b72.wav
[90mvm [39m[33mwarn[39m No storage module present; cannot load sound asset:  b179c32f2b858bddee55582bc8a34dae.wav
[90mvm [39m[33mwarn[39m No storage module present; cannot load costume asset:  26f999095ef03b066951985cf07f596f.svg
[90mvm [39m[33mwarn[39m No storage module present; cannot load sound asset:  83a9787d4cb6f3b7632b4ddfebf74367.wav
[90mvm [39m[33mwarn[39m No storage module present; cannot load costume asset:  14e46ec3e2ba471c2adfe8f119052307.svg
[90mvm [39m[33mwarn[39m No storage module present; cannot load costume asset:  cd21514d0531fdffb22204e0ec5ed84a.svg
[90mvm [39m[33mwarn[39m No storage module present; cannot load costume asset:  cd21514d0531fdffb22204e0ec5ed84a.svg
[90mvm [39m[33mwarn[39m No storage module present; cannot load costume asset:  c3e796fc17b422fca0d7a74e0c250410.svg
[90mvm [39m[33mwarn[39m No storage module present; cannot load sound asset:  d73eec8340f36c59f06f3a16a7fc52e6.wav
[90mvm [39m[33mwarn[39m No storage module present; cannot load costume asset:  bafc73be10b34c239fbd409c1418f32c.svg
[90mvm [39m[33mwarn[39m No storage module present; cannot load sound asset:  a810e368291b9c39e5bca884ee89ef48.wav
[90mvm [39m[33mwarn[39m No storage module present; cannot load sound asset:  4d34cc82d710140c9abcf93bb96a1ddf.wav
[90mvm [39m[33mwarn[39m No storage module present; cannot load sound asset:  b29a51d951eb0f3158de679e6095de4b.wav
[90mvm [39m[33mwarn[39m No storage module present; cannot load sound asset:  2a8eda60417cc8a6dc3f9420ccf4bba7.wav
[90mvm [39m[33mwarn[39m No storage module present; cannot load sound asset:  57a7f8feaea9f3928087dd5ca5d988ba.wav
[90mvm [39m[33mwarn[39m No storage module present; cannot load sound asset:  82ab5343fff1e98ce5d0f512617faa08.wav
[90mvm [39m[33mwarn[39m No storage module present; cannot load costume asset:  bb679df5f363efbf0afe27dc9b90a83b.svg
[90mvm [39m[33mwarn[39m No storage module present; cannot load sound asset:  c5edfc991455629d6c9efa4235bdb1b4.mp3
[90mvm [39m[33mwarn[39m No storage module present; cannot load costume asset:  257abdc852bd12c6fbd1ef3b12736739.svg
[90mvm [39m[33mwarn[39m No storage module present; cannot load sound asset:  83a9787d4cb6f3b7632b4ddfebf74367.wav
[90mvm [39m[33mwarn[39m No storage module present; cannot load costume asset:  1806dd9867ca8ed5842bc495f08d4e03.svg
[90mvm [39m[33mwarn[39m No storage module present; cannot load costume asset:  9af27a7ad39ec41b7cbfda3622d08a1a.svg
[90mvm [39m[33mwarn[39m No storage module present; cannot load costume asset:  9af27a7ad39ec41b7cbfda3622d08a1a.svg
[90mvm [39m[33mwarn[39m No storage module present; cannot load costume asset:  9af27a7ad39ec41b7cbfda3622d08a1a.svg
[90mvm [39m[33mwarn[39m No storage module present; cannot load costume asset:  9af27a7ad39ec41b7cbfda3622d08a1a.svg
[90mvm [39m[33mwarn[39m No storage module present; cannot load costume asset:  1481d16d3819203cfe4853a38571f5e5.svg
[90mvm [39m[33mwarn[39m No storage module present; cannot load sound asset:  83a9787d4cb6f3b7632b4ddfebf74367.wav
[90mvm [39m[33mwarn[39m No storage module present; cannot load costume asset:  1806dd9867ca8ed5842bc495f08d4e03.svg
[90mvm [39m[33mwarn[39m No storage module present; cannot load costume asset:  9af27a7ad39ec41b7cbfda3622d08a1a.svg
[90mvm [39m[33mwarn[39m No storage module present; cannot load costume asset:  9af27a7ad39ec41b7cbfda3622d08a1a.svg
[90mvm [39m[33mwarn[39m No storage module present; cannot load costume asset:  9af27a7ad39ec41b7cbfda3622d08a1a.svg
[90mvm [39m[33mwarn[39m No storage module present; cannot load costume asset:  9af27a7ad39ec41b7cbfda3622d08a1a.svg
[90mvm [39m[33mwarn[39m No storage module present; cannot load costume asset:  9af27a7ad39ec41b7cbfda3622d08a1a.svg
[90mvm [39m[33mwarn[39m No storage module present; cannot load sound asset:  83a9787d4cb6f3b7632b4ddfebf74367.wav
[90mvm [39m[33mwarn[39m No storage module present; cannot load costume asset:  66d90887fd3bb1eb289a9e739c6f7143.svg
[90mvm [39m[33mwarn[39m No storage module present; cannot load sound asset:  83a9787d4cb6f3b7632b4ddfebf74367.wav
[90mvm [39m[33mwarn[39m No storage module present; cannot load costume asset:  e55ab54aaec87085a3f43192ba537e91.svg
[90mvm [39m[33mwarn[39m No storage module present; cannot load costume asset:  5aa1aeddd5c7069abd3ad0fb58f78ab6.svg
[90mvm [39m[33mwarn[39m No storage module present; cannot load costume asset:  42f733825da371c2dddab0f1b2ebc8a5.svg
[90mvm [39m[33mwarn[39m No storage module present; cannot load costume asset:  6d49a4a69aca34a85dc2ebf080aba80b.svg
[90mvm [39m[33mwarn[39m No storage module present; cannot load costume asset:  39dff0f6408602c585bd15bb4673babe.svg
[90mvm [39m[33mwarn[39m No storage module present; cannot load costume asset:  a130250b8d09a3f24fd0dcb9588ba163.svg
[90mvm [39m[33mwarn[39m No storage module present; cannot load costume asset:  141415ca70fbc4de5dee86ddd4facef3.svg
[90mvm [39m[33mwarn[39m No storage module present; cannot load sound asset:  83a9787d4cb6f3b7632b4ddfebf74367.wav
[90mvm [39m[33mwarn[39m No storage module present; cannot load costume asset:  730f14b00eb18673424dddbde7c6cc60.svg
[90mvm [39m[33mwarn[39m No storage module present; cannot load costume asset:  80f19b08826e3a245847c271f85fdf7a.svg
[90mvm [39m[33mwarn[39m No storage module present; cannot load costume asset:  cd42d2933f4560d2863288bc25e29308.svg
[90mvm [39m[33mwarn[39m No storage module present; cannot load costume asset:  cfec5d13aa3cc143da88f05123996f29.svg
[90mvm [39m[33mwarn[39m No storage module present; cannot load costume asset:  5e41c5216842f7d9d0d0b24f4ed883e4.svg
[90mvm [39m[33mwarn[39m No storage module present; cannot load costume asset:  326e33a975e6aa3a88df8a68722d6969.svg
[90mvm [39m[33mwarn[39m No storage module present; cannot load costume asset:  cd21514d0531fdffb22204e0ec5ed84a.svg
[90mvm [39m[33mwarn[39m No storage module present; cannot load sound asset:  83a9787d4cb6f3b7632b4ddfebf74367.wav
[90mvm [39m[33mwarn[39m No storage module present; cannot load costume asset:  3190e19ec950c03524f334f4f7b59c22.svg
[90mvm [39m[33mwarn[39m No storage module present; cannot load costume asset:  3190e19ec950c03524f334f4f7b59c22.svg
[90mvm [39m[33mwarn[39m No storage module present; cannot load costume asset:  44969ac5db326523031100333b57ad2a.svg
[90mvm [39m[33mwarn[39m No storage module present; cannot load costume asset:  b000d54e0677c079ced010e8ce566457.svg
[90mvm [39m[33mwarn[39m No storage module present; cannot load costume asset:  204effd510cefd9146ffda5fc0e5873a.svg
[90mvm [39m[33mwarn[39m No storage module present; cannot load costume asset:  3190e19ec950c03524f334f4f7b59c22.svg
[90mvm [39m[33mwarn[39m No storage module present; cannot load costume asset:  d5d8b5a89137518394ab1b7a0be88516.svg
[90mvm [39m[33mwarn[39m No storage module present; cannot load sound asset:  83a9787d4cb6f3b7632b4ddfebf74367.wav
[90mvm [39m[33mwarn[39m No storage module present; cannot load costume asset:  3dc803b43a68906d55665764e8a2828b.svg
[90mvm [39m[33mwarn[39m No storage module present; cannot load costume asset:  e1648c34cf76a661fac4dc3f8e2a2585.svg
[90mvm [39m[33mwarn[39m No storage module present; cannot load costume asset:  42bbe94a62f2337945b2a1616fbe618e.svg
[90mvm [39m[33mwarn[39m No storage module present; cannot load costume asset:  07a871b49fa10ba0e7c14189228a5569.svg
[90mvm [39m[33mwarn[39m No storage module present; cannot load costume asset:  e88197b44787e0fb6191888431dd9210.svg
[90mvm [39m[33mwarn[39m No storage module present; cannot load costume asset:  4ea816360a514e379cee1cac0b072810.svg
[90mvm [39m[33mwarn[39m No storage module present; cannot load sound asset:  f79507a0a0f892e6414a6072604e03f5.wav
[90mvm [39m[33mwarn[39m No storage module present; cannot load sound asset:  7b4ca478bae63fbb1aa4219553e0138f.wav
[90mvm [39m[33mwarn[39m No storage module present; cannot load sound asset:  b85de9b910842dacd099696616247678.wav
[90mvm [39m[33mwarn[39m No storage module present; cannot load sound asset:  3b7afd1ac0ea6155699b6eceaf484b72.wav
[90mvm [39m[33mwarn[39m No storage module present; cannot load sound asset:  b179c32f2b858bddee55582bc8a34dae.wav
[90mvm [39m[33mwarn[39m No storage module present; cannot load costume asset:  26f999095ef03b066951985cf07f596f.svg
[90mvm [39m[33mwarn[39m No storage module present; cannot load sound asset:  83a9787d4cb6f3b7632b4ddfebf74367.wav
[90mvm [39m[33mwarn[39m No storage module present; cannot load costume asset:  14e46ec3e2ba471c2adfe8f119052307.svg
[90mvm [39m[33mwarn[39m No storage module present; cannot load costume asset:  cd21514d0531fdffb22204e0ec5ed84a.svg
[90mvm [39m[33mwarn[39m No storage module present; cannot load costume asset:  cd21514d0531fdffb22204e0ec5ed84a.svg
[90mvm [39m[33mwarn[39m No storage module present; cannot load costume asset:  c3e796fc17b422fca0d7a74e0c250410.svg
[90mvm [39m[33mwarn[39m No storage module present; cannot load sound asset:  d73eec8340f36c59f06f3a16a7fc52e6.wav
[90mvm [39m[33mwarn[39m No storage module present; cannot load costume asset:  bafc73be10b34c239fbd409c1418f32c.svg
[90mvm [39m[33mwarn[39m No storage module present; cannot load sound asset:  a810e368291b9c39e5bca884ee89ef48.wav
[90mvm [39m[33mwarn[39m No storage module present; cannot load sound asset:  4d34cc82d710140c9abcf93bb96a1ddf.wav
[90mvm [39m[33mwarn[39m No storage module present; cannot load sound asset:  b29a51d951eb0f3158de679e6095de4b.wav
[90mvm [39m[33mwarn[39m No storage module present; cannot load sound asset:  2a8eda60417cc8a6dc3f9420ccf4bba7.wav
[90mvm [39m[33mwarn[39m No storage module present; cannot load sound asset:  57a7f8feaea9f3928087dd5ca5d988ba.wav
[90mvm [39m[33mwarn[39m No storage module present; cannot load sound asset:  82ab5343fff1e98ce5d0f512617faa08.wav
[90mvm [39m[33mwarn[39m Central dispatch replacing existing service provider for extension_0_text2speech
[36mℹ[0m  Sequence: Playing_Hold_Right
[31m✘[0m  Sequence "Playing_Hold_Right" crashed: window is not defined
[90m───────────────────────────────────────────────────────[0m
[90mvm [39m[33mwarn[39m Central dispatch replacing existing service provider for runtime
[90mvm [39m[33mwarn[39m Central dispatch replacing existing service provider for extensions
[90mvm [39m[33mwarn[39m No storage module present; cannot load costume asset:  bb679df5f363efbf0afe27dc9b90a83b.svg
[90mvm [39m[33mwarn[39m No storage module present; cannot load sound asset:  c5edfc991455629d6c9efa4235bdb1b4.mp3
[90mvm [39m[33mwarn[39m No storage module present; cannot load costume asset:  257abdc852bd12c6fbd1ef3b12736739.svg
[90mvm [39m[33mwarn[39m No storage module present; cannot load sound asset:  83a9787d4cb6f3b7632b4ddfebf74367.wav
[90mvm [39m[33mwarn[39m No storage module present; cannot load costume asset:  1806dd9867ca8ed5842bc495f08d4e03.svg
[90mvm [39m[33mwarn[39m No storage module present; cannot load costume asset:  9af27a7ad39ec41b7cbfda3622d08a1a.svg
[90mvm [39m[33mwarn[39m No storage module present; cannot load costume asset:  9af27a7ad39ec41b7cbfda3622d08a1a.svg
[90mvm [39m[33mwarn[39m No storage module present; cannot load costume asset:  9af27a7ad39ec41b7cbfda3622d08a1a.svg
[90mvm [39m[33mwarn[39m No storage module present; cannot load costume asset:  9af27a7ad39ec41b7cbfda3622d08a1a.svg
[90mvm [39m[33mwarn[39m No storage module present; cannot load costume asset:  1481d16d3819203cfe4853a38571f5e5.svg
[90mvm [39m[33mwarn[39m No storage module present; cannot load sound asset:  83a9787d4cb6f3b7632b4ddfebf74367.wav
[90mvm [39m[33mwarn[39m No storage module present; cannot load costume asset:  1806dd9867ca8ed5842bc495f08d4e03.svg
[90mvm [39m[33mwarn[39m No storage module present; cannot load costume asset:  9af27a7ad39ec41b7cbfda3622d08a1a.svg
[90mvm [39m[33mwarn[39m No storage module present; cannot load costume asset:  9af27a7ad39ec41b7cbfda3622d08a1a.svg
[90mvm [39m[33mwarn[39m No storage module present; cannot load costume asset:  9af27a7ad39ec41b7cbfda3622d08a1a.svg
[90mvm [39m[33mwarn[39m No storage module present; cannot load costume asset:  9af27a7ad39ec41b7cbfda3622d08a1a.svg
[90mvm [39m[33mwarn[39m No storage module present; cannot load costume asset:  9af27a7ad39ec41b7cbfda3622d08a1a.svg
[90mvm [39m[33mwarn[39m No storage module present; cannot load sound asset:  83a9787d4cb6f3b7632b4ddfebf74367.wav
[90mvm [39m[33mwarn[39m No storage module present; cannot load costume asset:  66d90887fd3bb1eb289a9e739c6f7143.svg
[90mvm [39m[33mwarn[39m No storage module present; cannot load sound asset:  83a9787d4cb6f3b7632b4ddfebf74367.wav
[90mvm [39m[33mwarn[39m No storage module present; cannot load costume asset:  e55ab54aaec87085a3f43192ba537e91.svg
[90mvm [39m[33mwarn[39m No storage module present; cannot load costume asset:  5aa1aeddd5c7069abd3ad0fb58f78ab6.svg
[90mvm [39m[33mwarn[39m No storage module present; cannot load costume asset:  42f733825da371c2dddab0f1b2ebc8a5.svg
[90mvm [39m[33mwarn[39m No storage module present; cannot load costume asset:  6d49a4a69aca34a85dc2ebf080aba80b.svg
[90mvm [39m[33mwarn[39m No storage module present; cannot load costume asset:  39dff0f6408602c585bd15bb4673babe.svg
[90mvm [39m[33mwarn[39m No storage module present; cannot load costume asset:  a130250b8d09a3f24fd0dcb9588ba163.svg
[90mvm [39m[33mwarn[39m No storage module present; cannot load costume asset:  141415ca70fbc4de5dee86ddd4facef3.svg
[90mvm [39m[33mwarn[39m No storage module present; cannot load sound asset:  83a9787d4cb6f3b7632b4ddfebf74367.wav
[90mvm [39m[33mwarn[39m No storage module present; cannot load costume asset:  730f14b00eb18673424dddbde7c6cc60.svg
[90mvm [39m[33mwarn[39m No storage module present; cannot load costume asset:  80f19b08826e3a245847c271f85fdf7a.svg
[90mvm [39m[33mwarn[39m No storage module present; cannot load costume asset:  cd42d2933f4560d2863288bc25e29308.svg
[90mvm [39m[33mwarn[39m No storage module present; cannot load costume asset:  cfec5d13aa3cc143da88f05123996f29.svg
[90mvm [39m[33mwarn[39m No storage module present; cannot load costume asset:  5e41c5216842f7d9d0d0b24f4ed883e4.svg
[90mvm [39m[33mwarn[39m No storage module present; cannot load costume asset:  326e33a975e6aa3a88df8a68722d6969.svg
[90mvm [39m[33mwarn[39m No storage module present; cannot load costume asset:  cd21514d0531fdffb22204e0ec5ed84a.svg
[90mvm [39m[33mwarn[39m No storage module present; cannot load sound asset:  83a9787d4cb6f3b7632b4ddfebf74367.wav
[90mvm [39m[33mwarn[39m No storage module present; cannot load costume asset:  3190e19ec950c03524f334f4f7b59c22.svg
[90mvm [39m[33mwarn[39m No storage module present; cannot load costume asset:  3190e19ec950c03524f334f4f7b59c22.svg
[90mvm [39m[33mwarn[39m No storage module present; cannot load costume asset:  44969ac5db326523031100333b57ad2a.svg
[90mvm [39m[33mwarn[39m No storage module present; cannot load costume asset:  b000d54e0677c079ced010e8ce566457.svg
[90mvm [39m[33mwarn[39m No storage module present; cannot load costume asset:  204effd510cefd9146ffda5fc0e5873a.svg
[90mvm [39m[33mwarn[39m No storage module present; cannot load costume asset:  3190e19ec950c03524f334f4f7b59c22.svg
[90mvm [39m[33mwarn[39m No storage module present; cannot load costume asset:  d5d8b5a89137518394ab1b7a0be88516.svg
[90mvm [39m[33mwarn[39m No storage module present; cannot load sound asset:  83a9787d4cb6f3b7632b4ddfebf74367.wav
[90mvm [39m[33mwarn[39m No storage module present; cannot load costume asset:  3dc803b43a68906d55665764e8a2828b.svg
[90mvm [39m[33mwarn[39m No storage module present; cannot load costume asset:  e1648c34cf76a661fac4dc3f8e2a2585.svg
[90mvm [39m[33mwarn[39m No storage module present; cannot load costume asset:  42bbe94a62f2337945b2a1616fbe618e.svg
[90mvm [39m[33mwarn[39m No storage module present; cannot load costume asset:  07a871b49fa10ba0e7c14189228a5569.svg
[90mvm [39m[33mwarn[39m No storage module present; cannot load costume asset:  e88197b44787e0fb6191888431dd9210.svg
[90mvm [39m[33mwarn[39m No storage module present; cannot load costume asset:  4ea816360a514e379cee1cac0b072810.svg
[90mvm [39m[33mwarn[39m No storage module present; cannot load sound asset:  f79507a0a0f892e6414a6072604e03f5.wav
[90mvm [39m[33mwarn[39m No storage module present; cannot load sound asset:  7b4ca478bae63fbb1aa4219553e0138f.wav
[90mvm [39m[33mwarn[39m No storage module present; cannot load sound asset:  b85de9b910842dacd099696616247678.wav
[90mvm [39m[33mwarn[39m No storage module present; cannot load sound asset:  3b7afd1ac0ea6155699b6eceaf484b72.wav
[90mvm [39m[33mwarn[39m No storage module present; cannot load sound asset:  b179c32f2b858bddee55582bc8a34dae.wav
[90mvm [39m[33mwarn[39m No storage module present; cannot load costume asset:  26f999095ef03b066951985cf07f596f.svg
[90mvm [39m[33mwarn[39m No storage module present; cannot load sound asset:  83a9787d4cb6f3b7632b4ddfebf74367.wav
[90mvm [39m[33mwarn[39m No storage module present; cannot load costume asset:  14e46ec3e2ba471c2adfe8f119052307.svg
[90mvm [39m[33mwarn[39m No storage module present; cannot load costume asset:  cd21514d0531fdffb22204e0ec5ed84a.svg
[90mvm [39m[33mwarn[39m No storage module present; cannot load costume asset:  cd21514d0531fdffb22204e0ec5ed84a.svg
[90mvm [39m[33mwarn[39m No storage module present; cannot load costume asset:  c3e796fc17b422fca0d7a74e0c250410.svg
[90mvm [39m[33mwarn[39m No storage module present; cannot load sound asset:  d73eec8340f36c59f06f3a16a7fc52e6.wav
[90mvm [39m[33mwarn[39m No storage module present; cannot load costume asset:  bafc73be10b34c239fbd409c1418f32c.svg
[90mvm [39m[33mwarn[39m No storage module present; cannot load sound asset:  a810e368291b9c39e5bca884ee89ef48.wav
[90mvm [39m[33mwarn[39m No storage module present; cannot load sound asset:  4d34cc82d710140c9abcf93bb96a1ddf.wav
[90mvm [39m[33mwarn[39m No storage module present; cannot load sound asset:  b29a51d951eb0f3158de679e6095de4b.wav
[90mvm [39m[33mwarn[39m No storage module present; cannot load sound asset:  2a8eda60417cc8a6dc3f9420ccf4bba7.wav
[90mvm [39m[33mwarn[39m No storage module present; cannot load sound asset:  57a7f8feaea9f3928087dd5ca5d988ba.wav
[90mvm [39m[33mwarn[39m No storage module present; cannot load sound asset:  82ab5343fff1e98ce5d0f512617faa08.wav
[90mvm [39m[33mwarn[39m No storage module present; cannot load costume asset:  bb679df5f363efbf0afe27dc9b90a83b.svg
[90mvm [39m[33mwarn[39m No storage module present; cannot load sound asset:  c5edfc991455629d6c9efa4235bdb1b4.mp3
[90mvm [39m[33mwarn[39m No storage module present; cannot load costume asset:  257abdc852bd12c6fbd1ef3b12736739.svg
[90mvm [39m[33mwarn[39m No storage module present; cannot load sound asset:  83a9787d4cb6f3b7632b4ddfebf74367.wav
[90mvm [39m[33mwarn[39m No storage module present; cannot load costume asset:  1806dd9867ca8ed5842bc495f08d4e03.svg
[90mvm [39m[33mwarn[39m No storage module present; cannot load costume asset:  9af27a7ad39ec41b7cbfda3622d08a1a.svg
[90mvm [39m[33mwarn[39m No storage module present; cannot load costume asset:  9af27a7ad39ec41b7cbfda3622d08a1a.svg
[90mvm [39m[33mwarn[39m No storage module present; cannot load costume asset:  9af27a7ad39ec41b7cbfda3622d08a1a.svg
[90mvm [39m[33mwarn[39m No storage module present; cannot load costume asset:  9af27a7ad39ec41b7cbfda3622d08a1a.svg
[90mvm [39m[33mwarn[39m No storage module present; cannot load costume asset:  1481d16d3819203cfe4853a38571f5e5.svg
[90mvm [39m[33mwarn[39m No storage module present; cannot load sound asset:  83a9787d4cb6f3b7632b4ddfebf74367.wav
[90mvm [39m[33mwarn[39m No storage module present; cannot load costume asset:  1806dd9867ca8ed5842bc495f08d4e03.svg
[90mvm [39m[33mwarn[39m No storage module present; cannot load costume asset:  9af27a7ad39ec41b7cbfda3622d08a1a.svg
[90mvm [39m[33mwarn[39m No storage module present; cannot load costume asset:  9af27a7ad39ec41b7cbfda3622d08a1a.svg
[90mvm [39m[33mwarn[39m No storage module present; cannot load costume asset:  9af27a7ad39ec41b7cbfda3622d08a1a.svg
[90mvm [39m[33mwarn[39m No storage module present; cannot load costume asset:  9af27a7ad39ec41b7cbfda3622d08a1a.svg
[90mvm [39m[33mwarn[39m No storage module present; cannot load costume asset:  9af27a7ad39ec41b7cbfda3622d08a1a.svg
[90mvm [39m[33mwarn[39m No storage module present; cannot load sound asset:  83a9787d4cb6f3b7632b4ddfebf74367.wav
[90mvm [39m[33mwarn[39m No storage module present; cannot load costume asset:  66d90887fd3bb1eb289a9e739c6f7143.svg
[90mvm [39m[33mwarn[39m No storage module present; cannot load sound asset:  83a9787d4cb6f3b7632b4ddfebf74367.wav
[90mvm [39m[33mwarn[39m No storage module present; cannot load costume asset:  e55ab54aaec87085a3f43192ba537e91.svg
[90mvm [39m[33mwarn[39m No storage module present; cannot load costume asset:  5aa1aeddd5c7069abd3ad0fb58f78ab6.svg
[90mvm [39m[33mwarn[39m No storage module present; cannot load costume asset:  42f733825da371c2dddab0f1b2ebc8a5.svg
[90mvm [39m[33mwarn[39m No storage module present; cannot load costume asset:  6d49a4a69aca34a85dc2ebf080aba80b.svg
[90mvm [39m[33mwarn[39m No storage module present; cannot load costume asset:  39dff0f6408602c585bd15bb4673babe.svg
[90mvm [39m[33mwarn[39m No storage module present; cannot load costume asset:  a130250b8d09a3f24fd0dcb9588ba163.svg
[90mvm [39m[33mwarn[39m No storage module present; cannot load costume asset:  141415ca70fbc4de5dee86ddd4facef3.svg
[90mvm [39m[33mwarn[39m No storage module present; cannot load sound asset:  83a9787d4cb6f3b7632b4ddfebf74367.wav
[90mvm [39m[33mwarn[39m No storage module present; cannot load costume asset:  730f14b00eb18673424dddbde7c6cc60.svg
[90mvm [39m[33mwarn[39m No storage module present; cannot load costume asset:  80f19b08826e3a245847c271f85fdf7a.svg
[90mvm [39m[33mwarn[39m No storage module present; cannot load costume asset:  cd42d2933f4560d2863288bc25e29308.svg
[90mvm [39m[33mwarn[39m No storage module present; cannot load costume asset:  cfec5d13aa3cc143da88f05123996f29.svg
[90mvm [39m[33mwarn[39m No storage module present; cannot load costume asset:  5e41c5216842f7d9d0d0b24f4ed883e4.svg
[90mvm [39m[33mwarn[39m No storage module present; cannot load costume asset:  326e33a975e6aa3a88df8a68722d6969.svg
[90mvm [39m[33mwarn[39m No storage module present; cannot load costume asset:  cd21514d0531fdffb22204e0ec5ed84a.svg
[90mvm [39m[33mwarn[39m No storage module present; cannot load sound asset:  83a9787d4cb6f3b7632b4ddfebf74367.wav
[90mvm [39m[33mwarn[39m No storage module present; cannot load costume asset:  3190e19ec950c03524f334f4f7b59c22.svg
[90mvm [39m[33mwarn[39m No storage module present; cannot load costume asset:  3190e19ec950c03524f334f4f7b59c22.svg
[90mvm [39m[33mwarn[39m No storage module present; cannot load costume asset:  44969ac5db326523031100333b57ad2a.svg
[90mvm [39m[33mwarn[39m No storage module present; cannot load costume asset:  b000d54e0677c079ced010e8ce566457.svg
[90mvm [39m[33mwarn[39m No storage module present; cannot load costume asset:  204effd510cefd9146ffda5fc0e5873a.svg
[90mvm [39m[33mwarn[39m No storage module present; cannot load costume asset:  3190e19ec950c03524f334f4f7b59c22.svg
[90mvm [39m[33mwarn[39m No storage module present; cannot load costume asset:  d5d8b5a89137518394ab1b7a0be88516.svg
[90mvm [39m[33mwarn[39m No storage module present; cannot load sound asset:  83a9787d4cb6f3b7632b4ddfebf74367.wav
[90mvm [39m[33mwarn[39m No storage module present; cannot load costume asset:  3dc803b43a68906d55665764e8a2828b.svg
[90mvm [39m[33mwarn[39m No storage module present; cannot load costume asset:  e1648c34cf76a661fac4dc3f8e2a2585.svg
[90mvm [39m[33mwarn[39m No storage module present; cannot load costume asset:  42bbe94a62f2337945b2a1616fbe618e.svg
[90mvm [39m[33mwarn[39m No storage module present; cannot load costume asset:  07a871b49fa10ba0e7c14189228a5569.svg
[90mvm [39m[33mwarn[39m No storage module present; cannot load costume asset:  e88197b44787e0fb6191888431dd9210.svg
[90mvm [39m[33mwarn[39m No storage module present; cannot load costume asset:  4ea816360a514e379cee1cac0b072810.svg
[90mvm [39m[33mwarn[39m No storage module present; cannot load sound asset:  f79507a0a0f892e6414a6072604e03f5.wav
[90mvm [39m[33mwarn[39m No storage module present; cannot load sound asset:  7b4ca478bae63fbb1aa4219553e0138f.wav
[90mvm [39m[33mwarn[39m No storage module present; cannot load sound asset:  b85de9b910842dacd099696616247678.wav
[90mvm [39m[33mwarn[39m No storage module present; cannot load sound asset:  3b7afd1ac0ea6155699b6eceaf484b72.wav
[90mvm [39m[33mwarn[39m No storage module present; cannot load sound asset:  b179c32f2b858bddee55582bc8a34dae.wav
[90mvm [39m[33mwarn[39m No storage module present; cannot load costume asset:  26f999095ef03b066951985cf07f596f.svg
[90mvm [39m[33mwarn[39m No storage module present; cannot load sound asset:  83a9787d4cb6f3b7632b4ddfebf74367.wav
[90mvm [39m[33mwarn[39m No storage module present; cannot load costume asset:  14e46ec3e2ba471c2adfe8f119052307.svg
[90mvm [39m[33mwarn[39m No storage module present; cannot load costume asset:  cd21514d0531fdffb22204e0ec5ed84a.svg
[90mvm [39m[33mwarn[39m No storage module present; cannot load costume asset:  cd21514d0531fdffb22204e0ec5ed84a.svg
[90mvm [39m[33mwarn[39m No storage module present; cannot load costume asset:  c3e796fc17b422fca0d7a74e0c250410.svg
[90mvm [39m[33mwarn[39m No storage module present; cannot load sound asset:  d73eec8340f36c59f06f3a16a7fc52e6.wav
[90mvm [39m[33mwarn[39m No storage module present; cannot load costume asset:  bafc73be10b34c239fbd409c1418f32c.svg
[90mvm [39m[33mwarn[39m No storage module present; cannot load sound asset:  a810e368291b9c39e5bca884ee89ef48.wav
[90mvm [39m[33mwarn[39m No storage module present; cannot load sound asset:  4d34cc82d710140c9abcf93bb96a1ddf.wav
[90mvm [39m[33mwarn[39m No storage module present; cannot load sound asset:  b29a51d951eb0f3158de679e6095de4b.wav
[90mvm [39m[33mwarn[39m No storage module present; cannot load sound asset:  2a8eda60417cc8a6dc3f9420ccf4bba7.wav
[90mvm [39m[33mwarn[39m No storage module present; cannot load sound asset:  57a7f8feaea9f3928087dd5ca5d988ba.wav
[90mvm [39m[33mwarn[39m No storage module present; cannot load sound asset:  82ab5343fff1e98ce5d0f512617faa08.wav
[90mvm [39m[33mwarn[39m Central dispatch replacing existing service provider for extension_0_text2speech
[36mℹ[0m  Sequence: Playing_Hold_Up
[31m✘[0m  Sequence "Playing_Hold_Up" crashed: window is not defined
[90m───────────────────────────────────────────────────────[0m
[90mvm [39m[33mwarn[39m Central dispatch replacing existing service provider for runtime
[90mvm [39m[33mwarn[39m Central dispatch replacing existing service provider for extensions
[90mvm [39m[33mwarn[39m No storage module present; cannot load costume asset:  bb679df5f363efbf0afe27dc9b90a83b.svg
[90mvm [39m[33mwarn[39m No storage module present; cannot load sound asset:  c5edfc991455629d6c9efa4235bdb1b4.mp3
[90mvm [39m[33mwarn[39m No storage module present; cannot load costume asset:  257abdc852bd12c6fbd1ef3b12736739.svg
[90mvm [39m[33mwarn[39m No storage module present; cannot load sound asset:  83a9787d4cb6f3b7632b4ddfebf74367.wav
[90mvm [39m[33mwarn[39m No storage module present; cannot load costume asset:  1806dd9867ca8ed5842bc495f08d4e03.svg
[90mvm [39m[33mwarn[39m No storage module present; cannot load costume asset:  9af27a7ad39ec41b7cbfda3622d08a1a.svg
[90mvm [39m[33mwarn[39m No storage module present; cannot load costume asset:  9af27a7ad39ec41b7cbfda3622d08a1a.svg
[90mvm [39m[33mwarn[39m No storage module present; cannot load costume asset:  9af27a7ad39ec41b7cbfda3622d08a1a.svg
[90mvm [39m[33mwarn[39m No storage module present; cannot load costume asset:  9af27a7ad39ec41b7cbfda3622d08a1a.svg
[90mvm [39m[33mwarn[39m No storage module present; cannot load costume asset:  1481d16d3819203cfe4853a38571f5e5.svg
[90mvm [39m[33mwarn[39m No storage module present; cannot load sound asset:  83a9787d4cb6f3b7632b4ddfebf74367.wav
[90mvm [39m[33mwarn[39m No storage module present; cannot load costume asset:  1806dd9867ca8ed5842bc495f08d4e03.svg
[90mvm [39m[33mwarn[39m No storage module present; cannot load costume asset:  9af27a7ad39ec41b7cbfda3622d08a1a.svg
[90mvm [39m[33mwarn[39m No storage module present; cannot load costume asset:  9af27a7ad39ec41b7cbfda3622d08a1a.svg
[90mvm [39m[33mwarn[39m No storage module present; cannot load costume asset:  9af27a7ad39ec41b7cbfda3622d08a1a.svg
[90mvm [39m[33mwarn[39m No storage module present; cannot load costume asset:  9af27a7ad39ec41b7cbfda3622d08a1a.svg
[90mvm [39m[33mwarn[39m No storage module present; cannot load costume asset:  9af27a7ad39ec41b7cbfda3622d08a1a.svg
[90mvm [39m[33mwarn[39m No storage module present; cannot load sound asset:  83a9787d4cb6f3b7632b4ddfebf74367.wav
[90mvm [39m[33mwarn[39m No storage module present; cannot load costume asset:  66d90887fd3bb1eb289a9e739c6f7143.svg
[90mvm [39m[33mwarn[39m No storage module present; cannot load sound asset:  83a9787d4cb6f3b7632b4ddfebf74367.wav
[90mvm [39m[33mwarn[39m No storage module present; cannot load costume asset:  e55ab54aaec87085a3f43192ba537e91.svg
[90mvm [39m[33mwarn[39m No storage module present; cannot load costume asset:  5aa1aeddd5c7069abd3ad0fb58f78ab6.svg
[90mvm [39m[33mwarn[39m No storage module present; cannot load costume asset:  42f733825da371c2dddab0f1b2ebc8a5.svg
[90mvm [39m[33mwarn[39m No storage module present; cannot load costume asset:  6d49a4a69aca34a85dc2ebf080aba80b.svg
[90mvm [39m[33mwarn[39m No storage module present; cannot load costume asset:  39dff0f6408602c585bd15bb4673babe.svg
[90mvm [39m[33mwarn[39m No storage module present; cannot load costume asset:  a130250b8d09a3f24fd0dcb9588ba163.svg
[90mvm [39m[33mwarn[39m No storage module present; cannot load costume asset:  141415ca70fbc4de5dee86ddd4facef3.svg
[90mvm [39m[33mwarn[39m No storage module present; cannot load sound asset:  83a9787d4cb6f3b7632b4ddfebf74367.wav
[90mvm [39m[33mwarn[39m No storage module present; cannot load costume asset:  730f14b00eb18673424dddbde7c6cc60.svg
[90mvm [39m[33mwarn[39m No storage module present; cannot load costume asset:  80f19b08826e3a245847c271f85fdf7a.svg
[90mvm [39m[33mwarn[39m No storage module present; cannot load costume asset:  cd42d2933f4560d2863288bc25e29308.svg
[90mvm [39m[33mwarn[39m No storage module present; cannot load costume asset:  cfec5d13aa3cc143da88f05123996f29.svg
[90mvm [39m[33mwarn[39m No storage module present; cannot load costume asset:  5e41c5216842f7d9d0d0b24f4ed883e4.svg
[90mvm [39m[33mwarn[39m No storage module present; cannot load costume asset:  326e33a975e6aa3a88df8a68722d6969.svg
[90mvm [39m[33mwarn[39m No storage module present; cannot load costume asset:  cd21514d0531fdffb22204e0ec5ed84a.svg
[90mvm [39m[33mwarn[39m No storage module present; cannot load sound asset:  83a9787d4cb6f3b7632b4ddfebf74367.wav
[90mvm [39m[33mwarn[39m No storage module present; cannot load costume asset:  3190e19ec950c03524f334f4f7b59c22.svg
[90mvm [39m[33mwarn[39m No storage module present; cannot load costume asset:  3190e19ec950c03524f334f4f7b59c22.svg
[90mvm [39m[33mwarn[39m No storage module present; cannot load costume asset:  44969ac5db326523031100333b57ad2a.svg
[90mvm [39m[33mwarn[39m No storage module present; cannot load costume asset:  b000d54e0677c079ced010e8ce566457.svg
[90mvm [39m[33mwarn[39m No storage module present; cannot load costume asset:  204effd510cefd9146ffda5fc0e5873a.svg
[90mvm [39m[33mwarn[39m No storage module present; cannot load costume asset:  3190e19ec950c03524f334f4f7b59c22.svg
[90mvm [39m[33mwarn[39m No storage module present; cannot load costume asset:  d5d8b5a89137518394ab1b7a0be88516.svg
[90mvm [39m[33mwarn[39m No storage module present; cannot load sound asset:  83a9787d4cb6f3b7632b4ddfebf74367.wav
[90mvm [39m[33mwarn[39m No storage module present; cannot load costume asset:  3dc803b43a68906d55665764e8a2828b.svg
[90mvm [39m[33mwarn[39m No storage module present; cannot load costume asset:  e1648c34cf76a661fac4dc3f8e2a2585.svg
[90mvm [39m[33mwarn[39m No storage module present; cannot load costume asset:  42bbe94a62f2337945b2a1616fbe618e.svg
[90mvm [39m[33mwarn[39m No storage module present; cannot load costume asset:  07a871b49fa10ba0e7c14189228a5569.svg
[90mvm [39m[33mwarn[39m No storage module present; cannot load costume asset:  e88197b44787e0fb6191888431dd9210.svg
[90mvm [39m[33mwarn[39m No storage module present; cannot load costume asset:  4ea816360a514e379cee1cac0b072810.svg
[90mvm [39m[33mwarn[39m No storage module present; cannot load sound asset:  f79507a0a0f892e6414a6072604e03f5.wav
[90mvm [39m[33mwarn[39m No storage module present; cannot load sound asset:  7b4ca478bae63fbb1aa4219553e0138f.wav
[90mvm [39m[33mwarn[39m No storage module present; cannot load sound asset:  b85de9b910842dacd099696616247678.wav
[90mvm [39m[33mwarn[39m No storage module present; cannot load sound asset:  3b7afd1ac0ea6155699b6eceaf484b72.wav
[90mvm [39m[33mwarn[39m No storage module present; cannot load sound asset:  b179c32f2b858bddee55582bc8a34dae.wav
[90mvm [39m[33mwarn[39m No storage module present; cannot load costume asset:  26f999095ef03b066951985cf07f596f.svg
[90mvm [39m[33mwarn[39m No storage module present; cannot load sound asset:  83a9787d4cb6f3b7632b4ddfebf74367.wav
[90mvm [39m[33mwarn[39m No storage module present; cannot load costume asset:  14e46ec3e2ba471c2adfe8f119052307.svg
[90mvm [39m[33mwarn[39m No storage module present; cannot load costume asset:  cd21514d0531fdffb22204e0ec5ed84a.svg
[90mvm [39m[33mwarn[39m No storage module present; cannot load costume asset:  cd21514d0531fdffb22204e0ec5ed84a.svg
[90mvm [39m[33mwarn[39m No storage module present; cannot load costume asset:  c3e796fc17b422fca0d7a74e0c250410.svg
[90mvm [39m[33mwarn[39m No storage module present; cannot load sound asset:  d73eec8340f36c59f06f3a16a7fc52e6.wav
[90mvm [39m[33mwarn[39m No storage module present; cannot load costume asset:  bafc73be10b34c239fbd409c1418f32c.svg
[90mvm [39m[33mwarn[39m No storage module present; cannot load sound asset:  a810e368291b9c39e5bca884ee89ef48.wav
[90mvm [39m[33mwarn[39m No storage module present; cannot load sound asset:  4d34cc82d710140c9abcf93bb96a1ddf.wav
[90mvm [39m[33mwarn[39m No storage module present; cannot load sound asset:  b29a51d951eb0f3158de679e6095de4b.wav
[90mvm [39m[33mwarn[39m No storage module present; cannot load sound asset:  2a8eda60417cc8a6dc3f9420ccf4bba7.wav
[90mvm [39m[33mwarn[39m No storage module present; cannot load sound asset:  57a7f8feaea9f3928087dd5ca5d988ba.wav
[90mvm [39m[33mwarn[39m No storage module present; cannot load sound asset:  82ab5343fff1e98ce5d0f512617faa08.wav
[90mvm [39m[33mwarn[39m No storage module present; cannot load costume asset:  bb679df5f363efbf0afe27dc9b90a83b.svg
[90mvm [39m[33mwarn[39m No storage module present; cannot load sound asset:  c5edfc991455629d6c9efa4235bdb1b4.mp3
[90mvm [39m[33mwarn[39m No storage module present; cannot load costume asset:  257abdc852bd12c6fbd1ef3b12736739.svg
[90mvm [39m[33mwarn[39m No storage module present; cannot load sound asset:  83a9787d4cb6f3b7632b4ddfebf74367.wav
[90mvm [39m[33mwarn[39m No storage module present; cannot load costume asset:  1806dd9867ca8ed5842bc495f08d4e03.svg
[90mvm [39m[33mwarn[39m No storage module present; cannot load costume asset:  9af27a7ad39ec41b7cbfda3622d08a1a.svg
[90mvm [39m[33mwarn[39m No storage module present; cannot load costume asset:  9af27a7ad39ec41b7cbfda3622d08a1a.svg
[90mvm [39m[33mwarn[39m No storage module present; cannot load costume asset:  9af27a7ad39ec41b7cbfda3622d08a1a.svg
[90mvm [39m[33mwarn[39m No storage module present; cannot load costume asset:  9af27a7ad39ec41b7cbfda3622d08a1a.svg
[90mvm [39m[33mwarn[39m No storage module present; cannot load costume asset:  1481d16d3819203cfe4853a38571f5e5.svg
[90mvm [39m[33mwarn[39m No storage module present; cannot load sound asset:  83a9787d4cb6f3b7632b4ddfebf74367.wav
[90mvm [39m[33mwarn[39m No storage module present; cannot load costume asset:  1806dd9867ca8ed5842bc495f08d4e03.svg
[90mvm [39m[33mwarn[39m No storage module present; cannot load costume asset:  9af27a7ad39ec41b7cbfda3622d08a1a.svg
[90mvm [39m[33mwarn[39m No storage module present; cannot load costume asset:  9af27a7ad39ec41b7cbfda3622d08a1a.svg
[90mvm [39m[33mwarn[39m No storage module present; cannot load costume asset:  9af27a7ad39ec41b7cbfda3622d08a1a.svg
[90mvm [39m[33mwarn[39m No storage module present; cannot load costume asset:  9af27a7ad39ec41b7cbfda3622d08a1a.svg
[90mvm [39m[33mwarn[39m No storage module present; cannot load costume asset:  9af27a7ad39ec41b7cbfda3622d08a1a.svg
[90mvm [39m[33mwarn[39m No storage module present; cannot load sound asset:  83a9787d4cb6f3b7632b4ddfebf74367.wav
[90mvm [39m[33mwarn[39m No storage module present; cannot load costume asset:  66d90887fd3bb1eb289a9e739c6f7143.svg
[90mvm [39m[33mwarn[39m No storage module present; cannot load sound asset:  83a9787d4cb6f3b7632b4ddfebf74367.wav
[90mvm [39m[33mwarn[39m No storage module present; cannot load costume asset:  e55ab54aaec87085a3f43192ba537e91.svg
[90mvm [39m[33mwarn[39m No storage module present; cannot load costume asset:  5aa1aeddd5c7069abd3ad0fb58f78ab6.svg
[90mvm [39m[33mwarn[39m No storage module present; cannot load costume asset:  42f733825da371c2dddab0f1b2ebc8a5.svg
[90mvm [39m[33mwarn[39m No storage module present; cannot load costume asset:  6d49a4a69aca34a85dc2ebf080aba80b.svg
[90mvm [39m[33mwarn[39m No storage module present; cannot load costume asset:  39dff0f6408602c585bd15bb4673babe.svg
[90mvm [39m[33mwarn[39m No storage module present; cannot load costume asset:  a130250b8d09a3f24fd0dcb9588ba163.svg
[90mvm [39m[33mwarn[39m No storage module present; cannot load costume asset:  141415ca70fbc4de5dee86ddd4facef3.svg
[90mvm [39m[33mwarn[39m No storage module present; cannot load sound asset:  83a9787d4cb6f3b7632b4ddfebf74367.wav
[90mvm [39m[33mwarn[39m No storage module present; cannot load costume asset:  730f14b00eb18673424dddbde7c6cc60.svg
[90mvm [39m[33mwarn[39m No storage module present; cannot load costume asset:  80f19b08826e3a245847c271f85fdf7a.svg
[90mvm [39m[33mwarn[39m No storage module present; cannot load costume asset:  cd42d2933f4560d2863288bc25e29308.svg
[90mvm [39m[33mwarn[39m No storage module present; cannot load costume asset:  cfec5d13aa3cc143da88f05123996f29.svg
[90mvm [39m[33mwarn[39m No storage module present; cannot load costume asset:  5e41c5216842f7d9d0d0b24f4ed883e4.svg
[90mvm [39m[33mwarn[39m No storage module present; cannot load costume asset:  326e33a975e6aa3a88df8a68722d6969.svg
[90mvm [39m[33mwarn[39m No storage module present; cannot load costume asset:  cd21514d0531fdffb22204e0ec5ed84a.svg
[90mvm [39m[33mwarn[39m No storage module present; cannot load sound asset:  83a9787d4cb6f3b7632b4ddfebf74367.wav
[90mvm [39m[33mwarn[39m No storage module present; cannot load costume asset:  3190e19ec950c03524f334f4f7b59c22.svg
[90mvm [39m[33mwarn[39m No storage module present; cannot load costume asset:  3190e19ec950c03524f334f4f7b59c22.svg
[90mvm [39m[33mwarn[39m No storage module present; cannot load costume asset:  44969ac5db326523031100333b57ad2a.svg
[90mvm [39m[33mwarn[39m No storage module present; cannot load costume asset:  b000d54e0677c079ced010e8ce566457.svg
[90mvm [39m[33mwarn[39m No storage module present; cannot load costume asset:  204effd510cefd9146ffda5fc0e5873a.svg
[90mvm [39m[33mwarn[39m No storage module present; cannot load costume asset:  3190e19ec950c03524f334f4f7b59c22.svg
[90mvm [39m[33mwarn[39m No storage module present; cannot load costume asset:  d5d8b5a89137518394ab1b7a0be88516.svg
[90mvm [39m[33mwarn[39m No storage module present; cannot load sound asset:  83a9787d4cb6f3b7632b4ddfebf74367.wav
[90mvm [39m[33mwarn[39m No storage module present; cannot load costume asset:  3dc803b43a68906d55665764e8a2828b.svg
[90mvm [39m[33mwarn[39m No storage module present; cannot load costume asset:  e1648c34cf76a661fac4dc3f8e2a2585.svg
[90mvm [39m[33mwarn[39m No storage module present; cannot load costume asset:  42bbe94a62f2337945b2a1616fbe618e.svg
[90mvm [39m[33mwarn[39m No storage module present; cannot load costume asset:  07a871b49fa10ba0e7c14189228a5569.svg
[90mvm [39m[33mwarn[39m No storage module present; cannot load costume asset:  e88197b44787e0fb6191888431dd9210.svg
[90mvm [39m[33mwarn[39m No storage module present; cannot load costume asset:  4ea816360a514e379cee1cac0b072810.svg
[90mvm [39m[33mwarn[39m No storage module present; cannot load sound asset:  f79507a0a0f892e6414a6072604e03f5.wav
[90mvm [39m[33mwarn[39m No storage module present; cannot load sound asset:  7b4ca478bae63fbb1aa4219553e0138f.wav
[90mvm [39m[33mwarn[39m No storage module present; cannot load sound asset:  b85de9b910842dacd099696616247678.wav
[90mvm [39m[33mwarn[39m No storage module present; cannot load sound asset:  3b7afd1ac0ea6155699b6eceaf484b72.wav
[90mvm [39m[33mwarn[39m No storage module present; cannot load sound asset:  b179c32f2b858bddee55582bc8a34dae.wav
[90mvm [39m[33mwarn[39m No storage module present; cannot load costume asset:  26f999095ef03b066951985cf07f596f.svg
[90mvm [39m[33mwarn[39m No storage module present; cannot load sound asset:  83a9787d4cb6f3b7632b4ddfebf74367.wav
[90mvm [39m[33mwarn[39m No storage module present; cannot load costume asset:  14e46ec3e2ba471c2adfe8f119052307.svg
[90mvm [39m[33mwarn[39m No storage module present; cannot load costume asset:  cd21514d0531fdffb22204e0ec5ed84a.svg
[90mvm [39m[33mwarn[39m No storage module present; cannot load costume asset:  cd21514d0531fdffb22204e0ec5ed84a.svg
[90mvm [39m[33mwarn[39m No storage module present; cannot load costume asset:  c3e796fc17b422fca0d7a74e0c250410.svg
[90mvm [39m[33mwarn[39m No storage module present; cannot load sound asset:  d73eec8340f36c59f06f3a16a7fc52e6.wav
[90mvm [39m[33mwarn[39m No storage module present; cannot load costume asset:  bafc73be10b34c239fbd409c1418f32c.svg
[90mvm [39m[33mwarn[39m No storage module present; cannot load sound asset:  a810e368291b9c39e5bca884ee89ef48.wav
[90mvm [39m[33mwarn[39m No storage module present; cannot load sound asset:  4d34cc82d710140c9abcf93bb96a1ddf.wav
[90mvm [39m[33mwarn[39m No storage module present; cannot load sound asset:  b29a51d951eb0f3158de679e6095de4b.wav
[90mvm [39m[33mwarn[39m No storage module present; cannot load sound asset:  2a8eda60417cc8a6dc3f9420ccf4bba7.wav
[90mvm [39m[33mwarn[39m No storage module present; cannot load sound asset:  57a7f8feaea9f3928087dd5ca5d988ba.wav
[90mvm [39m[33mwarn[39m No storage module present; cannot load sound asset:  82ab5343fff1e98ce5d0f512617faa08.wav
[90mvm [39m[33mwarn[39m Central dispatch replacing existing service provider for extension_0_text2speech
[36mℹ[0m  Sequence: Playing_All_Keys
[31m✘[0m  Sequence "Playing_All_Keys" crashed: window is not defined
[90m───────────────────────────────────────────────────────[0m
[90mvm [39m[33mwarn[39m Central dispatch replacing existing service provider for runtime
[90mvm [39m[33mwarn[39m Central dispatch replacing existing service provider for extensions
[90mvm [39m[33mwarn[39m No storage module present; cannot load costume asset:  bb679df5f363efbf0afe27dc9b90a83b.svg
[90mvm [39m[33mwarn[39m No storage module present; cannot load sound asset:  c5edfc991455629d6c9efa4235bdb1b4.mp3
[90mvm [39m[33mwarn[39m No storage module present; cannot load costume asset:  257abdc852bd12c6fbd1ef3b12736739.svg
[90mvm [39m[33mwarn[39m No storage module present; cannot load sound asset:  83a9787d4cb6f3b7632b4ddfebf74367.wav
[90mvm [39m[33mwarn[39m No storage module present; cannot load costume asset:  1806dd9867ca8ed5842bc495f08d4e03.svg
[90mvm [39m[33mwarn[39m No storage module present; cannot load costume asset:  9af27a7ad39ec41b7cbfda3622d08a1a.svg
[90mvm [39m[33mwarn[39m No storage module present; cannot load costume asset:  9af27a7ad39ec41b7cbfda3622d08a1a.svg
[90mvm [39m[33mwarn[39m No storage module present; cannot load costume asset:  9af27a7ad39ec41b7cbfda3622d08a1a.svg
[90mvm [39m[33mwarn[39m No storage module present; cannot load costume asset:  9af27a7ad39ec41b7cbfda3622d08a1a.svg
[90mvm [39m[33mwarn[39m No storage module present; cannot load costume asset:  1481d16d3819203cfe4853a38571f5e5.svg
[90mvm [39m[33mwarn[39m No storage module present; cannot load sound asset:  83a9787d4cb6f3b7632b4ddfebf74367.wav
[90mvm [39m[33mwarn[39m No storage module present; cannot load costume asset:  1806dd9867ca8ed5842bc495f08d4e03.svg
[90mvm [39m[33mwarn[39m No storage module present; cannot load costume asset:  9af27a7ad39ec41b7cbfda3622d08a1a.svg
[90mvm [39m[33mwarn[39m No storage module present; cannot load costume asset:  9af27a7ad39ec41b7cbfda3622d08a1a.svg
[90mvm [39m[33mwarn[39m No storage module present; cannot load costume asset:  9af27a7ad39ec41b7cbfda3622d08a1a.svg
[90mvm [39m[33mwarn[39m No storage module present; cannot load costume asset:  9af27a7ad39ec41b7cbfda3622d08a1a.svg
[90mvm [39m[33mwarn[39m No storage module present; cannot load costume asset:  9af27a7ad39ec41b7cbfda3622d08a1a.svg
[90mvm [39m[33mwarn[39m No storage module present; cannot load sound asset:  83a9787d4cb6f3b7632b4ddfebf74367.wav
[90mvm [39m[33mwarn[39m No storage module present; cannot load costume asset:  66d90887fd3bb1eb289a9e739c6f7143.svg
[90mvm [39m[33mwarn[39m No storage module present; cannot load sound asset:  83a9787d4cb6f3b7632b4ddfebf74367.wav
[90mvm [39m[33mwarn[39m No storage module present; cannot load costume asset:  e55ab54aaec87085a3f43192ba537e91.svg
[90mvm [39m[33mwarn[39m No storage module present; cannot load costume asset:  5aa1aeddd5c7069abd3ad0fb58f78ab6.svg
[90mvm [39m[33mwarn[39m No storage module present; cannot load costume asset:  42f733825da371c2dddab0f1b2ebc8a5.svg
[90mvm [39m[33mwarn[39m No storage module present; cannot load costume asset:  6d49a4a69aca34a85dc2ebf080aba80b.svg
[90mvm [39m[33mwarn[39m No storage module present; cannot load costume asset:  39dff0f6408602c585bd15bb4673babe.svg
[90mvm [39m[33mwarn[39m No storage module present; cannot load costume asset:  a130250b8d09a3f24fd0dcb9588ba163.svg
[90mvm [39m[33mwarn[39m No storage module present; cannot load costume asset:  141415ca70fbc4de5dee86ddd4facef3.svg
[90mvm [39m[33mwarn[39m No storage module present; cannot load sound asset:  83a9787d4cb6f3b7632b4ddfebf74367.wav
[90mvm [39m[33mwarn[39m No storage module present; cannot load costume asset:  730f14b00eb18673424dddbde7c6cc60.svg
[90mvm [39m[33mwarn[39m No storage module present; cannot load costume asset:  80f19b08826e3a245847c271f85fdf7a.svg
[90mvm [39m[33mwarn[39m No storage module present; cannot load costume asset:  cd42d2933f4560d2863288bc25e29308.svg
[90mvm [39m[33mwarn[39m No storage module present; cannot load costume asset:  cfec5d13aa3cc143da88f05123996f29.svg
[90mvm [39m[33mwarn[39m No storage module present; cannot load costume asset:  5e41c5216842f7d9d0d0b24f4ed883e4.svg
[90mvm [39m[33mwarn[39m No storage module present; cannot load costume asset:  326e33a975e6aa3a88df8a68722d6969.svg
[90mvm [39m[33mwarn[39m No storage module present; cannot load costume asset:  cd21514d0531fdffb22204e0ec5ed84a.svg
[90mvm [39m[33mwarn[39m No storage module present; cannot load sound asset:  83a9787d4cb6f3b7632b4ddfebf74367.wav
[90mvm [39m[33mwarn[39m No storage module present; cannot load costume asset:  3190e19ec950c03524f334f4f7b59c22.svg
[90mvm [39m[33mwarn[39m No storage module present; cannot load costume asset:  3190e19ec950c03524f334f4f7b59c22.svg
[90mvm [39m[33mwarn[39m No storage module present; cannot load costume asset:  44969ac5db326523031100333b57ad2a.svg
[90mvm [39m[33mwarn[39m No storage module present; cannot load costume asset:  b000d54e0677c079ced010e8ce566457.svg
[90mvm [39m[33mwarn[39m No storage module present; cannot load costume asset:  204effd510cefd9146ffda5fc0e5873a.svg
[90mvm [39m[33mwarn[39m No storage module present; cannot load costume asset:  3190e19ec950c03524f334f4f7b59c22.svg
[90mvm [39m[33mwarn[39m No storage module present; cannot load costume asset:  d5d8b5a89137518394ab1b7a0be88516.svg
[90mvm [39m[33mwarn[39m No storage module present; cannot load sound asset:  83a9787d4cb6f3b7632b4ddfebf74367.wav
[90mvm [39m[33mwarn[39m No storage module present; cannot load costume asset:  3dc803b43a68906d55665764e8a2828b.svg
[90mvm [39m[33mwarn[39m No storage module present; cannot load costume asset:  e1648c34cf76a661fac4dc3f8e2a2585.svg
[90mvm [39m[33mwarn[39m No storage module present; cannot load costume asset:  42bbe94a62f2337945b2a1616fbe618e.svg
[90mvm [39m[33mwarn[39m No storage module present; cannot load costume asset:  07a871b49fa10ba0e7c14189228a5569.svg
[90mvm [39m[33mwarn[39m No storage module present; cannot load costume asset:  e88197b44787e0fb6191888431dd9210.svg
[90mvm [39m[33mwarn[39m No storage module present; cannot load costume asset:  4ea816360a514e379cee1cac0b072810.svg
[90mvm [39m[33mwarn[39m No storage module present; cannot load sound asset:  f79507a0a0f892e6414a6072604e03f5.wav
[90mvm [39m[33mwarn[39m No storage module present; cannot load sound asset:  7b4ca478bae63fbb1aa4219553e0138f.wav
[90mvm [39m[33mwarn[39m No storage module present; cannot load sound asset:  b85de9b910842dacd099696616247678.wav
[90mvm [39m[33mwarn[39m No storage module present; cannot load sound asset:  3b7afd1ac0ea6155699b6eceaf484b72.wav
[90mvm [39m[33mwarn[39m No storage module present; cannot load sound asset:  b179c32f2b858bddee55582bc8a34dae.wav
[90mvm [39m[33mwarn[39m No storage module present; cannot load costume asset:  26f999095ef03b066951985cf07f596f.svg
[90mvm [39m[33mwarn[39m No storage module present; cannot load sound asset:  83a9787d4cb6f3b7632b4ddfebf74367.wav
[90mvm [39m[33mwarn[39m No storage module present; cannot load costume asset:  14e46ec3e2ba471c2adfe8f119052307.svg
[90mvm [39m[33mwarn[39m No storage module present; cannot load costume asset:  cd21514d0531fdffb22204e0ec5ed84a.svg
[90mvm [39m[33mwarn[39m No storage module present; cannot load costume asset:  cd21514d0531fdffb22204e0ec5ed84a.svg
[90mvm [39m[33mwarn[39m No storage module present; cannot load costume asset:  c3e796fc17b422fca0d7a74e0c250410.svg
[90mvm [39m[33mwarn[39m No storage module present; cannot load sound asset:  d73eec8340f36c59f06f3a16a7fc52e6.wav
[90mvm [39m[33mwarn[39m No storage module present; cannot load costume asset:  bafc73be10b34c239fbd409c1418f32c.svg
[90mvm [39m[33mwarn[39m No storage module present; cannot load sound asset:  a810e368291b9c39e5bca884ee89ef48.wav
[90mvm [39m[33mwarn[39m No storage module present; cannot load sound asset:  4d34cc82d710140c9abcf93bb96a1ddf.wav
[90mvm [39m[33mwarn[39m No storage module present; cannot load sound asset:  b29a51d951eb0f3158de679e6095de4b.wav
[90mvm [39m[33mwarn[39m No storage module present; cannot load sound asset:  2a8eda60417cc8a6dc3f9420ccf4bba7.wav
[90mvm [39m[33mwarn[39m No storage module present; cannot load sound asset:  57a7f8feaea9f3928087dd5ca5d988ba.wav
[90mvm [39m[33mwarn[39m No storage module present; cannot load sound asset:  82ab5343fff1e98ce5d0f512617faa08.wav
[90mvm [39m[33mwarn[39m No storage module present; cannot load costume asset:  bb679df5f363efbf0afe27dc9b90a83b.svg
[90mvm [39m[33mwarn[39m No storage module present; cannot load sound asset:  c5edfc991455629d6c9efa4235bdb1b4.mp3
[90mvm [39m[33mwarn[39m No storage module present; cannot load costume asset:  257abdc852bd12c6fbd1ef3b12736739.svg
[90mvm [39m[33mwarn[39m No storage module present; cannot load sound asset:  83a9787d4cb6f3b7632b4ddfebf74367.wav
[90mvm [39m[33mwarn[39m No storage module present; cannot load costume asset:  1806dd9867ca8ed5842bc495f08d4e03.svg
[90mvm [39m[33mwarn[39m No storage module present; cannot load costume asset:  9af27a7ad39ec41b7cbfda3622d08a1a.svg
[90mvm [39m[33mwarn[39m No storage module present; cannot load costume asset:  9af27a7ad39ec41b7cbfda3622d08a1a.svg
[90mvm [39m[33mwarn[39m No storage module present; cannot load costume asset:  9af27a7ad39ec41b7cbfda3622d08a1a.svg
[90mvm [39m[33mwarn[39m No storage module present; cannot load costume asset:  9af27a7ad39ec41b7cbfda3622d08a1a.svg
[90mvm [39m[33mwarn[39m No storage module present; cannot load costume asset:  1481d16d3819203cfe4853a38571f5e5.svg
[90mvm [39m[33mwarn[39m No storage module present; cannot load sound asset:  83a9787d4cb6f3b7632b4ddfebf74367.wav
[90mvm [39m[33mwarn[39m No storage module present; cannot load costume asset:  1806dd9867ca8ed5842bc495f08d4e03.svg
[90mvm [39m[33mwarn[39m No storage module present; cannot load costume asset:  9af27a7ad39ec41b7cbfda3622d08a1a.svg
[90mvm [39m[33mwarn[39m No storage module present; cannot load costume asset:  9af27a7ad39ec41b7cbfda3622d08a1a.svg
[90mvm [39m[33mwarn[39m No storage module present; cannot load costume asset:  9af27a7ad39ec41b7cbfda3622d08a1a.svg
[90mvm [39m[33mwarn[39m No storage module present; cannot load costume asset:  9af27a7ad39ec41b7cbfda3622d08a1a.svg
[90mvm [39m[33mwarn[39m No storage module present; cannot load costume asset:  9af27a7ad39ec41b7cbfda3622d08a1a.svg
[90mvm [39m[33mwarn[39m No storage module present; cannot load sound asset:  83a9787d4cb6f3b7632b4ddfebf74367.wav
[90mvm [39m[33mwarn[39m No storage module present; cannot load costume asset:  66d90887fd3bb1eb289a9e739c6f7143.svg
[90mvm [39m[33mwarn[39m No storage module present; cannot load sound asset:  83a9787d4cb6f3b7632b4ddfebf74367.wav
[90mvm [39m[33mwarn[39m No storage module present; cannot load costume asset:  e55ab54aaec87085a3f43192ba537e91.svg
[90mvm [39m[33mwarn[39m No storage module present; cannot load costume asset:  5aa1aeddd5c7069abd3ad0fb58f78ab6.svg
[90mvm [39m[33mwarn[39m No storage module present; cannot load costume asset:  42f733825da371c2dddab0f1b2ebc8a5.svg
[90mvm [39m[33mwarn[39m No storage module present; cannot load costume asset:  6d49a4a69aca34a85dc2ebf080aba80b.svg
[90mvm [39m[33mwarn[39m No storage module present; cannot load costume asset:  39dff0f6408602c585bd15bb4673babe.svg
[90mvm [39m[33mwarn[39m No storage module present; cannot load costume asset:  a130250b8d09a3f24fd0dcb9588ba163.svg
[90mvm [39m[33mwarn[39m No storage module present; cannot load costume asset:  141415ca70fbc4de5dee86ddd4facef3.svg
[90mvm [39m[33mwarn[39m No storage module present; cannot load sound asset:  83a9787d4cb6f3b7632b4ddfebf74367.wav
[90mvm [39m[33mwarn[39m No storage module present; cannot load costume asset:  730f14b00eb18673424dddbde7c6cc60.svg
[90mvm [39m[33mwarn[39m No storage module present; cannot load costume asset:  80f19b08826e3a245847c271f85fdf7a.svg
[90mvm [39m[33mwarn[39m No storage module present; cannot load costume asset:  cd42d2933f4560d2863288bc25e29308.svg
[90mvm [39m[33mwarn[39m No storage module present; cannot load costume asset:  cfec5d13aa3cc143da88f05123996f29.svg
[90mvm [39m[33mwarn[39m No storage module present; cannot load costume asset:  5e41c5216842f7d9d0d0b24f4ed883e4.svg
[90mvm [39m[33mwarn[39m No storage module present; cannot load costume asset:  326e33a975e6aa3a88df8a68722d6969.svg
[90mvm [39m[33mwarn[39m No storage module present; cannot load costume asset:  cd21514d0531fdffb22204e0ec5ed84a.svg
[90mvm [39m[33mwarn[39m No storage module present; cannot load sound asset:  83a9787d4cb6f3b7632b4ddfebf74367.wav
[90mvm [39m[33mwarn[39m No storage module present; cannot load costume asset:  3190e19ec950c03524f334f4f7b59c22.svg
[90mvm [39m[33mwarn[39m No storage module present; cannot load costume asset:  3190e19ec950c03524f334f4f7b59c22.svg
[90mvm [39m[33mwarn[39m No storage module present; cannot load costume asset:  44969ac5db326523031100333b57ad2a.svg
[90mvm [39m[33mwarn[39m No storage module present; cannot load costume asset:  b000d54e0677c079ced010e8ce566457.svg
[90mvm [39m[33mwarn[39m No storage module present; cannot load costume asset:  204effd510cefd9146ffda5fc0e5873a.svg
[90mvm [39m[33mwarn[39m No storage module present; cannot load costume asset:  3190e19ec950c03524f334f4f7b59c22.svg
[90mvm [39m[33mwarn[39m No storage module present; cannot load costume asset:  d5d8b5a89137518394ab1b7a0be88516.svg
[90mvm [39m[33mwarn[39m No storage module present; cannot load sound asset:  83a9787d4cb6f3b7632b4ddfebf74367.wav
[90mvm [39m[33mwarn[39m No storage module present; cannot load costume asset:  3dc803b43a68906d55665764e8a2828b.svg
[90mvm [39m[33mwarn[39m No storage module present; cannot load costume asset:  e1648c34cf76a661fac4dc3f8e2a2585.svg
[90mvm [39m[33mwarn[39m No storage module present; cannot load costume asset:  42bbe94a62f2337945b2a1616fbe618e.svg
[90mvm [39m[33mwarn[39m No storage module present; cannot load costume asset:  07a871b49fa10ba0e7c14189228a5569.svg
[90mvm [39m[33mwarn[39m No storage module present; cannot load costume asset:  e88197b44787e0fb6191888431dd9210.svg
[90mvm [39m[33mwarn[39m No storage module present; cannot load costume asset:  4ea816360a514e379cee1cac0b072810.svg
[90mvm [39m[33mwarn[39m No storage module present; cannot load sound asset:  f79507a0a0f892e6414a6072604e03f5.wav
[90mvm [39m[33mwarn[39m No storage module present; cannot load sound asset:  7b4ca478bae63fbb1aa4219553e0138f.wav
[90mvm [39m[33mwarn[39m No storage module present; cannot load sound asset:  b85de9b910842dacd099696616247678.wav
[90mvm [39m[33mwarn[39m No storage module present; cannot load sound asset:  3b7afd1ac0ea6155699b6eceaf484b72.wav
[90mvm [39m[33mwarn[39m No storage module present; cannot load sound asset:  b179c32f2b858bddee55582bc8a34dae.wav
[90mvm [39m[33mwarn[39m No storage module present; cannot load costume asset:  26f999095ef03b066951985cf07f596f.svg
[90mvm [39m[33mwarn[39m No storage module present; cannot load sound asset:  83a9787d4cb6f3b7632b4ddfebf74367.wav
[90mvm [39m[33mwarn[39m No storage module present; cannot load costume asset:  14e46ec3e2ba471c2adfe8f119052307.svg
[90mvm [39m[33mwarn[39m No storage module present; cannot load costume asset:  cd21514d0531fdffb22204e0ec5ed84a.svg
[90mvm [39m[33mwarn[39m No storage module present; cannot load costume asset:  cd21514d0531fdffb22204e0ec5ed84a.svg
[90mvm [39m[33mwarn[39m No storage module present; cannot load costume asset:  c3e796fc17b422fca0d7a74e0c250410.svg
[90mvm [39m[33mwarn[39m No storage module present; cannot load sound asset:  d73eec8340f36c59f06f3a16a7fc52e6.wav
[90mvm [39m[33mwarn[39m No storage module present; cannot load costume asset:  bafc73be10b34c239fbd409c1418f32c.svg
[90mvm [39m[33mwarn[39m No storage module present; cannot load sound asset:  a810e368291b9c39e5bca884ee89ef48.wav
[90mvm [39m[33mwarn[39m No storage module present; cannot load sound asset:  4d34cc82d710140c9abcf93bb96a1ddf.wav
[90mvm [39m[33mwarn[39m No storage module present; cannot load sound asset:  b29a51d951eb0f3158de679e6095de4b.wav
[90mvm [39m[33mwarn[39m No storage module present; cannot load sound asset:  2a8eda60417cc8a6dc3f9420ccf4bba7.wav
[90mvm [39m[33mwarn[39m No storage module present; cannot load sound asset:  57a7f8feaea9f3928087dd5ca5d988ba.wav
[90mvm [39m[33mwarn[39m No storage module present; cannot load sound asset:  82ab5343fff1e98ce5d0f512617faa08.wav
[90mvm [39m[33mwarn[39m Central dispatch replacing existing service provider for extension_0_text2speech
[36mℹ[0m  Sequence: Playing_Random_600
[31m✘[0m  Sequence "Playing_Random_600" crashed: window is not defined
[90m───────────────────────────────────────────────────────[0m
[90mvm [39m[33mwarn[39m Central dispatch replacing existing service provider for runtime
[90mvm [39m[33mwarn[39m Central dispatch replacing existing service provider for extensions
[90mvm [39m[33mwarn[39m No storage module present; cannot load costume asset:  bb679df5f363efbf0afe27dc9b90a83b.svg
[90mvm [39m[33mwarn[39m No storage module present; cannot load sound asset:  c5edfc991455629d6c9efa4235bdb1b4.mp3
[90mvm [39m[33mwarn[39m No storage module present; cannot load costume asset:  257abdc852bd12c6fbd1ef3b12736739.svg
[90mvm [39m[33mwarn[39m No storage module present; cannot load sound asset:  83a9787d4cb6f3b7632b4ddfebf74367.wav
[90mvm [39m[33mwarn[39m No storage module present; cannot load costume asset:  1806dd9867ca8ed5842bc495f08d4e03.svg
[90mvm [39m[33mwarn[39m No storage module present; cannot load costume asset:  9af27a7ad39ec41b7cbfda3622d08a1a.svg
[90mvm [39m[33mwarn[39m No storage module present; cannot load costume asset:  9af27a7ad39ec41b7cbfda3622d08a1a.svg
[90mvm [39m[33mwarn[39m No storage module present; cannot load costume asset:  9af27a7ad39ec41b7cbfda3622d08a1a.svg
[90mvm [39m[33mwarn[39m No storage module present; cannot load costume asset:  9af27a7ad39ec41b7cbfda3622d08a1a.svg
[90mvm [39m[33mwarn[39m No storage module present; cannot load costume asset:  1481d16d3819203cfe4853a38571f5e5.svg
[90mvm [39m[33mwarn[39m No storage module present; cannot load sound asset:  83a9787d4cb6f3b7632b4ddfebf74367.wav
[90mvm [39m[33mwarn[39m No storage module present; cannot load costume asset:  1806dd9867ca8ed5842bc495f08d4e03.svg
[90mvm [39m[33mwarn[39m No storage module present; cannot load costume asset:  9af27a7ad39ec41b7cbfda3622d08a1a.svg
[90mvm [39m[33mwarn[39m No storage module present; cannot load costume asset:  9af27a7ad39ec41b7cbfda3622d08a1a.svg
[90mvm [39m[33mwarn[39m No storage module present; cannot load costume asset:  9af27a7ad39ec41b7cbfda3622d08a1a.svg
[90mvm [39m[33mwarn[39m No storage module present; cannot load costume asset:  9af27a7ad39ec41b7cbfda3622d08a1a.svg
[90mvm [39m[33mwarn[39m No storage module present; cannot load costume asset:  9af27a7ad39ec41b7cbfda3622d08a1a.svg
[90mvm [39m[33mwarn[39m No storage module present; cannot load sound asset:  83a9787d4cb6f3b7632b4ddfebf74367.wav
[90mvm [39m[33mwarn[39m No storage module present; cannot load costume asset:  66d90887fd3bb1eb289a9e739c6f7143.svg
[90mvm [39m[33mwarn[39m No storage module present; cannot load sound asset:  83a9787d4cb6f3b7632b4ddfebf74367.wav
[90mvm [39m[33mwarn[39m No storage module present; cannot load costume asset:  e55ab54aaec87085a3f43192ba537e91.svg
[90mvm [39m[33mwarn[39m No storage module present; cannot load costume asset:  5aa1aeddd5c7069abd3ad0fb58f78ab6.svg
[90mvm [39m[33mwarn[39m No storage module present; cannot load costume asset:  42f733825da371c2dddab0f1b2ebc8a5.svg
[90mvm [39m[33mwarn[39m No storage module present; cannot load costume asset:  6d49a4a69aca34a85dc2ebf080aba80b.svg
[90mvm [39m[33mwarn[39m No storage module present; cannot load costume asset:  39dff0f6408602c585bd15bb4673babe.svg
[90mvm [39m[33mwarn[39m No storage module present; cannot load costume asset:  a130250b8d09a3f24fd0dcb9588ba163.svg
[90mvm [39m[33mwarn[39m No storage module present; cannot load costume asset:  141415ca70fbc4de5dee86ddd4facef3.svg
[90mvm [39m[33mwarn[39m No storage module present; cannot load sound asset:  83a9787d4cb6f3b7632b4ddfebf74367.wav
[90mvm [39m[33mwarn[39m No storage module present; cannot load costume asset:  730f14b00eb18673424dddbde7c6cc60.svg
[90mvm [39m[33mwarn[39m No storage module present; cannot load costume asset:  80f19b08826e3a245847c271f85fdf7a.svg
[90mvm [39m[33mwarn[39m No storage module present; cannot load costume asset:  cd42d2933f4560d2863288bc25e29308.svg
[90mvm [39m[33mwarn[39m No storage module present; cannot load costume asset:  cfec5d13aa3cc143da88f05123996f29.svg
[90mvm [39m[33mwarn[39m No storage module present; cannot load costume asset:  5e41c5216842f7d9d0d0b24f4ed883e4.svg
[90mvm [39m[33mwarn[39m No storage module present; cannot load costume asset:  326e33a975e6aa3a88df8a68722d6969.svg
[90mvm [39m[33mwarn[39m No storage module present; cannot load costume asset:  cd21514d0531fdffb22204e0ec5ed84a.svg
[90mvm [39m[33mwarn[39m No storage module present; cannot load sound asset:  83a9787d4cb6f3b7632b4ddfebf74367.wav
[90mvm [39m[33mwarn[39m No storage module present; cannot load costume asset:  3190e19ec950c03524f334f4f7b59c22.svg
[90mvm [39m[33mwarn[39m No storage module present; cannot load costume asset:  3190e19ec950c03524f334f4f7b59c22.svg
[90mvm [39m[33mwarn[39m No storage module present; cannot load costume asset:  44969ac5db326523031100333b57ad2a.svg
[90mvm [39m[33mwarn[39m No storage module present; cannot load costume asset:  b000d54e0677c079ced010e8ce566457.svg
[90mvm [39m[33mwarn[39m No storage module present; cannot load costume asset:  204effd510cefd9146ffda5fc0e5873a.svg
[90mvm [39m[33mwarn[39m No storage module present; cannot load costume asset:  3190e19ec950c03524f334f4f7b59c22.svg
[90mvm [39m[33mwarn[39m No storage module present; cannot load costume asset:  d5d8b5a89137518394ab1b7a0be88516.svg
[90mvm [39m[33mwarn[39m No storage module present; cannot load sound asset:  83a9787d4cb6f3b7632b4ddfebf74367.wav
[90mvm [39m[33mwarn[39m No storage module present; cannot load costume asset:  3dc803b43a68906d55665764e8a2828b.svg
[90mvm [39m[33mwarn[39m No storage module present; cannot load costume asset:  e1648c34cf76a661fac4dc3f8e2a2585.svg
[90mvm [39m[33mwarn[39m No storage module present; cannot load costume asset:  42bbe94a62f2337945b2a1616fbe618e.svg
[90mvm [39m[33mwarn[39m No storage module present; cannot load costume asset:  07a871b49fa10ba0e7c14189228a5569.svg
[90mvm [39m[33mwarn[39m No storage module present; cannot load costume asset:  e88197b44787e0fb6191888431dd9210.svg
[90mvm [39m[33mwarn[39m No storage module present; cannot load costume asset:  4ea816360a514e379cee1cac0b072810.svg
[90mvm [39m[33mwarn[39m No storage module present; cannot load sound asset:  f79507a0a0f892e6414a6072604e03f5.wav
[90mvm [39m[33mwarn[39m No storage module present; cannot load sound asset:  7b4ca478bae63fbb1aa4219553e0138f.wav
[90mvm [39m[33mwarn[39m No storage module present; cannot load sound asset:  b85de9b910842dacd099696616247678.wav
[90mvm [39m[33mwarn[39m No storage module present; cannot load sound asset:  3b7afd1ac0ea6155699b6eceaf484b72.wav
[90mvm [39m[33mwarn[39m No storage module present; cannot load sound asset:  b179c32f2b858bddee55582bc8a34dae.wav
[90mvm [39m[33mwarn[39m No storage module present; cannot load costume asset:  26f999095ef03b066951985cf07f596f.svg
[90mvm [39m[33mwarn[39m No storage module present; cannot load sound asset:  83a9787d4cb6f3b7632b4ddfebf74367.wav
[90mvm [39m[33mwarn[39m No storage module present; cannot load costume asset:  14e46ec3e2ba471c2adfe8f119052307.svg
[90mvm [39m[33mwarn[39m No storage module present; cannot load costume asset:  cd21514d0531fdffb22204e0ec5ed84a.svg
[90mvm [39m[33mwarn[39m No storage module present; cannot load costume asset:  cd21514d0531fdffb22204e0ec5ed84a.svg
[90mvm [39m[33mwarn[39m No storage module present; cannot load costume asset:  c3e796fc17b422fca0d7a74e0c250410.svg
[90mvm [39m[33mwarn[39m No storage module present; cannot load sound asset:  d73eec8340f36c59f06f3a16a7fc52e6.wav
[90mvm [39m[33mwarn[39m No storage module present; cannot load costume asset:  bafc73be10b34c239fbd409c1418f32c.svg
[90mvm [39m[33mwarn[39m No storage module present; cannot load sound asset:  a810e368291b9c39e5bca884ee89ef48.wav
[90mvm [39m[33mwarn[39m No storage module present; cannot load sound asset:  4d34cc82d710140c9abcf93bb96a1ddf.wav
[90mvm [39m[33mwarn[39m No storage module present; cannot load sound asset:  b29a51d951eb0f3158de679e6095de4b.wav
[90mvm [39m[33mwarn[39m No storage module present; cannot load sound asset:  2a8eda60417cc8a6dc3f9420ccf4bba7.wav
[90mvm [39m[33mwarn[39m No storage module present; cannot load sound asset:  57a7f8feaea9f3928087dd5ca5d988ba.wav
[90mvm [39m[33mwarn[39m No storage module present; cannot load sound asset:  82ab5343fff1e98ce5d0f512617faa08.wav
[90mvm [39m[33mwarn[39m No storage module present; cannot load costume asset:  bb679df5f363efbf0afe27dc9b90a83b.svg
[90mvm [39m[33mwarn[39m No storage module present; cannot load sound asset:  c5edfc991455629d6c9efa4235bdb1b4.mp3
[90mvm [39m[33mwarn[39m No storage module present; cannot load costume asset:  257abdc852bd12c6fbd1ef3b12736739.svg
[90mvm [39m[33mwarn[39m No storage module present; cannot load sound asset:  83a9787d4cb6f3b7632b4ddfebf74367.wav
[90mvm [39m[33mwarn[39m No storage module present; cannot load costume asset:  1806dd9867ca8ed5842bc495f08d4e03.svg
[90mvm [39m[33mwarn[39m No storage module present; cannot load costume asset:  9af27a7ad39ec41b7cbfda3622d08a1a.svg
[90mvm [39m[33mwarn[39m No storage module present; cannot load costume asset:  9af27a7ad39ec41b7cbfda3622d08a1a.svg
[90mvm [39m[33mwarn[39m No storage module present; cannot load costume asset:  9af27a7ad39ec41b7cbfda3622d08a1a.svg
[90mvm [39m[33mwarn[39m No storage module present; cannot load costume asset:  9af27a7ad39ec41b7cbfda3622d08a1a.svg
[90mvm [39m[33mwarn[39m No storage module present; cannot load costume asset:  1481d16d3819203cfe4853a38571f5e5.svg
[90mvm [39m[33mwarn[39m No storage module present; cannot load sound asset:  83a9787d4cb6f3b7632b4ddfebf74367.wav
[90mvm [39m[33mwarn[39m No storage module present; cannot load costume asset:  1806dd9867ca8ed5842bc495f08d4e03.svg
[90mvm [39m[33mwarn[39m No storage module present; cannot load costume asset:  9af27a7ad39ec41b7cbfda3622d08a1a.svg
[90mvm [39m[33mwarn[39m No storage module present; cannot load costume asset:  9af27a7ad39ec41b7cbfda3622d08a1a.svg
[90mvm [39m[33mwarn[39m No storage module present; cannot load costume asset:  9af27a7ad39ec41b7cbfda3622d08a1a.svg
[90mvm [39m[33mwarn[39m No storage module present; cannot load costume asset:  9af27a7ad39ec41b7cbfda3622d08a1a.svg
[90mvm [39m[33mwarn[39m No storage module present; cannot load costume asset:  9af27a7ad39ec41b7cbfda3622d08a1a.svg
[90mvm [39m[33mwarn[39m No storage module present; cannot load sound asset:  83a9787d4cb6f3b7632b4ddfebf74367.wav
[90mvm [39m[33mwarn[39m No storage module present; cannot load costume asset:  66d90887fd3bb1eb289a9e739c6f7143.svg
[90mvm [39m[33mwarn[39m No storage module present; cannot load sound asset:  83a9787d4cb6f3b7632b4ddfebf74367.wav
[90mvm [39m[33mwarn[39m No storage module present; cannot load costume asset:  e55ab54aaec87085a3f43192ba537e91.svg
[90mvm [39m[33mwarn[39m No storage module present; cannot load costume asset:  5aa1aeddd5c7069abd3ad0fb58f78ab6.svg
[90mvm [39m[33mwarn[39m No storage module present; cannot load costume asset:  42f733825da371c2dddab0f1b2ebc8a5.svg
[90mvm [39m[33mwarn[39m No storage module present; cannot load costume asset:  6d49a4a69aca34a85dc2ebf080aba80b.svg
[90mvm [39m[33mwarn[39m No storage module present; cannot load costume asset:  39dff0f6408602c585bd15bb4673babe.svg
[90mvm [39m[33mwarn[39m No storage module present; cannot load costume asset:  a130250b8d09a3f24fd0dcb9588ba163.svg
[90mvm [39m[33mwarn[39m No storage module present; cannot load costume asset:  141415ca70fbc4de5dee86ddd4facef3.svg
[90mvm [39m[33mwarn[39m No storage module present; cannot load sound asset:  83a9787d4cb6f3b7632b4ddfebf74367.wav
[90mvm [39m[33mwarn[39m No storage module present; cannot load costume asset:  730f14b00eb18673424dddbde7c6cc60.svg
[90mvm [39m[33mwarn[39m No storage module present; cannot load costume asset:  80f19b08826e3a245847c271f85fdf7a.svg
[90mvm [39m[33mwarn[39m No storage module present; cannot load costume asset:  cd42d2933f4560d2863288bc25e29308.svg
[90mvm [39m[33mwarn[39m No storage module present; cannot load costume asset:  cfec5d13aa3cc143da88f05123996f29.svg
[90mvm [39m[33mwarn[39m No storage module present; cannot load costume asset:  5e41c5216842f7d9d0d0b24f4ed883e4.svg
[90mvm [39m[33mwarn[39m No storage module present; cannot load costume asset:  326e33a975e6aa3a88df8a68722d6969.svg
[90mvm [39m[33mwarn[39m No storage module present; cannot load costume asset:  cd21514d0531fdffb22204e0ec5ed84a.svg
[90mvm [39m[33mwarn[39m No storage module present; cannot load sound asset:  83a9787d4cb6f3b7632b4ddfebf74367.wav
[90mvm [39m[33mwarn[39m No storage module present; cannot load costume asset:  3190e19ec950c03524f334f4f7b59c22.svg
[90mvm [39m[33mwarn[39m No storage module present; cannot load costume asset:  3190e19ec950c03524f334f4f7b59c22.svg
[90mvm [39m[33mwarn[39m No storage module present; cannot load costume asset:  44969ac5db326523031100333b57ad2a.svg
[90mvm [39m[33mwarn[39m No storage module present; cannot load costume asset:  b000d54e0677c079ced010e8ce566457.svg
[90mvm [39m[33mwarn[39m No storage module present; cannot load costume asset:  204effd510cefd9146ffda5fc0e5873a.svg
[90mvm [39m[33mwarn[39m No storage module present; cannot load costume asset:  3190e19ec950c03524f334f4f7b59c22.svg
[90mvm [39m[33mwarn[39m No storage module present; cannot load costume asset:  d5d8b5a89137518394ab1b7a0be88516.svg
[90mvm [39m[33mwarn[39m No storage module present; cannot load sound asset:  83a9787d4cb6f3b7632b4ddfebf74367.wav
[90mvm [39m[33mwarn[39m No storage module present; cannot load costume asset:  3dc803b43a68906d55665764e8a2828b.svg
[90mvm [39m[33mwarn[39m No storage module present; cannot load costume asset:  e1648c34cf76a661fac4dc3f8e2a2585.svg
[90mvm [39m[33mwarn[39m No storage module present; cannot load costume asset:  42bbe94a62f2337945b2a1616fbe618e.svg
[90mvm [39m[33mwarn[39m No storage module present; cannot load costume asset:  07a871b49fa10ba0e7c14189228a5569.svg
[90mvm [39m[33mwarn[39m No storage module present; cannot load costume asset:  e88197b44787e0fb6191888431dd9210.svg
[90mvm [39m[33mwarn[39m No storage module present; cannot load costume asset:  4ea816360a514e379cee1cac0b072810.svg
[90mvm [39m[33mwarn[39m No storage module present; cannot load sound asset:  f79507a0a0f892e6414a6072604e03f5.wav
[90mvm [39m[33mwarn[39m No storage module present; cannot load sound asset:  7b4ca478bae63fbb1aa4219553e0138f.wav
[90mvm [39m[33mwarn[39m No storage module present; cannot load sound asset:  b85de9b910842dacd099696616247678.wav
[90mvm [39m[33mwarn[39m No storage module present; cannot load sound asset:  3b7afd1ac0ea6155699b6eceaf484b72.wav
[90mvm [39m[33mwarn[39m No storage module present; cannot load sound asset:  b179c32f2b858bddee55582bc8a34dae.wav
[90mvm [39m[33mwarn[39m No storage module present; cannot load costume asset:  26f999095ef03b066951985cf07f596f.svg
[90mvm [39m[33mwarn[39m No storage module present; cannot load sound asset:  83a9787d4cb6f3b7632b4ddfebf74367.wav
[90mvm [39m[33mwarn[39m No storage module present; cannot load costume asset:  14e46ec3e2ba471c2adfe8f119052307.svg
[90mvm [39m[33mwarn[39m No storage module present; cannot load costume asset:  cd21514d0531fdffb22204e0ec5ed84a.svg
[90mvm [39m[33mwarn[39m No storage module present; cannot load costume asset:  cd21514d0531fdffb22204e0ec5ed84a.svg
[90mvm [39m[33mwarn[39m No storage module present; cannot load costume asset:  c3e796fc17b422fca0d7a74e0c250410.svg
[90mvm [39m[33mwarn[39m No storage module present; cannot load sound asset:  d73eec8340f36c59f06f3a16a7fc52e6.wav
[90mvm [39m[33mwarn[39m No storage module present; cannot load costume asset:  bafc73be10b34c239fbd409c1418f32c.svg
[90mvm [39m[33mwarn[39m No storage module present; cannot load sound asset:  a810e368291b9c39e5bca884ee89ef48.wav
[90mvm [39m[33mwarn[39m No storage module present; cannot load sound asset:  4d34cc82d710140c9abcf93bb96a1ddf.wav
[90mvm [39m[33mwarn[39m No storage module present; cannot load sound asset:  b29a51d951eb0f3158de679e6095de4b.wav
[90mvm [39m[33mwarn[39m No storage module present; cannot load sound asset:  2a8eda60417cc8a6dc3f9420ccf4bba7.wav
[90mvm [39m[33mwarn[39m No storage module present; cannot load sound asset:  57a7f8feaea9f3928087dd5ca5d988ba.wav
[90mvm [39m[33mwarn[39m No storage module present; cannot load sound asset:  82ab5343fff1e98ce5d0f512617faa08.wav
[90mvm [39m[33mwarn[39m Central dispatch replacing existing service provider for extension_0_text2speech
[36mℹ[0m  Sequence: Playing_Spam_Long
[31m✘[0m  Sequence "Playing_Spam_Long" crashed: window is not defined
[90m───────────────────────────────────────────────────────[0m
[90mvm [39m[33mwarn[39m Central dispatch replacing existing service provider for runtime
[90mvm [39m[33mwarn[39m Central dispatch replacing existing service provider for extensions
[90mvm [39m[33mwarn[39m No storage module present; cannot load costume asset:  bb679df5f363efbf0afe27dc9b90a83b.svg
[90mvm [39m[33mwarn[39m No storage module present; cannot load sound asset:  c5edfc991455629d6c9efa4235bdb1b4.mp3
[90mvm [39m[33mwarn[39m No storage module present; cannot load costume asset:  257abdc852bd12c6fbd1ef3b12736739.svg
[90mvm [39m[33mwarn[39m No storage module present; cannot load sound asset:  83a9787d4cb6f3b7632b4ddfebf74367.wav
[90mvm [39m[33mwarn[39m No storage module present; cannot load costume asset:  1806dd9867ca8ed5842bc495f08d4e03.svg
[90mvm [39m[33mwarn[39m No storage module present; cannot load costume asset:  9af27a7ad39ec41b7cbfda3622d08a1a.svg
[90mvm [39m[33mwarn[39m No storage module present; cannot load costume asset:  9af27a7ad39ec41b7cbfda3622d08a1a.svg
[90mvm [39m[33mwarn[39m No storage module present; cannot load costume asset:  9af27a7ad39ec41b7cbfda3622d08a1a.svg
[90mvm [39m[33mwarn[39m No storage module present; cannot load costume asset:  9af27a7ad39ec41b7cbfda3622d08a1a.svg
[90mvm [39m[33mwarn[39m No storage module present; cannot load costume asset:  1481d16d3819203cfe4853a38571f5e5.svg
[90mvm [39m[33mwarn[39m No storage module present; cannot load sound asset:  83a9787d4cb6f3b7632b4ddfebf74367.wav
[90mvm [39m[33mwarn[39m No storage module present; cannot load costume asset:  1806dd9867ca8ed5842bc495f08d4e03.svg
[90mvm [39m[33mwarn[39m No storage module present; cannot load costume asset:  9af27a7ad39ec41b7cbfda3622d08a1a.svg
[90mvm [39m[33mwarn[39m No storage module present; cannot load costume asset:  9af27a7ad39ec41b7cbfda3622d08a1a.svg
[90mvm [39m[33mwarn[39m No storage module present; cannot load costume asset:  9af27a7ad39ec41b7cbfda3622d08a1a.svg
[90mvm [39m[33mwarn[39m No storage module present; cannot load costume asset:  9af27a7ad39ec41b7cbfda3622d08a1a.svg
[90mvm [39m[33mwarn[39m No storage module present; cannot load costume asset:  9af27a7ad39ec41b7cbfda3622d08a1a.svg
[90mvm [39m[33mwarn[39m No storage module present; cannot load sound asset:  83a9787d4cb6f3b7632b4ddfebf74367.wav
[90mvm [39m[33mwarn[39m No storage module present; cannot load costume asset:  66d90887fd3bb1eb289a9e739c6f7143.svg
[90mvm [39m[33mwarn[39m No storage module present; cannot load sound asset:  83a9787d4cb6f3b7632b4ddfebf74367.wav
[90mvm [39m[33mwarn[39m No storage module present; cannot load costume asset:  e55ab54aaec87085a3f43192ba537e91.svg
[90mvm [39m[33mwarn[39m No storage module present; cannot load costume asset:  5aa1aeddd5c7069abd3ad0fb58f78ab6.svg
[90mvm [39m[33mwarn[39m No storage module present; cannot load costume asset:  42f733825da371c2dddab0f1b2ebc8a5.svg
[90mvm [39m[33mwarn[39m No storage module present; cannot load costume asset:  6d49a4a69aca34a85dc2ebf080aba80b.svg
[90mvm [39m[33mwarn[39m No storage module present; cannot load costume asset:  39dff0f6408602c585bd15bb4673babe.svg
[90mvm [39m[33mwarn[39m No storage module present; cannot load costume asset:  a130250b8d09a3f24fd0dcb9588ba163.svg
[90mvm [39m[33mwarn[39m No storage module present; cannot load costume asset:  141415ca70fbc4de5dee86ddd4facef3.svg
[90mvm [39m[33mwarn[39m No storage module present; cannot load sound asset:  83a9787d4cb6f3b7632b4ddfebf74367.wav
[90mvm [39m[33mwarn[39m No storage module present; cannot load costume asset:  730f14b00eb18673424dddbde7c6cc60.svg
[90mvm [39m[33mwarn[39m No storage module present; cannot load costume asset:  80f19b08826e3a245847c271f85fdf7a.svg
[90mvm [39m[33mwarn[39m No storage module present; cannot load costume asset:  cd42d2933f4560d2863288bc25e29308.svg
[90mvm [39m[33mwarn[39m No storage module present; cannot load costume asset:  cfec5d13aa3cc143da88f05123996f29.svg
[90mvm [39m[33mwarn[39m No storage module present; cannot load costume asset:  5e41c5216842f7d9d0d0b24f4ed883e4.svg
[90mvm [39m[33mwarn[39m No storage module present; cannot load costume asset:  326e33a975e6aa3a88df8a68722d6969.svg
[90mvm [39m[33mwarn[39m No storage module present; cannot load costume asset:  cd21514d0531fdffb22204e0ec5ed84a.svg
[90mvm [39m[33mwarn[39m No storage module present; cannot load sound asset:  83a9787d4cb6f3b7632b4ddfebf74367.wav
[90mvm [39m[33mwarn[39m No storage module present; cannot load costume asset:  3190e19ec950c03524f334f4f7b59c22.svg
[90mvm [39m[33mwarn[39m No storage module present; cannot load costume asset:  3190e19ec950c03524f334f4f7b59c22.svg
[90mvm [39m[33mwarn[39m No storage module present; cannot load costume asset:  44969ac5db326523031100333b57ad2a.svg
[90mvm [39m[33mwarn[39m No storage module present; cannot load costume asset:  b000d54e0677c079ced010e8ce566457.svg
[90mvm [39m[33mwarn[39m No storage module present; cannot load costume asset:  204effd510cefd9146ffda5fc0e5873a.svg
[90mvm [39m[33mwarn[39m No storage module present; cannot load costume asset:  3190e19ec950c03524f334f4f7b59c22.svg
[90mvm [39m[33mwarn[39m No storage module present; cannot load costume asset:  d5d8b5a89137518394ab1b7a0be88516.svg
[90mvm [39m[33mwarn[39m No storage module present; cannot load sound asset:  83a9787d4cb6f3b7632b4ddfebf74367.wav
[90mvm [39m[33mwarn[39m No storage module present; cannot load costume asset:  3dc803b43a68906d55665764e8a2828b.svg
[90mvm [39m[33mwarn[39m No storage module present; cannot load costume asset:  e1648c34cf76a661fac4dc3f8e2a2585.svg
[90mvm [39m[33mwarn[39m No storage module present; cannot load costume asset:  42bbe94a62f2337945b2a1616fbe618e.svg
[90mvm [39m[33mwarn[39m No storage module present; cannot load costume asset:  07a871b49fa10ba0e7c14189228a5569.svg
[90mvm [39m[33mwarn[39m No storage module present; cannot load costume asset:  e88197b44787e0fb6191888431dd9210.svg
[90mvm [39m[33mwarn[39m No storage module present; cannot load costume asset:  4ea816360a514e379cee1cac0b072810.svg
[90mvm [39m[33mwarn[39m No storage module present; cannot load sound asset:  f79507a0a0f892e6414a6072604e03f5.wav
[90mvm [39m[33mwarn[39m No storage module present; cannot load sound asset:  7b4ca478bae63fbb1aa4219553e0138f.wav
[90mvm [39m[33mwarn[39m No storage module present; cannot load sound asset:  b85de9b910842dacd099696616247678.wav
[90mvm [39m[33mwarn[39m No storage module present; cannot load sound asset:  3b7afd1ac0ea6155699b6eceaf484b72.wav
[90mvm [39m[33mwarn[39m No storage module present; cannot load sound asset:  b179c32f2b858bddee55582bc8a34dae.wav
[90mvm [39m[33mwarn[39m No storage module present; cannot load costume asset:  26f999095ef03b066951985cf07f596f.svg
[90mvm [39m[33mwarn[39m No storage module present; cannot load sound asset:  83a9787d4cb6f3b7632b4ddfebf74367.wav
[90mvm [39m[33mwarn[39m No storage module present; cannot load costume asset:  14e46ec3e2ba471c2adfe8f119052307.svg
[90mvm [39m[33mwarn[39m No storage module present; cannot load costume asset:  cd21514d0531fdffb22204e0ec5ed84a.svg
[90mvm [39m[33mwarn[39m No storage module present; cannot load costume asset:  cd21514d0531fdffb22204e0ec5ed84a.svg
[90mvm [39m[33mwarn[39m No storage module present; cannot load costume asset:  c3e796fc17b422fca0d7a74e0c250410.svg
[90mvm [39m[33mwarn[39m No storage module present; cannot load sound asset:  d73eec8340f36c59f06f3a16a7fc52e6.wav
[90mvm [39m[33mwarn[39m No storage module present; cannot load costume asset:  bafc73be10b34c239fbd409c1418f32c.svg
[90mvm [39m[33mwarn[39m No storage module present; cannot load sound asset:  a810e368291b9c39e5bca884ee89ef48.wav
[90mvm [39m[33mwarn[39m No storage module present; cannot load sound asset:  4d34cc82d710140c9abcf93bb96a1ddf.wav
[90mvm [39m[33mwarn[39m No storage module present; cannot load sound asset:  b29a51d951eb0f3158de679e6095de4b.wav
[90mvm [39m[33mwarn[39m No storage module present; cannot load sound asset:  2a8eda60417cc8a6dc3f9420ccf4bba7.wav
[90mvm [39m[33mwarn[39m No storage module present; cannot load sound asset:  57a7f8feaea9f3928087dd5ca5d988ba.wav
[90mvm [39m[33mwarn[39m No storage module present; cannot load sound asset:  82ab5343fff1e98ce5d0f512617faa08.wav
[90mvm [39m[33mwarn[39m No storage module present; cannot load costume asset:  bb679df5f363efbf0afe27dc9b90a83b.svg
[90mvm [39m[33mwarn[39m No storage module present; cannot load sound asset:  c5edfc991455629d6c9efa4235bdb1b4.mp3
[90mvm [39m[33mwarn[39m No storage module present; cannot load costume asset:  257abdc852bd12c6fbd1ef3b12736739.svg
[90mvm [39m[33mwarn[39m No storage module present; cannot load sound asset:  83a9787d4cb6f3b7632b4ddfebf74367.wav
[90mvm [39m[33mwarn[39m No storage module present; cannot load costume asset:  1806dd9867ca8ed5842bc495f08d4e03.svg
[90mvm [39m[33mwarn[39m No storage module present; cannot load costume asset:  9af27a7ad39ec41b7cbfda3622d08a1a.svg
[90mvm [39m[33mwarn[39m No storage module present; cannot load costume asset:  9af27a7ad39ec41b7cbfda3622d08a1a.svg
[90mvm [39m[33mwarn[39m No storage module present; cannot load costume asset:  9af27a7ad39ec41b7cbfda3622d08a1a.svg
[90mvm [39m[33mwarn[39m No storage module present; cannot load costume asset:  9af27a7ad39ec41b7cbfda3622d08a1a.svg
[90mvm [39m[33mwarn[39m No storage module present; cannot load costume asset:  1481d16d3819203cfe4853a38571f5e5.svg
[90mvm [39m[33mwarn[39m No storage module present; cannot load sound asset:  83a9787d4cb6f3b7632b4ddfebf74367.wav
[90mvm [39m[33mwarn[39m No storage module present; cannot load costume asset:  1806dd9867ca8ed5842bc495f08d4e03.svg
[90mvm [39m[33mwarn[39m No storage module present; cannot load costume asset:  9af27a7ad39ec41b7cbfda3622d08a1a.svg
[90mvm [39m[33mwarn[39m No storage module present; cannot load costume asset:  9af27a7ad39ec41b7cbfda3622d08a1a.svg
[90mvm [39m[33mwarn[39m No storage module present; cannot load costume asset:  9af27a7ad39ec41b7cbfda3622d08a1a.svg
[90mvm [39m[33mwarn[39m No storage module present; cannot load costume asset:  9af27a7ad39ec41b7cbfda3622d08a1a.svg
[90mvm [39m[33mwarn[39m No storage module present; cannot load costume asset:  9af27a7ad39ec41b7cbfda3622d08a1a.svg
[90mvm [39m[33mwarn[39m No storage module present; cannot load sound asset:  83a9787d4cb6f3b7632b4ddfebf74367.wav
[90mvm [39m[33mwarn[39m No storage module present; cannot load costume asset:  66d90887fd3bb1eb289a9e739c6f7143.svg
[90mvm [39m[33mwarn[39m No storage module present; cannot load sound asset:  83a9787d4cb6f3b7632b4ddfebf74367.wav
[90mvm [39m[33mwarn[39m No storage module present; cannot load costume asset:  e55ab54aaec87085a3f43192ba537e91.svg
[90mvm [39m[33mwarn[39m No storage module present; cannot load costume asset:  5aa1aeddd5c7069abd3ad0fb58f78ab6.svg
[90mvm [39m[33mwarn[39m No storage module present; cannot load costume asset:  42f733825da371c2dddab0f1b2ebc8a5.svg
[90mvm [39m[33mwarn[39m No storage module present; cannot load costume asset:  6d49a4a69aca34a85dc2ebf080aba80b.svg
[90mvm [39m[33mwarn[39m No storage module present; cannot load costume asset:  39dff0f6408602c585bd15bb4673babe.svg
[90mvm [39m[33mwarn[39m No storage module present; cannot load costume asset:  a130250b8d09a3f24fd0dcb9588ba163.svg
[90mvm [39m[33mwarn[39m No storage module present; cannot load costume asset:  141415ca70fbc4de5dee86ddd4facef3.svg
[90mvm [39m[33mwarn[39m No storage module present; cannot load sound asset:  83a9787d4cb6f3b7632b4ddfebf74367.wav
[90mvm [39m[33mwarn[39m No storage module present; cannot load costume asset:  730f14b00eb18673424dddbde7c6cc60.svg
[90mvm [39m[33mwarn[39m No storage module present; cannot load costume asset:  80f19b08826e3a245847c271f85fdf7a.svg
[90mvm [39m[33mwarn[39m No storage module present; cannot load costume asset:  cd42d2933f4560d2863288bc25e29308.svg
[90mvm [39m[33mwarn[39m No storage module present; cannot load costume asset:  cfec5d13aa3cc143da88f05123996f29.svg
[90mvm [39m[33mwarn[39m No storage module present; cannot load costume asset:  5e41c5216842f7d9d0d0b24f4ed883e4.svg
[90mvm [39m[33mwarn[39m No storage module present; cannot load costume asset:  326e33a975e6aa3a88df8a68722d6969.svg
[90mvm [39m[33mwarn[39m No storage module present; cannot load costume asset:  cd21514d0531fdffb22204e0ec5ed84a.svg
[90mvm [39m[33mwarn[39m No storage module present; cannot load sound asset:  83a9787d4cb6f3b7632b4ddfebf74367.wav
[90mvm [39m[33mwarn[39m No storage module present; cannot load costume asset:  3190e19ec950c03524f334f4f7b59c22.svg
[90mvm [39m[33mwarn[39m No storage module present; cannot load costume asset:  3190e19ec950c03524f334f4f7b59c22.svg
[90mvm [39m[33mwarn[39m No storage module present; cannot load costume asset:  44969ac5db326523031100333b57ad2a.svg
[90mvm [39m[33mwarn[39m No storage module present; cannot load costume asset:  b000d54e0677c079ced010e8ce566457.svg
[90mvm [39m[33mwarn[39m No storage module present; cannot load costume asset:  204effd510cefd9146ffda5fc0e5873a.svg
[90mvm [39m[33mwarn[39m No storage module present; cannot load costume asset:  3190e19ec950c03524f334f4f7b59c22.svg
[90mvm [39m[33mwarn[39m No storage module present; cannot load costume asset:  d5d8b5a89137518394ab1b7a0be88516.svg
[90mvm [39m[33mwarn[39m No storage module present; cannot load sound asset:  83a9787d4cb6f3b7632b4ddfebf74367.wav
[90mvm [39m[33mwarn[39m No storage module present; cannot load costume asset:  3dc803b43a68906d55665764e8a2828b.svg
[90mvm [39m[33mwarn[39m No storage module present; cannot load costume asset:  e1648c34cf76a661fac4dc3f8e2a2585.svg
[90mvm [39m[33mwarn[39m No storage module present; cannot load costume asset:  42bbe94a62f2337945b2a1616fbe618e.svg
[90mvm [39m[33mwarn[39m No storage module present; cannot load costume asset:  07a871b49fa10ba0e7c14189228a5569.svg
[90mvm [39m[33mwarn[39m No storage module present; cannot load costume asset:  e88197b44787e0fb6191888431dd9210.svg
[90mvm [39m[33mwarn[39m No storage module present; cannot load costume asset:  4ea816360a514e379cee1cac0b072810.svg
[90mvm [39m[33mwarn[39m No storage module present; cannot load sound asset:  f79507a0a0f892e6414a6072604e03f5.wav
[90mvm [39m[33mwarn[39m No storage module present; cannot load sound asset:  7b4ca478bae63fbb1aa4219553e0138f.wav
[90mvm [39m[33mwarn[39m No storage module present; cannot load sound asset:  b85de9b910842dacd099696616247678.wav
[90mvm [39m[33mwarn[39m No storage module present; cannot load sound asset:  3b7afd1ac0ea6155699b6eceaf484b72.wav
[90mvm [39m[33mwarn[39m No storage module present; cannot load sound asset:  b179c32f2b858bddee55582bc8a34dae.wav
[90mvm [39m[33mwarn[39m No storage module present; cannot load costume asset:  26f999095ef03b066951985cf07f596f.svg
[90mvm [39m[33mwarn[39m No storage module present; cannot load sound asset:  83a9787d4cb6f3b7632b4ddfebf74367.wav
[90mvm [39m[33mwarn[39m No storage module present; cannot load costume asset:  14e46ec3e2ba471c2adfe8f119052307.svg
[90mvm [39m[33mwarn[39m No storage module present; cannot load costume asset:  cd21514d0531fdffb22204e0ec5ed84a.svg
[90mvm [39m[33mwarn[39m No storage module present; cannot load costume asset:  cd21514d0531fdffb22204e0ec5ed84a.svg
[90mvm [39m[33mwarn[39m No storage module present; cannot load costume asset:  c3e796fc17b422fca0d7a74e0c250410.svg
[90mvm [39m[33mwarn[39m No storage module present; cannot load sound asset:  d73eec8340f36c59f06f3a16a7fc52e6.wav
[90mvm [39m[33mwarn[39m No storage module present; cannot load costume asset:  bafc73be10b34c239fbd409c1418f32c.svg
[90mvm [39m[33mwarn[39m No storage module present; cannot load sound asset:  a810e368291b9c39e5bca884ee89ef48.wav
[90mvm [39m[33mwarn[39m No storage module present; cannot load sound asset:  4d34cc82d710140c9abcf93bb96a1ddf.wav
[90mvm [39m[33mwarn[39m No storage module present; cannot load sound asset:  b29a51d951eb0f3158de679e6095de4b.wav
[90mvm [39m[33mwarn[39m No storage module present; cannot load sound asset:  2a8eda60417cc8a6dc3f9420ccf4bba7.wav
[90mvm [39m[33mwarn[39m No storage module present; cannot load sound asset:  57a7f8feaea9f3928087dd5ca5d988ba.wav
[90mvm [39m[33mwarn[39m No storage module present; cannot load sound asset:  82ab5343fff1e98ce5d0f512617faa08.wav
[90mvm [39m[33mwarn[39m Central dispatch replacing existing service provider for extension_0_text2speech
[36mℹ[0m  Sequence: Playing_Mixed_Long
[31m✘[0m  Sequence "Playing_Mixed_Long" crashed: window is not defined
[90m───────────────────────────────────────────────────────[0m
[90mvm [39m[33mwarn[39m Central dispatch replacing existing service provider for runtime
[90mvm [39m[33mwarn[39m Central dispatch replacing existing service provider for extensions
[90mvm [39m[33mwarn[39m No storage module present; cannot load costume asset:  bb679df5f363efbf0afe27dc9b90a83b.svg
[90mvm [39m[33mwarn[39m No storage module present; cannot load sound asset:  c5edfc991455629d6c9efa4235bdb1b4.mp3
[90mvm [39m[33mwarn[39m No storage module present; cannot load costume asset:  257abdc852bd12c6fbd1ef3b12736739.svg
[90mvm [39m[33mwarn[39m No storage module present; cannot load sound asset:  83a9787d4cb6f3b7632b4ddfebf74367.wav
[90mvm [39m[33mwarn[39m No storage module present; cannot load costume asset:  1806dd9867ca8ed5842bc495f08d4e03.svg
[90mvm [39m[33mwarn[39m No storage module present; cannot load costume asset:  9af27a7ad39ec41b7cbfda3622d08a1a.svg
[90mvm [39m[33mwarn[39m No storage module present; cannot load costume asset:  9af27a7ad39ec41b7cbfda3622d08a1a.svg
[90mvm [39m[33mwarn[39m No storage module present; cannot load costume asset:  9af27a7ad39ec41b7cbfda3622d08a1a.svg
[90mvm [39m[33mwarn[39m No storage module present; cannot load costume asset:  9af27a7ad39ec41b7cbfda3622d08a1a.svg
[90mvm [39m[33mwarn[39m No storage module present; cannot load costume asset:  1481d16d3819203cfe4853a38571f5e5.svg
[90mvm [39m[33mwarn[39m No storage module present; cannot load sound asset:  83a9787d4cb6f3b7632b4ddfebf74367.wav
[90mvm [39m[33mwarn[39m No storage module present; cannot load costume asset:  1806dd9867ca8ed5842bc495f08d4e03.svg
[90mvm [39m[33mwarn[39m No storage module present; cannot load costume asset:  9af27a7ad39ec41b7cbfda3622d08a1a.svg
[90mvm [39m[33mwarn[39m No storage module present; cannot load costume asset:  9af27a7ad39ec41b7cbfda3622d08a1a.svg
[90mvm [39m[33mwarn[39m No storage module present; cannot load costume asset:  9af27a7ad39ec41b7cbfda3622d08a1a.svg
[90mvm [39m[33mwarn[39m No storage module present; cannot load costume asset:  9af27a7ad39ec41b7cbfda3622d08a1a.svg
[90mvm [39m[33mwarn[39m No storage module present; cannot load costume asset:  9af27a7ad39ec41b7cbfda3622d08a1a.svg
[90mvm [39m[33mwarn[39m No storage module present; cannot load sound asset:  83a9787d4cb6f3b7632b4ddfebf74367.wav
[90mvm [39m[33mwarn[39m No storage module present; cannot load costume asset:  66d90887fd3bb1eb289a9e739c6f7143.svg
[90mvm [39m[33mwarn[39m No storage module present; cannot load sound asset:  83a9787d4cb6f3b7632b4ddfebf74367.wav
[90mvm [39m[33mwarn[39m No storage module present; cannot load costume asset:  e55ab54aaec87085a3f43192ba537e91.svg
[90mvm [39m[33mwarn[39m No storage module present; cannot load costume asset:  5aa1aeddd5c7069abd3ad0fb58f78ab6.svg
[90mvm [39m[33mwarn[39m No storage module present; cannot load costume asset:  42f733825da371c2dddab0f1b2ebc8a5.svg
[90mvm [39m[33mwarn[39m No storage module present; cannot load costume asset:  6d49a4a69aca34a85dc2ebf080aba80b.svg
[90mvm [39m[33mwarn[39m No storage module present; cannot load costume asset:  39dff0f6408602c585bd15bb4673babe.svg
[90mvm [39m[33mwarn[39m No storage module present; cannot load costume asset:  a130250b8d09a3f24fd0dcb9588ba163.svg
[90mvm [39m[33mwarn[39m No storage module present; cannot load costume asset:  141415ca70fbc4de5dee86ddd4facef3.svg
[90mvm [39m[33mwarn[39m No storage module present; cannot load sound asset:  83a9787d4cb6f3b7632b4ddfebf74367.wav
[90mvm [39m[33mwarn[39m No storage module present; cannot load costume asset:  730f14b00eb18673424dddbde7c6cc60.svg
[90mvm [39m[33mwarn[39m No storage module present; cannot load costume asset:  80f19b08826e3a245847c271f85fdf7a.svg
[90mvm [39m[33mwarn[39m No storage module present; cannot load costume asset:  cd42d2933f4560d2863288bc25e29308.svg
[90mvm [39m[33mwarn[39m No storage module present; cannot load costume asset:  cfec5d13aa3cc143da88f05123996f29.svg
[90mvm [39m[33mwarn[39m No storage module present; cannot load costume asset:  5e41c5216842f7d9d0d0b24f4ed883e4.svg
[90mvm [39m[33mwarn[39m No storage module present; cannot load costume asset:  326e33a975e6aa3a88df8a68722d6969.svg
[90mvm [39m[33mwarn[39m No storage module present; cannot load costume asset:  cd21514d0531fdffb22204e0ec5ed84a.svg
[90mvm [39m[33mwarn[39m No storage module present; cannot load sound asset:  83a9787d4cb6f3b7632b4ddfebf74367.wav
[90mvm [39m[33mwarn[39m No storage module present; cannot load costume asset:  3190e19ec950c03524f334f4f7b59c22.svg
[90mvm [39m[33mwarn[39m No storage module present; cannot load costume asset:  3190e19ec950c03524f334f4f7b59c22.svg
[90mvm [39m[33mwarn[39m No storage module present; cannot load costume asset:  44969ac5db326523031100333b57ad2a.svg
[90mvm [39m[33mwarn[39m No storage module present; cannot load costume asset:  b000d54e0677c079ced010e8ce566457.svg
[90mvm [39m[33mwarn[39m No storage module present; cannot load costume asset:  204effd510cefd9146ffda5fc0e5873a.svg
[90mvm [39m[33mwarn[39m No storage module present; cannot load costume asset:  3190e19ec950c03524f334f4f7b59c22.svg
[90mvm [39m[33mwarn[39m No storage module present; cannot load costume asset:  d5d8b5a89137518394ab1b7a0be88516.svg
[90mvm [39m[33mwarn[39m No storage module present; cannot load sound asset:  83a9787d4cb6f3b7632b4ddfebf74367.wav
[90mvm [39m[33mwarn[39m No storage module present; cannot load costume asset:  3dc803b43a68906d55665764e8a2828b.svg
[90mvm [39m[33mwarn[39m No storage module present; cannot load costume asset:  e1648c34cf76a661fac4dc3f8e2a2585.svg
[90mvm [39m[33mwarn[39m No storage module present; cannot load costume asset:  42bbe94a62f2337945b2a1616fbe618e.svg
[90mvm [39m[33mwarn[39m No storage module present; cannot load costume asset:  07a871b49fa10ba0e7c14189228a5569.svg
[90mvm [39m[33mwarn[39m No storage module present; cannot load costume asset:  e88197b44787e0fb6191888431dd9210.svg
[90mvm [39m[33mwarn[39m No storage module present; cannot load costume asset:  4ea816360a514e379cee1cac0b072810.svg
[90mvm [39m[33mwarn[39m No storage module present; cannot load sound asset:  f79507a0a0f892e6414a6072604e03f5.wav
[90mvm [39m[33mwarn[39m No storage module present; cannot load sound asset:  7b4ca478bae63fbb1aa4219553e0138f.wav
[90mvm [39m[33mwarn[39m No storage module present; cannot load sound asset:  b85de9b910842dacd099696616247678.wav
[90mvm [39m[33mwarn[39m No storage module present; cannot load sound asset:  3b7afd1ac0ea6155699b6eceaf484b72.wav
[90mvm [39m[33mwarn[39m No storage module present; cannot load sound asset:  b179c32f2b858bddee55582bc8a34dae.wav
[90mvm [39m[33mwarn[39m No storage module present; cannot load costume asset:  26f999095ef03b066951985cf07f596f.svg
[90mvm [39m[33mwarn[39m No storage module present; cannot load sound asset:  83a9787d4cb6f3b7632b4ddfebf74367.wav
[90mvm [39m[33mwarn[39m No storage module present; cannot load costume asset:  14e46ec3e2ba471c2adfe8f119052307.svg
[90mvm [39m[33mwarn[39m No storage module present; cannot load costume asset:  cd21514d0531fdffb22204e0ec5ed84a.svg
[90mvm [39m[33mwarn[39m No storage module present; cannot load costume asset:  cd21514d0531fdffb22204e0ec5ed84a.svg
[90mvm [39m[33mwarn[39m No storage module present; cannot load costume asset:  c3e796fc17b422fca0d7a74e0c250410.svg
[90mvm [39m[33mwarn[39m No storage module present; cannot load sound asset:  d73eec8340f36c59f06f3a16a7fc52e6.wav
[90mvm [39m[33mwarn[39m No storage module present; cannot load costume asset:  bafc73be10b34c239fbd409c1418f32c.svg
[90mvm [39m[33mwarn[39m No storage module present; cannot load sound asset:  a810e368291b9c39e5bca884ee89ef48.wav
[90mvm [39m[33mwarn[39m No storage module present; cannot load sound asset:  4d34cc82d710140c9abcf93bb96a1ddf.wav
[90mvm [39m[33mwarn[39m No storage module present; cannot load sound asset:  b29a51d951eb0f3158de679e6095de4b.wav
[90mvm [39m[33mwarn[39m No storage module present; cannot load sound asset:  2a8eda60417cc8a6dc3f9420ccf4bba7.wav
[90mvm [39m[33mwarn[39m No storage module present; cannot load sound asset:  57a7f8feaea9f3928087dd5ca5d988ba.wav
[90mvm [39m[33mwarn[39m No storage module present; cannot load sound asset:  82ab5343fff1e98ce5d0f512617faa08.wav
[90mvm [39m[33mwarn[39m No storage module present; cannot load costume asset:  bb679df5f363efbf0afe27dc9b90a83b.svg
[90mvm [39m[33mwarn[39m No storage module present; cannot load sound asset:  c5edfc991455629d6c9efa4235bdb1b4.mp3
[90mvm [39m[33mwarn[39m No storage module present; cannot load costume asset:  257abdc852bd12c6fbd1ef3b12736739.svg
[90mvm [39m[33mwarn[39m No storage module present; cannot load sound asset:  83a9787d4cb6f3b7632b4ddfebf74367.wav
[90mvm [39m[33mwarn[39m No storage module present; cannot load costume asset:  1806dd9867ca8ed5842bc495f08d4e03.svg
[90mvm [39m[33mwarn[39m No storage module present; cannot load costume asset:  9af27a7ad39ec41b7cbfda3622d08a1a.svg
[90mvm [39m[33mwarn[39m No storage module present; cannot load costume asset:  9af27a7ad39ec41b7cbfda3622d08a1a.svg
[90mvm [39m[33mwarn[39m No storage module present; cannot load costume asset:  9af27a7ad39ec41b7cbfda3622d08a1a.svg
[90mvm [39m[33mwarn[39m No storage module present; cannot load costume asset:  9af27a7ad39ec41b7cbfda3622d08a1a.svg
[90mvm [39m[33mwarn[39m No storage module present; cannot load costume asset:  1481d16d3819203cfe4853a38571f5e5.svg
[90mvm [39m[33mwarn[39m No storage module present; cannot load sound asset:  83a9787d4cb6f3b7632b4ddfebf74367.wav
[90mvm [39m[33mwarn[39m No storage module present; cannot load costume asset:  1806dd9867ca8ed5842bc495f08d4e03.svg
[90mvm [39m[33mwarn[39m No storage module present; cannot load costume asset:  9af27a7ad39ec41b7cbfda3622d08a1a.svg
[90mvm [39m[33mwarn[39m No storage module present; cannot load costume asset:  9af27a7ad39ec41b7cbfda3622d08a1a.svg
[90mvm [39m[33mwarn[39m No storage module present; cannot load costume asset:  9af27a7ad39ec41b7cbfda3622d08a1a.svg
[90mvm [39m[33mwarn[39m No storage module present; cannot load costume asset:  9af27a7ad39ec41b7cbfda3622d08a1a.svg
[90mvm [39m[33mwarn[39m No storage module present; cannot load costume asset:  9af27a7ad39ec41b7cbfda3622d08a1a.svg
[90mvm [39m[33mwarn[39m No storage module present; cannot load sound asset:  83a9787d4cb6f3b7632b4ddfebf74367.wav
[90mvm [39m[33mwarn[39m No storage module present; cannot load costume asset:  66d90887fd3bb1eb289a9e739c6f7143.svg
[90mvm [39m[33mwarn[39m No storage module present; cannot load sound asset:  83a9787d4cb6f3b7632b4ddfebf74367.wav
[90mvm [39m[33mwarn[39m No storage module present; cannot load costume asset:  e55ab54aaec87085a3f43192ba537e91.svg
[90mvm [39m[33mwarn[39m No storage module present; cannot load costume asset:  5aa1aeddd5c7069abd3ad0fb58f78ab6.svg
[90mvm [39m[33mwarn[39m No storage module present; cannot load costume asset:  42f733825da371c2dddab0f1b2ebc8a5.svg
[90mvm [39m[33mwarn[39m No storage module present; cannot load costume asset:  6d49a4a69aca34a85dc2ebf080aba80b.svg
[90mvm [39m[33mwarn[39m No storage module present; cannot load costume asset:  39dff0f6408602c585bd15bb4673babe.svg
[90mvm [39m[33mwarn[39m No storage module present; cannot load costume asset:  a130250b8d09a3f24fd0dcb9588ba163.svg
[90mvm [39m[33mwarn[39m No storage module present; cannot load costume asset:  141415ca70fbc4de5dee86ddd4facef3.svg
[90mvm [39m[33mwarn[39m No storage module present; cannot load sound asset:  83a9787d4cb6f3b7632b4ddfebf74367.wav
[90mvm [39m[33mwarn[39m No storage module present; cannot load costume asset:  730f14b00eb18673424dddbde7c6cc60.svg
[90mvm [39m[33mwarn[39m No storage module present; cannot load costume asset:  80f19b08826e3a245847c271f85fdf7a.svg
[90mvm [39m[33mwarn[39m No storage module present; cannot load costume asset:  cd42d2933f4560d2863288bc25e29308.svg
[90mvm [39m[33mwarn[39m No storage module present; cannot load costume asset:  cfec5d13aa3cc143da88f05123996f29.svg
[90mvm [39m[33mwarn[39m No storage module present; cannot load costume asset:  5e41c5216842f7d9d0d0b24f4ed883e4.svg
[90mvm [39m[33mwarn[39m No storage module present; cannot load costume asset:  326e33a975e6aa3a88df8a68722d6969.svg
[90mvm [39m[33mwarn[39m No storage module present; cannot load costume asset:  cd21514d0531fdffb22204e0ec5ed84a.svg
[90mvm [39m[33mwarn[39m No storage module present; cannot load sound asset:  83a9787d4cb6f3b7632b4ddfebf74367.wav
[90mvm [39m[33mwarn[39m No storage module present; cannot load costume asset:  3190e19ec950c03524f334f4f7b59c22.svg
[90mvm [39m[33mwarn[39m No storage module present; cannot load costume asset:  3190e19ec950c03524f334f4f7b59c22.svg
[90mvm [39m[33mwarn[39m No storage module present; cannot load costume asset:  44969ac5db326523031100333b57ad2a.svg
[90mvm [39m[33mwarn[39m No storage module present; cannot load costume asset:  b000d54e0677c079ced010e8ce566457.svg
[90mvm [39m[33mwarn[39m No storage module present; cannot load costume asset:  204effd510cefd9146ffda5fc0e5873a.svg
[90mvm [39m[33mwarn[39m No storage module present; cannot load costume asset:  3190e19ec950c03524f334f4f7b59c22.svg
[90mvm [39m[33mwarn[39m No storage module present; cannot load costume asset:  d5d8b5a89137518394ab1b7a0be88516.svg
[90mvm [39m[33mwarn[39m No storage module present; cannot load sound asset:  83a9787d4cb6f3b7632b4ddfebf74367.wav
[90mvm [39m[33mwarn[39m No storage module present; cannot load costume asset:  3dc803b43a68906d55665764e8a2828b.svg
[90mvm [39m[33mwarn[39m No storage module present; cannot load costume asset:  e1648c34cf76a661fac4dc3f8e2a2585.svg
[90mvm [39m[33mwarn[39m No storage module present; cannot load costume asset:  42bbe94a62f2337945b2a1616fbe618e.svg
[90mvm [39m[33mwarn[39m No storage module present; cannot load costume asset:  07a871b49fa10ba0e7c14189228a5569.svg
[90mvm [39m[33mwarn[39m No storage module present; cannot load costume asset:  e88197b44787e0fb6191888431dd9210.svg
[90mvm [39m[33mwarn[39m No storage module present; cannot load costume asset:  4ea816360a514e379cee1cac0b072810.svg
[90mvm [39m[33mwarn[39m No storage module present; cannot load sound asset:  f79507a0a0f892e6414a6072604e03f5.wav
[90mvm [39m[33mwarn[39m No storage module present; cannot load sound asset:  7b4ca478bae63fbb1aa4219553e0138f.wav
[90mvm [39m[33mwarn[39m No storage module present; cannot load sound asset:  b85de9b910842dacd099696616247678.wav
[90mvm [39m[33mwarn[39m No storage module present; cannot load sound asset:  3b7afd1ac0ea6155699b6eceaf484b72.wav
[90mvm [39m[33mwarn[39m No storage module present; cannot load sound asset:  b179c32f2b858bddee55582bc8a34dae.wav
[90mvm [39m[33mwarn[39m No storage module present; cannot load costume asset:  26f999095ef03b066951985cf07f596f.svg
[90mvm [39m[33mwarn[39m No storage module present; cannot load sound asset:  83a9787d4cb6f3b7632b4ddfebf74367.wav
[90mvm [39m[33mwarn[39m No storage module present; cannot load costume asset:  14e46ec3e2ba471c2adfe8f119052307.svg
[90mvm [39m[33mwarn[39m No storage module present; cannot load costume asset:  cd21514d0531fdffb22204e0ec5ed84a.svg
[90mvm [39m[33mwarn[39m No storage module present; cannot load costume asset:  cd21514d0531fdffb22204e0ec5ed84a.svg
[90mvm [39m[33mwarn[39m No storage module present; cannot load costume asset:  c3e796fc17b422fca0d7a74e0c250410.svg
[90mvm [39m[33mwarn[39m No storage module present; cannot load sound asset:  d73eec8340f36c59f06f3a16a7fc52e6.wav
[90mvm [39m[33mwarn[39m No storage module present; cannot load costume asset:  bafc73be10b34c239fbd409c1418f32c.svg
[90mvm [39m[33mwarn[39m No storage module present; cannot load sound asset:  a810e368291b9c39e5bca884ee89ef48.wav
[90mvm [39m[33mwarn[39m No storage module present; cannot load sound asset:  4d34cc82d710140c9abcf93bb96a1ddf.wav
[90mvm [39m[33mwarn[39m No storage module present; cannot load sound asset:  b29a51d951eb0f3158de679e6095de4b.wav
[90mvm [39m[33mwarn[39m No storage module present; cannot load sound asset:  2a8eda60417cc8a6dc3f9420ccf4bba7.wav
[90mvm [39m[33mwarn[39m No storage module present; cannot load sound asset:  57a7f8feaea9f3928087dd5ca5d988ba.wav
[90mvm [39m[33mwarn[39m No storage module present; cannot load sound asset:  82ab5343fff1e98ce5d0f512617faa08.wav
[90mvm [39m[33mwarn[39m Central dispatch replacing existing service provider for extension_0_text2speech
[36mℹ[0m  Sequence: Double_Inject
[31m✘[0m  Sequence "Double_Inject" crashed: window is not defined
[90m───────────────────────────────────────────────────────[0m
[90mvm [39m[33mwarn[39m Central dispatch replacing existing service provider for runtime
[90mvm [39m[33mwarn[39m Central dispatch replacing existing service provider for extensions
[90mvm [39m[33mwarn[39m No storage module present; cannot load costume asset:  bb679df5f363efbf0afe27dc9b90a83b.svg
[90mvm [39m[33mwarn[39m No storage module present; cannot load sound asset:  c5edfc991455629d6c9efa4235bdb1b4.mp3
[90mvm [39m[33mwarn[39m No storage module present; cannot load costume asset:  257abdc852bd12c6fbd1ef3b12736739.svg
[90mvm [39m[33mwarn[39m No storage module present; cannot load sound asset:  83a9787d4cb6f3b7632b4ddfebf74367.wav
[90mvm [39m[33mwarn[39m No storage module present; cannot load costume asset:  1806dd9867ca8ed5842bc495f08d4e03.svg
[90mvm [39m[33mwarn[39m No storage module present; cannot load costume asset:  9af27a7ad39ec41b7cbfda3622d08a1a.svg
[90mvm [39m[33mwarn[39m No storage module present; cannot load costume asset:  9af27a7ad39ec41b7cbfda3622d08a1a.svg
[90mvm [39m[33mwarn[39m No storage module present; cannot load costume asset:  9af27a7ad39ec41b7cbfda3622d08a1a.svg
[90mvm [39m[33mwarn[39m No storage module present; cannot load costume asset:  9af27a7ad39ec41b7cbfda3622d08a1a.svg
[90mvm [39m[33mwarn[39m No storage module present; cannot load costume asset:  1481d16d3819203cfe4853a38571f5e5.svg
[90mvm [39m[33mwarn[39m No storage module present; cannot load sound asset:  83a9787d4cb6f3b7632b4ddfebf74367.wav
[90mvm [39m[33mwarn[39m No storage module present; cannot load costume asset:  1806dd9867ca8ed5842bc495f08d4e03.svg
[90mvm [39m[33mwarn[39m No storage module present; cannot load costume asset:  9af27a7ad39ec41b7cbfda3622d08a1a.svg
[90mvm [39m[33mwarn[39m No storage module present; cannot load costume asset:  9af27a7ad39ec41b7cbfda3622d08a1a.svg
[90mvm [39m[33mwarn[39m No storage module present; cannot load costume asset:  9af27a7ad39ec41b7cbfda3622d08a1a.svg
[90mvm [39m[33mwarn[39m No storage module present; cannot load costume asset:  9af27a7ad39ec41b7cbfda3622d08a1a.svg
[90mvm [39m[33mwarn[39m No storage module present; cannot load costume asset:  9af27a7ad39ec41b7cbfda3622d08a1a.svg
[90mvm [39m[33mwarn[39m No storage module present; cannot load sound asset:  83a9787d4cb6f3b7632b4ddfebf74367.wav
[90mvm [39m[33mwarn[39m No storage module present; cannot load costume asset:  66d90887fd3bb1eb289a9e739c6f7143.svg
[90mvm [39m[33mwarn[39m No storage module present; cannot load sound asset:  83a9787d4cb6f3b7632b4ddfebf74367.wav
[90mvm [39m[33mwarn[39m No storage module present; cannot load costume asset:  e55ab54aaec87085a3f43192ba537e91.svg
[90mvm [39m[33mwarn[39m No storage module present; cannot load costume asset:  5aa1aeddd5c7069abd3ad0fb58f78ab6.svg
[90mvm [39m[33mwarn[39m No storage module present; cannot load costume asset:  42f733825da371c2dddab0f1b2ebc8a5.svg
[90mvm [39m[33mwarn[39m No storage module present; cannot load costume asset:  6d49a4a69aca34a85dc2ebf080aba80b.svg
[90mvm [39m[33mwarn[39m No storage module present; cannot load costume asset:  39dff0f6408602c585bd15bb4673babe.svg
[90mvm [39m[33mwarn[39m No storage module present; cannot load costume asset:  a130250b8d09a3f24fd0dcb9588ba163.svg
[90mvm [39m[33mwarn[39m No storage module present; cannot load costume asset:  141415ca70fbc4de5dee86ddd4facef3.svg
[90mvm [39m[33mwarn[39m No storage module present; cannot load sound asset:  83a9787d4cb6f3b7632b4ddfebf74367.wav
[90mvm [39m[33mwarn[39m No storage module present; cannot load costume asset:  730f14b00eb18673424dddbde7c6cc60.svg
[90mvm [39m[33mwarn[39m No storage module present; cannot load costume asset:  80f19b08826e3a245847c271f85fdf7a.svg
[90mvm [39m[33mwarn[39m No storage module present; cannot load costume asset:  cd42d2933f4560d2863288bc25e29308.svg
[90mvm [39m[33mwarn[39m No storage module present; cannot load costume asset:  cfec5d13aa3cc143da88f05123996f29.svg
[90mvm [39m[33mwarn[39m No storage module present; cannot load costume asset:  5e41c5216842f7d9d0d0b24f4ed883e4.svg
[90mvm [39m[33mwarn[39m No storage module present; cannot load costume asset:  326e33a975e6aa3a88df8a68722d6969.svg
[90mvm [39m[33mwarn[39m No storage module present; cannot load costume asset:  cd21514d0531fdffb22204e0ec5ed84a.svg
[90mvm [39m[33mwarn[39m No storage module present; cannot load sound asset:  83a9787d4cb6f3b7632b4ddfebf74367.wav
[90mvm [39m[33mwarn[39m No storage module present; cannot load costume asset:  3190e19ec950c03524f334f4f7b59c22.svg
[90mvm [39m[33mwarn[39m No storage module present; cannot load costume asset:  3190e19ec950c03524f334f4f7b59c22.svg
[90mvm [39m[33mwarn[39m No storage module present; cannot load costume asset:  44969ac5db326523031100333b57ad2a.svg
[90mvm [39m[33mwarn[39m No storage module present; cannot load costume asset:  b000d54e0677c079ced010e8ce566457.svg
[90mvm [39m[33mwarn[39m No storage module present; cannot load costume asset:  204effd510cefd9146ffda5fc0e5873a.svg
[90mvm [39m[33mwarn[39m No storage module present; cannot load costume asset:  3190e19ec950c03524f334f4f7b59c22.svg
[90mvm [39m[33mwarn[39m No storage module present; cannot load costume asset:  d5d8b5a89137518394ab1b7a0be88516.svg
[90mvm [39m[33mwarn[39m No storage module present; cannot load sound asset:  83a9787d4cb6f3b7632b4ddfebf74367.wav
[90mvm [39m[33mwarn[39m No storage module present; cannot load costume asset:  3dc803b43a68906d55665764e8a2828b.svg
[90mvm [39m[33mwarn[39m No storage module present; cannot load costume asset:  e1648c34cf76a661fac4dc3f8e2a2585.svg
[90mvm [39m[33mwarn[39m No storage module present; cannot load costume asset:  42bbe94a62f2337945b2a1616fbe618e.svg
[90mvm [39m[33mwarn[39m No storage module present; cannot load costume asset:  07a871b49fa10ba0e7c14189228a5569.svg
[90mvm [39m[33mwarn[39m No storage module present; cannot load costume asset:  e88197b44787e0fb6191888431dd9210.svg
[90mvm [39m[33mwarn[39m No storage module present; cannot load costume asset:  4ea816360a514e379cee1cac0b072810.svg
[90mvm [39m[33mwarn[39m No storage module present; cannot load sound asset:  f79507a0a0f892e6414a6072604e03f5.wav
[90mvm [39m[33mwarn[39m No storage module present; cannot load sound asset:  7b4ca478bae63fbb1aa4219553e0138f.wav
[90mvm [39m[33mwarn[39m No storage module present; cannot load sound asset:  b85de9b910842dacd099696616247678.wav
[90mvm [39m[33mwarn[39m No storage module present; cannot load sound asset:  3b7afd1ac0ea6155699b6eceaf484b72.wav
[90mvm [39m[33mwarn[39m No storage module present; cannot load sound asset:  b179c32f2b858bddee55582bc8a34dae.wav
[90mvm [39m[33mwarn[39m No storage module present; cannot load costume asset:  26f999095ef03b066951985cf07f596f.svg
[90mvm [39m[33mwarn[39m No storage module present; cannot load sound asset:  83a9787d4cb6f3b7632b4ddfebf74367.wav
[90mvm [39m[33mwarn[39m No storage module present; cannot load costume asset:  14e46ec3e2ba471c2adfe8f119052307.svg
[90mvm [39m[33mwarn[39m No storage module present; cannot load costume asset:  cd21514d0531fdffb22204e0ec5ed84a.svg
[90mvm [39m[33mwarn[39m No storage module present; cannot load costume asset:  cd21514d0531fdffb22204e0ec5ed84a.svg
[90mvm [39m[33mwarn[39m No storage module present; cannot load costume asset:  c3e796fc17b422fca0d7a74e0c250410.svg
[90mvm [39m[33mwarn[39m No storage module present; cannot load sound asset:  d73eec8340f36c59f06f3a16a7fc52e6.wav
[90mvm [39m[33mwarn[39m No storage module present; cannot load costume asset:  bafc73be10b34c239fbd409c1418f32c.svg
[90mvm [39m[33mwarn[39m No storage module present; cannot load sound asset:  a810e368291b9c39e5bca884ee89ef48.wav
[90mvm [39m[33mwarn[39m No storage module present; cannot load sound asset:  4d34cc82d710140c9abcf93bb96a1ddf.wav
[90mvm [39m[33mwarn[39m No storage module present; cannot load sound asset:  b29a51d951eb0f3158de679e6095de4b.wav
[90mvm [39m[33mwarn[39m No storage module present; cannot load sound asset:  2a8eda60417cc8a6dc3f9420ccf4bba7.wav
[90mvm [39m[33mwarn[39m No storage module present; cannot load sound asset:  57a7f8feaea9f3928087dd5ca5d988ba.wav
[90mvm [39m[33mwarn[39m No storage module present; cannot load sound asset:  82ab5343fff1e98ce5d0f512617faa08.wav
[90mvm [39m[33mwarn[39m No storage module present; cannot load costume asset:  bb679df5f363efbf0afe27dc9b90a83b.svg
[90mvm [39m[33mwarn[39m No storage module present; cannot load sound asset:  c5edfc991455629d6c9efa4235bdb1b4.mp3
[90mvm [39m[33mwarn[39m No storage module present; cannot load costume asset:  257abdc852bd12c6fbd1ef3b12736739.svg
[90mvm [39m[33mwarn[39m No storage module present; cannot load sound asset:  83a9787d4cb6f3b7632b4ddfebf74367.wav
[90mvm [39m[33mwarn[39m No storage module present; cannot load costume asset:  1806dd9867ca8ed5842bc495f08d4e03.svg
[90mvm [39m[33mwarn[39m No storage module present; cannot load costume asset:  9af27a7ad39ec41b7cbfda3622d08a1a.svg
[90mvm [39m[33mwarn[39m No storage module present; cannot load costume asset:  9af27a7ad39ec41b7cbfda3622d08a1a.svg
[90mvm [39m[33mwarn[39m No storage module present; cannot load costume asset:  9af27a7ad39ec41b7cbfda3622d08a1a.svg
[90mvm [39m[33mwarn[39m No storage module present; cannot load costume asset:  9af27a7ad39ec41b7cbfda3622d08a1a.svg
[90mvm [39m[33mwarn[39m No storage module present; cannot load costume asset:  1481d16d3819203cfe4853a38571f5e5.svg
[90mvm [39m[33mwarn[39m No storage module present; cannot load sound asset:  83a9787d4cb6f3b7632b4ddfebf74367.wav
[90mvm [39m[33mwarn[39m No storage module present; cannot load costume asset:  1806dd9867ca8ed5842bc495f08d4e03.svg
[90mvm [39m[33mwarn[39m No storage module present; cannot load costume asset:  9af27a7ad39ec41b7cbfda3622d08a1a.svg
[90mvm [39m[33mwarn[39m No storage module present; cannot load costume asset:  9af27a7ad39ec41b7cbfda3622d08a1a.svg
[90mvm [39m[33mwarn[39m No storage module present; cannot load costume asset:  9af27a7ad39ec41b7cbfda3622d08a1a.svg
[90mvm [39m[33mwarn[39m No storage module present; cannot load costume asset:  9af27a7ad39ec41b7cbfda3622d08a1a.svg
[90mvm [39m[33mwarn[39m No storage module present; cannot load costume asset:  9af27a7ad39ec41b7cbfda3622d08a1a.svg
[90mvm [39m[33mwarn[39m No storage module present; cannot load sound asset:  83a9787d4cb6f3b7632b4ddfebf74367.wav
[90mvm [39m[33mwarn[39m No storage module present; cannot load costume asset:  66d90887fd3bb1eb289a9e739c6f7143.svg
[90mvm [39m[33mwarn[39m No storage module present; cannot load sound asset:  83a9787d4cb6f3b7632b4ddfebf74367.wav
[90mvm [39m[33mwarn[39m No storage module present; cannot load costume asset:  e55ab54aaec87085a3f43192ba537e91.svg
[90mvm [39m[33mwarn[39m No storage module present; cannot load costume asset:  5aa1aeddd5c7069abd3ad0fb58f78ab6.svg
[90mvm [39m[33mwarn[39m No storage module present; cannot load costume asset:  42f733825da371c2dddab0f1b2ebc8a5.svg
[90mvm [39m[33mwarn[39m No storage module present; cannot load costume asset:  6d49a4a69aca34a85dc2ebf080aba80b.svg
[90mvm [39m[33mwarn[39m No storage module present; cannot load costume asset:  39dff0f6408602c585bd15bb4673babe.svg
[90mvm [39m[33mwarn[39m No storage module present; cannot load costume asset:  a130250b8d09a3f24fd0dcb9588ba163.svg
[90mvm [39m[33mwarn[39m No storage module present; cannot load costume asset:  141415ca70fbc4de5dee86ddd4facef3.svg
[90mvm [39m[33mwarn[39m No storage module present; cannot load sound asset:  83a9787d4cb6f3b7632b4ddfebf74367.wav
[90mvm [39m[33mwarn[39m No storage module present; cannot load costume asset:  730f14b00eb18673424dddbde7c6cc60.svg
[90mvm [39m[33mwarn[39m No storage module present; cannot load costume asset:  80f19b08826e3a245847c271f85fdf7a.svg
[90mvm [39m[33mwarn[39m No storage module present; cannot load costume asset:  cd42d2933f4560d2863288bc25e29308.svg
[90mvm [39m[33mwarn[39m No storage module present; cannot load costume asset:  cfec5d13aa3cc143da88f05123996f29.svg
[90mvm [39m[33mwarn[39m No storage module present; cannot load costume asset:  5e41c5216842f7d9d0d0b24f4ed883e4.svg
[90mvm [39m[33mwarn[39m No storage module present; cannot load costume asset:  326e33a975e6aa3a88df8a68722d6969.svg
[90mvm [39m[33mwarn[39m No storage module present; cannot load costume asset:  cd21514d0531fdffb22204e0ec5ed84a.svg
[90mvm [39m[33mwarn[39m No storage module present; cannot load sound asset:  83a9787d4cb6f3b7632b4ddfebf74367.wav
[90mvm [39m[33mwarn[39m No storage module present; cannot load costume asset:  3190e19ec950c03524f334f4f7b59c22.svg
[90mvm [39m[33mwarn[39m No storage module present; cannot load costume asset:  3190e19ec950c03524f334f4f7b59c22.svg
[90mvm [39m[33mwarn[39m No storage module present; cannot load costume asset:  44969ac5db326523031100333b57ad2a.svg
[90mvm [39m[33mwarn[39m No storage module present; cannot load costume asset:  b000d54e0677c079ced010e8ce566457.svg
[90mvm [39m[33mwarn[39m No storage module present; cannot load costume asset:  204effd510cefd9146ffda5fc0e5873a.svg
[90mvm [39m[33mwarn[39m No storage module present; cannot load costume asset:  3190e19ec950c03524f334f4f7b59c22.svg
[90mvm [39m[33mwarn[39m No storage module present; cannot load costume asset:  d5d8b5a89137518394ab1b7a0be88516.svg
[90mvm [39m[33mwarn[39m No storage module present; cannot load sound asset:  83a9787d4cb6f3b7632b4ddfebf74367.wav
[90mvm [39m[33mwarn[39m No storage module present; cannot load costume asset:  3dc803b43a68906d55665764e8a2828b.svg
[90mvm [39m[33mwarn[39m No storage module present; cannot load costume asset:  e1648c34cf76a661fac4dc3f8e2a2585.svg
[90mvm [39m[33mwarn[39m No storage module present; cannot load costume asset:  42bbe94a62f2337945b2a1616fbe618e.svg
[90mvm [39m[33mwarn[39m No storage module present; cannot load costume asset:  07a871b49fa10ba0e7c14189228a5569.svg
[90mvm [39m[33mwarn[39m No storage module present; cannot load costume asset:  e88197b44787e0fb6191888431dd9210.svg
[90mvm [39m[33mwarn[39m No storage module present; cannot load costume asset:  4ea816360a514e379cee1cac0b072810.svg
[90mvm [39m[33mwarn[39m No storage module present; cannot load sound asset:  f79507a0a0f892e6414a6072604e03f5.wav
[90mvm [39m[33mwarn[39m No storage module present; cannot load sound asset:  7b4ca478bae63fbb1aa4219553e0138f.wav
[90mvm [39m[33mwarn[39m No storage module present; cannot load sound asset:  b85de9b910842dacd099696616247678.wav
[90mvm [39m[33mwarn[39m No storage module present; cannot load sound asset:  3b7afd1ac0ea6155699b6eceaf484b72.wav
[90mvm [39m[33mwarn[39m No storage module present; cannot load sound asset:  b179c32f2b858bddee55582bc8a34dae.wav
[90mvm [39m[33mwarn[39m No storage module present; cannot load costume asset:  26f999095ef03b066951985cf07f596f.svg
[90mvm [39m[33mwarn[39m No storage module present; cannot load sound asset:  83a9787d4cb6f3b7632b4ddfebf74367.wav
[90mvm [39m[33mwarn[39m No storage module present; cannot load costume asset:  14e46ec3e2ba471c2adfe8f119052307.svg
[90mvm [39m[33mwarn[39m No storage module present; cannot load costume asset:  cd21514d0531fdffb22204e0ec5ed84a.svg
[90mvm [39m[33mwarn[39m No storage module present; cannot load costume asset:  cd21514d0531fdffb22204e0ec5ed84a.svg
[90mvm [39m[33mwarn[39m No storage module present; cannot load costume asset:  c3e796fc17b422fca0d7a74e0c250410.svg
[90mvm [39m[33mwarn[39m No storage module present; cannot load sound asset:  d73eec8340f36c59f06f3a16a7fc52e6.wav
[90mvm [39m[33mwarn[39m No storage module present; cannot load costume asset:  bafc73be10b34c239fbd409c1418f32c.svg
[90mvm [39m[33mwarn[39m No storage module present; cannot load sound asset:  a810e368291b9c39e5bca884ee89ef48.wav
[90mvm [39m[33mwarn[39m No storage module present; cannot load sound asset:  4d34cc82d710140c9abcf93bb96a1ddf.wav
[90mvm [39m[33mwarn[39m No storage module present; cannot load sound asset:  b29a51d951eb0f3158de679e6095de4b.wav
[90mvm [39m[33mwarn[39m No storage module present; cannot load sound asset:  2a8eda60417cc8a6dc3f9420ccf4bba7.wav
[90mvm [39m[33mwarn[39m No storage module present; cannot load sound asset:  57a7f8feaea9f3928087dd5ca5d988ba.wav
[90mvm [39m[33mwarn[39m No storage module present; cannot load sound asset:  82ab5343fff1e98ce5d0f512617faa08.wav
[90mvm [39m[33mwarn[39m Central dispatch replacing existing service provider for extension_0_text2speech
[36mℹ[0m  Sequence: Boot_Long_600
[31m[1mBUG[0m  [T2] Monotonic_Water
[90m       Sequence : Boot_Long_600[0m
[90m       Tick     : 348[0m
[90m       Detail   : Water decreased: 12 → 11[0m
[90m     Ticks: 600  Bugs found: 1[0m
[90m───────────────────────────────────────────────────────[0m
[90mvm [39m[33mwarn[39m Central dispatch replacing existing service provider for runtime
[90mvm [39m[33mwarn[39m Central dispatch replacing existing service provider for extensions
[90mvm [39m[33mwarn[39m No storage module present; cannot load costume asset:  bb679df5f363efbf0afe27dc9b90a83b.svg
[90mvm [39m[33mwarn[39m No storage module present; cannot load sound asset:  c5edfc991455629d6c9efa4235bdb1b4.mp3
[90mvm [39m[33mwarn[39m No storage module present; cannot load costume asset:  257abdc852bd12c6fbd1ef3b12736739.svg
[90mvm [39m[33mwarn[39m No storage module present; cannot load sound asset:  83a9787d4cb6f3b7632b4ddfebf74367.wav
[90mvm [39m[33mwarn[39m No storage module present; cannot load costume asset:  1806dd9867ca8ed5842bc495f08d4e03.svg
[90mvm [39m[33mwarn[39m No storage module present; cannot load costume asset:  9af27a7ad39ec41b7cbfda3622d08a1a.svg
[90mvm [39m[33mwarn[39m No storage module present; cannot load costume asset:  9af27a7ad39ec41b7cbfda3622d08a1a.svg
[90mvm [39m[33mwarn[39m No storage module present; cannot load costume asset:  9af27a7ad39ec41b7cbfda3622d08a1a.svg
[90mvm [39m[33mwarn[39m No storage module present; cannot load costume asset:  9af27a7ad39ec41b7cbfda3622d08a1a.svg
[90mvm [39m[33mwarn[39m No storage module present; cannot load costume asset:  1481d16d3819203cfe4853a38571f5e5.svg
[90mvm [39m[33mwarn[39m No storage module present; cannot load sound asset:  83a9787d4cb6f3b7632b4ddfebf74367.wav
[90mvm [39m[33mwarn[39m No storage module present; cannot load costume asset:  1806dd9867ca8ed5842bc495f08d4e03.svg
[90mvm [39m[33mwarn[39m No storage module present; cannot load costume asset:  9af27a7ad39ec41b7cbfda3622d08a1a.svg
[90mvm [39m[33mwarn[39m No storage module present; cannot load costume asset:  9af27a7ad39ec41b7cbfda3622d08a1a.svg
[90mvm [39m[33mwarn[39m No storage module present; cannot load costume asset:  9af27a7ad39ec41b7cbfda3622d08a1a.svg
[90mvm [39m[33mwarn[39m No storage module present; cannot load costume asset:  9af27a7ad39ec41b7cbfda3622d08a1a.svg
[90mvm [39m[33mwarn[39m No storage module present; cannot load costume asset:  9af27a7ad39ec41b7cbfda3622d08a1a.svg
[90mvm [39m[33mwarn[39m No storage module present; cannot load sound asset:  83a9787d4cb6f3b7632b4ddfebf74367.wav
[90mvm [39m[33mwarn[39m No storage module present; cannot load costume asset:  66d90887fd3bb1eb289a9e739c6f7143.svg
[90mvm [39m[33mwarn[39m No storage module present; cannot load sound asset:  83a9787d4cb6f3b7632b4ddfebf74367.wav
[90mvm [39m[33mwarn[39m No storage module present; cannot load costume asset:  e55ab54aaec87085a3f43192ba537e91.svg
[90mvm [39m[33mwarn[39m No storage module present; cannot load costume asset:  5aa1aeddd5c7069abd3ad0fb58f78ab6.svg
[90mvm [39m[33mwarn[39m No storage module present; cannot load costume asset:  42f733825da371c2dddab0f1b2ebc8a5.svg
[90mvm [39m[33mwarn[39m No storage module present; cannot load costume asset:  6d49a4a69aca34a85dc2ebf080aba80b.svg
[90mvm [39m[33mwarn[39m No storage module present; cannot load costume asset:  39dff0f6408602c585bd15bb4673babe.svg
[90mvm [39m[33mwarn[39m No storage module present; cannot load costume asset:  a130250b8d09a3f24fd0dcb9588ba163.svg
[90mvm [39m[33mwarn[39m No storage module present; cannot load costume asset:  141415ca70fbc4de5dee86ddd4facef3.svg
[90mvm [39m[33mwarn[39m No storage module present; cannot load sound asset:  83a9787d4cb6f3b7632b4ddfebf74367.wav
[90mvm [39m[33mwarn[39m No storage module present; cannot load costume asset:  730f14b00eb18673424dddbde7c6cc60.svg
[90mvm [39m[33mwarn[39m No storage module present; cannot load costume asset:  80f19b08826e3a245847c271f85fdf7a.svg
[90mvm [39m[33mwarn[39m No storage module present; cannot load costume asset:  cd42d2933f4560d2863288bc25e29308.svg
[90mvm [39m[33mwarn[39m No storage module present; cannot load costume asset:  cfec5d13aa3cc143da88f05123996f29.svg
[90mvm [39m[33mwarn[39m No storage module present; cannot load costume asset:  5e41c5216842f7d9d0d0b24f4ed883e4.svg
[90mvm [39m[33mwarn[39m No storage module present; cannot load costume asset:  326e33a975e6aa3a88df8a68722d6969.svg
[90mvm [39m[33mwarn[39m No storage module present; cannot load costume asset:  cd21514d0531fdffb22204e0ec5ed84a.svg
[90mvm [39m[33mwarn[39m No storage module present; cannot load sound asset:  83a9787d4cb6f3b7632b4ddfebf74367.wav
[90mvm [39m[33mwarn[39m No storage module present; cannot load costume asset:  3190e19ec950c03524f334f4f7b59c22.svg
[90mvm [39m[33mwarn[39m No storage module present; cannot load costume asset:  3190e19ec950c03524f334f4f7b59c22.svg
[90mvm [39m[33mwarn[39m No storage module present; cannot load costume asset:  44969ac5db326523031100333b57ad2a.svg
[90mvm [39m[33mwarn[39m No storage module present; cannot load costume asset:  b000d54e0677c079ced010e8ce566457.svg
[90mvm [39m[33mwarn[39m No storage module present; cannot load costume asset:  204effd510cefd9146ffda5fc0e5873a.svg
[90mvm [39m[33mwarn[39m No storage module present; cannot load costume asset:  3190e19ec950c03524f334f4f7b59c22.svg
[90mvm [39m[33mwarn[39m No storage module present; cannot load costume asset:  d5d8b5a89137518394ab1b7a0be88516.svg
[90mvm [39m[33mwarn[39m No storage module present; cannot load sound asset:  83a9787d4cb6f3b7632b4ddfebf74367.wav
[90mvm [39m[33mwarn[39m No storage module present; cannot load costume asset:  3dc803b43a68906d55665764e8a2828b.svg
[90mvm [39m[33mwarn[39m No storage module present; cannot load costume asset:  e1648c34cf76a661fac4dc3f8e2a2585.svg
[90mvm [39m[33mwarn[39m No storage module present; cannot load costume asset:  42bbe94a62f2337945b2a1616fbe618e.svg
[90mvm [39m[33mwarn[39m No storage module present; cannot load costume asset:  07a871b49fa10ba0e7c14189228a5569.svg
[90mvm [39m[33mwarn[39m No storage module present; cannot load costume asset:  e88197b44787e0fb6191888431dd9210.svg
[90mvm [39m[33mwarn[39m No storage module present; cannot load costume asset:  4ea816360a514e379cee1cac0b072810.svg
[90mvm [39m[33mwarn[39m No storage module present; cannot load sound asset:  f79507a0a0f892e6414a6072604e03f5.wav
[90mvm [39m[33mwarn[39m No storage module present; cannot load sound asset:  7b4ca478bae63fbb1aa4219553e0138f.wav
[90mvm [39m[33mwarn[39m No storage module present; cannot load sound asset:  b85de9b910842dacd099696616247678.wav
[90mvm [39m[33mwarn[39m No storage module present; cannot load sound asset:  3b7afd1ac0ea6155699b6eceaf484b72.wav
[90mvm [39m[33mwarn[39m No storage module present; cannot load sound asset:  b179c32f2b858bddee55582bc8a34dae.wav
[90mvm [39m[33mwarn[39m No storage module present; cannot load costume asset:  26f999095ef03b066951985cf07f596f.svg
[90mvm [39m[33mwarn[39m No storage module present; cannot load sound asset:  83a9787d4cb6f3b7632b4ddfebf74367.wav
[90mvm [39m[33mwarn[39m No storage module present; cannot load costume asset:  14e46ec3e2ba471c2adfe8f119052307.svg
[90mvm [39m[33mwarn[39m No storage module present; cannot load costume asset:  cd21514d0531fdffb22204e0ec5ed84a.svg
[90mvm [39m[33mwarn[39m No storage module present; cannot load costume asset:  cd21514d0531fdffb22204e0ec5ed84a.svg
[90mvm [39m[33mwarn[39m No storage module present; cannot load costume asset:  c3e796fc17b422fca0d7a74e0c250410.svg
[90mvm [39m[33mwarn[39m No storage module present; cannot load sound asset:  d73eec8340f36c59f06f3a16a7fc52e6.wav
[90mvm [39m[33mwarn[39m No storage module present; cannot load costume asset:  bafc73be10b34c239fbd409c1418f32c.svg
[90mvm [39m[33mwarn[39m No storage module present; cannot load sound asset:  a810e368291b9c39e5bca884ee89ef48.wav
[90mvm [39m[33mwarn[39m No storage module present; cannot load sound asset:  4d34cc82d710140c9abcf93bb96a1ddf.wav
[90mvm [39m[33mwarn[39m No storage module present; cannot load sound asset:  b29a51d951eb0f3158de679e6095de4b.wav
[90mvm [39m[33mwarn[39m No storage module present; cannot load sound asset:  2a8eda60417cc8a6dc3f9420ccf4bba7.wav
[90mvm [39m[33mwarn[39m No storage module present; cannot load sound asset:  57a7f8feaea9f3928087dd5ca5d988ba.wav
[90mvm [39m[33mwarn[39m No storage module present; cannot load sound asset:  82ab5343fff1e98ce5d0f512617faa08.wav
[90mvm [39m[33mwarn[39m No storage module present; cannot load costume asset:  bb679df5f363efbf0afe27dc9b90a83b.svg
[90mvm [39m[33mwarn[39m No storage module present; cannot load sound asset:  c5edfc991455629d6c9efa4235bdb1b4.mp3
[90mvm [39m[33mwarn[39m No storage module present; cannot load costume asset:  257abdc852bd12c6fbd1ef3b12736739.svg
[90mvm [39m[33mwarn[39m No storage module present; cannot load sound asset:  83a9787d4cb6f3b7632b4ddfebf74367.wav
[90mvm [39m[33mwarn[39m No storage module present; cannot load costume asset:  1806dd9867ca8ed5842bc495f08d4e03.svg
[90mvm [39m[33mwarn[39m No storage module present; cannot load costume asset:  9af27a7ad39ec41b7cbfda3622d08a1a.svg
[90mvm [39m[33mwarn[39m No storage module present; cannot load costume asset:  9af27a7ad39ec41b7cbfda3622d08a1a.svg
[90mvm [39m[33mwarn[39m No storage module present; cannot load costume asset:  9af27a7ad39ec41b7cbfda3622d08a1a.svg
[90mvm [39m[33mwarn[39m No storage module present; cannot load costume asset:  9af27a7ad39ec41b7cbfda3622d08a1a.svg
[90mvm [39m[33mwarn[39m No storage module present; cannot load costume asset:  1481d16d3819203cfe4853a38571f5e5.svg
[90mvm [39m[33mwarn[39m No storage module present; cannot load sound asset:  83a9787d4cb6f3b7632b4ddfebf74367.wav
[90mvm [39m[33mwarn[39m No storage module present; cannot load costume asset:  1806dd9867ca8ed5842bc495f08d4e03.svg
[90mvm [39m[33mwarn[39m No storage module present; cannot load costume asset:  9af27a7ad39ec41b7cbfda3622d08a1a.svg
[90mvm [39m[33mwarn[39m No storage module present; cannot load costume asset:  9af27a7ad39ec41b7cbfda3622d08a1a.svg
[90mvm [39m[33mwarn[39m No storage module present; cannot load costume asset:  9af27a7ad39ec41b7cbfda3622d08a1a.svg
[90mvm [39m[33mwarn[39m No storage module present; cannot load costume asset:  9af27a7ad39ec41b7cbfda3622d08a1a.svg
[90mvm [39m[33mwarn[39m No storage module present; cannot load costume asset:  9af27a7ad39ec41b7cbfda3622d08a1a.svg
[90mvm [39m[33mwarn[39m No storage module present; cannot load sound asset:  83a9787d4cb6f3b7632b4ddfebf74367.wav
[90mvm [39m[33mwarn[39m No storage module present; cannot load costume asset:  66d90887fd3bb1eb289a9e739c6f7143.svg
[90mvm [39m[33mwarn[39m No storage module present; cannot load sound asset:  83a9787d4cb6f3b7632b4ddfebf74367.wav
[90mvm [39m[33mwarn[39m No storage module present; cannot load costume asset:  e55ab54aaec87085a3f43192ba537e91.svg
[90mvm [39m[33mwarn[39m No storage module present; cannot load costume asset:  5aa1aeddd5c7069abd3ad0fb58f78ab6.svg
[90mvm [39m[33mwarn[39m No storage module present; cannot load costume asset:  42f733825da371c2dddab0f1b2ebc8a5.svg
[90mvm [39m[33mwarn[39m No storage module present; cannot load costume asset:  6d49a4a69aca34a85dc2ebf080aba80b.svg
[90mvm [39m[33mwarn[39m No storage module present; cannot load costume asset:  39dff0f6408602c585bd15bb4673babe.svg
[90mvm [39m[33mwarn[39m No storage module present; cannot load costume asset:  a130250b8d09a3f24fd0dcb9588ba163.svg
[90mvm [39m[33mwarn[39m No storage module present; cannot load costume asset:  141415ca70fbc4de5dee86ddd4facef3.svg
[90mvm [39m[33mwarn[39m No storage module present; cannot load sound asset:  83a9787d4cb6f3b7632b4ddfebf74367.wav
[90mvm [39m[33mwarn[39m No storage module present; cannot load costume asset:  730f14b00eb18673424dddbde7c6cc60.svg
[90mvm [39m[33mwarn[39m No storage module present; cannot load costume asset:  80f19b08826e3a245847c271f85fdf7a.svg
[90mvm [39m[33mwarn[39m No storage module present; cannot load costume asset:  cd42d2933f4560d2863288bc25e29308.svg
[90mvm [39m[33mwarn[39m No storage module present; cannot load costume asset:  cfec5d13aa3cc143da88f05123996f29.svg
[90mvm [39m[33mwarn[39m No storage module present; cannot load costume asset:  5e41c5216842f7d9d0d0b24f4ed883e4.svg
[90mvm [39m[33mwarn[39m No storage module present; cannot load costume asset:  326e33a975e6aa3a88df8a68722d6969.svg
[90mvm [39m[33mwarn[39m No storage module present; cannot load costume asset:  cd21514d0531fdffb22204e0ec5ed84a.svg
[90mvm [39m[33mwarn[39m No storage module present; cannot load sound asset:  83a9787d4cb6f3b7632b4ddfebf74367.wav
[90mvm [39m[33mwarn[39m No storage module present; cannot load costume asset:  3190e19ec950c03524f334f4f7b59c22.svg
[90mvm [39m[33mwarn[39m No storage module present; cannot load costume asset:  3190e19ec950c03524f334f4f7b59c22.svg
[90mvm [39m[33mwarn[39m No storage module present; cannot load costume asset:  44969ac5db326523031100333b57ad2a.svg
[90mvm [39m[33mwarn[39m No storage module present; cannot load costume asset:  b000d54e0677c079ced010e8ce566457.svg
[90mvm [39m[33mwarn[39m No storage module present; cannot load costume asset:  204effd510cefd9146ffda5fc0e5873a.svg
[90mvm [39m[33mwarn[39m No storage module present; cannot load costume asset:  3190e19ec950c03524f334f4f7b59c22.svg
[90mvm [39m[33mwarn[39m No storage module present; cannot load costume asset:  d5d8b5a89137518394ab1b7a0be88516.svg
[90mvm [39m[33mwarn[39m No storage module present; cannot load sound asset:  83a9787d4cb6f3b7632b4ddfebf74367.wav
[90mvm [39m[33mwarn[39m No storage module present; cannot load costume asset:  3dc803b43a68906d55665764e8a2828b.svg
[90mvm [39m[33mwarn[39m No storage module present; cannot load costume asset:  e1648c34cf76a661fac4dc3f8e2a2585.svg
[90mvm [39m[33mwarn[39m No storage module present; cannot load costume asset:  42bbe94a62f2337945b2a1616fbe618e.svg
[90mvm [39m[33mwarn[39m No storage module present; cannot load costume asset:  07a871b49fa10ba0e7c14189228a5569.svg
[90mvm [39m[33mwarn[39m No storage module present; cannot load costume asset:  e88197b44787e0fb6191888431dd9210.svg
[90mvm [39m[33mwarn[39m No storage module present; cannot load costume asset:  4ea816360a514e379cee1cac0b072810.svg
[90mvm [39m[33mwarn[39m No storage module present; cannot load sound asset:  f79507a0a0f892e6414a6072604e03f5.wav
[90mvm [39m[33mwarn[39m No storage module present; cannot load sound asset:  7b4ca478bae63fbb1aa4219553e0138f.wav
[90mvm [39m[33mwarn[39m No storage module present; cannot load sound asset:  b85de9b910842dacd099696616247678.wav
[90mvm [39m[33mwarn[39m No storage module present; cannot load sound asset:  3b7afd1ac0ea6155699b6eceaf484b72.wav
[90mvm [39m[33mwarn[39m No storage module present; cannot load sound asset:  b179c32f2b858bddee55582bc8a34dae.wav
[90mvm [39m[33mwarn[39m No storage module present; cannot load costume asset:  26f999095ef03b066951985cf07f596f.svg
[90mvm [39m[33mwarn[39m No storage module present; cannot load sound asset:  83a9787d4cb6f3b7632b4ddfebf74367.wav
[90mvm [39m[33mwarn[39m No storage module present; cannot load costume asset:  14e46ec3e2ba471c2adfe8f119052307.svg
[90mvm [39m[33mwarn[39m No storage module present; cannot load costume asset:  cd21514d0531fdffb22204e0ec5ed84a.svg
[90mvm [39m[33mwarn[39m No storage module present; cannot load costume asset:  cd21514d0531fdffb22204e0ec5ed84a.svg
[90mvm [39m[33mwarn[39m No storage module present; cannot load costume asset:  c3e796fc17b422fca0d7a74e0c250410.svg
[90mvm [39m[33mwarn[39m No storage module present; cannot load sound asset:  d73eec8340f36c59f06f3a16a7fc52e6.wav
[90mvm [39m[33mwarn[39m No storage module present; cannot load costume asset:  bafc73be10b34c239fbd409c1418f32c.svg
[90mvm [39m[33mwarn[39m No storage module present; cannot load sound asset:  a810e368291b9c39e5bca884ee89ef48.wav
[90mvm [39m[33mwarn[39m No storage module present; cannot load sound asset:  4d34cc82d710140c9abcf93bb96a1ddf.wav
[90mvm [39m[33mwarn[39m No storage module present; cannot load sound asset:  b29a51d951eb0f3158de679e6095de4b.wav
[90mvm [39m[33mwarn[39m No storage module present; cannot load sound asset:  2a8eda60417cc8a6dc3f9420ccf4bba7.wav
[90mvm [39m[33mwarn[39m No storage module present; cannot load sound asset:  57a7f8feaea9f3928087dd5ca5d988ba.wav
[90mvm [39m[33mwarn[39m No storage module present; cannot load sound asset:  82ab5343fff1e98ce5d0f512617faa08.wav
[90mvm [39m[33mwarn[39m Central dispatch replacing existing service provider for extension_0_text2speech
[36mℹ[0m  Sequence: Playing_Rapid_Switch
[31m✘[0m  Sequence "Playing_Rapid_Switch" crashed: window is not defined
[90m───────────────────────────────────────────────────────[0m

[1m[36mSummary[0m

[36mℹ[0m  Sequences     : 12
[36mℹ[0m  Total ticks   : 900
[36mℹ[0m  States visited: Unclassified
[36mℹ[0m  Events used   : inject:start, key:Left, key:Right, key:Up
[36mℹ[0m  Bugs found    : 1
[90m───────────────────────────────────────────────────────[0m
[31m✘[0m  Bug 1 [T2] Monotonic_Water
[90m     Sequence : Boot_Long_600[0m
[90m     Tick     : 348[0m
[90m     Detail   : Water decreased: 12 → 11[0m
[90m───────────────────────────────────────────────────────[0m
[32m✔[0m  Report: desert\desert_bug_report.json
