
[1m[36mFuzzer Full — Step 3[0m

[36mℹ[0m  Program  : Maze.sb3
[36mℹ[0m  Oracles  : maze_oracles.js (8 oracles)
[36mℹ[0m  Analysis : maze_analysis.json
[36mℹ[0m  Keys     : 0, 1, 2, 3, 4, 5, 6, 7, 8, 9, a, b, c, d, Down, e, f, g, h, i, j, k, l, Left, m, n, o, p, q, r, Right, s,  , t, u, Up, v, w, x, y, z
[36mℹ[0m  Start    : logo start
[36mℹ[0m  Camera   : checked
[36mℹ[0m  Sequences: 14
[90m───────────────────────────────────────────────────────[0m
[90m───────────────────────────────────────────────────────[0m
[90mvm [39m[33mwarn[39m No storage module present; cannot load costume asset:  bfc4b9c94a1cf4e18c6a6a3fc529e525.png
[90mvm [39m[33mwarn[39m No storage module present; cannot load costume asset:  90a4d445b9ffb2d9caeb822eba4ef4ec.png
[90mvm [39m[33mwarn[39m No storage module present; cannot load costume asset:  91459961c7d86f7b84bbcfa154fc53f5.png
[90mvm [39m[33mwarn[39m No storage module present; cannot load costume asset:  46e79b8558784788323c24fe9c4bcee1.png
[90mvm [39m[33mwarn[39m No storage module present; cannot load costume asset:  16b4d4f3aa955d7772c9d2259b28e7ab.png
[90mvm [39m[33mwarn[39m No storage module present; cannot load costume asset:  0152c476bc9cdf1355aed54a85f8e86d.png
[90mvm [39m[33mwarn[39m No storage module present; cannot load costume asset:  ecaece6b57ea1fa21a55e41e5fa37def.png
[90mvm [39m[33mwarn[39m No storage module present; cannot load costume asset:  e1f257cdbbeb994bdeb71891f4aa70b1.png
[90mvm [39m[33mwarn[39m No storage module present; cannot load costume asset:  0d9e25332cd4fef7e415a3ad2870dc61.png
[90mvm [39m[33mwarn[39m No storage module present; cannot load costume asset:  c46276eba3dcf55b37ae4aa8b3471c13.png
[90mvm [39m[33mwarn[39m No storage module present; cannot load costume asset:  8b7573f38429fd89b6969510f40cce56.png
[90mvm [39m[33mwarn[39m No storage module present; cannot load costume asset:  9312dd4b55257d20a53fed9649e7a757.png
[90mvm [39m[33mwarn[39m No storage module present; cannot load costume asset:  9657832c3057b34128e7d98b8c3f1eaa.png
[90mvm [39m[33mwarn[39m No storage module present; cannot load costume asset:  b21f7df9b47dfe2de1149e559b856b71.png
[90mvm [39m[33mwarn[39m No storage module present; cannot load costume asset:  a7f2cf036a45375fc599ed9e80266761.png
[90mvm [39m[33mwarn[39m No storage module present; cannot load costume asset:  cb51d78dc59b2aee7172edbdb753dadb.png
[90mvm [39m[33mwarn[39m No storage module present; cannot load costume asset:  e0c964e18b47ca3792fa1f21fe49068a.png
[90mvm [39m[33mwarn[39m No storage module present; cannot load costume asset:  44ea74d02c0f28568b903bd5c506d001.png
[90mvm [39m[33mwarn[39m No storage module present; cannot load costume asset:  52c4394592d0829b8fc1ca504ff0fb72.png
[90mvm [39m[33mwarn[39m No storage module present; cannot load costume asset:  af1c67d0661fe0dcb36a0cb523fd06b9.png
[90mvm [39m[33mwarn[39m No storage module present; cannot load costume asset:  f9100c3f28d5205a5d837c5ffa540bb6.png
[90mvm [39m[33mwarn[39m No storage module present; cannot load costume asset:  36031d43fc546e44e3de0a246276ff44.png
[90mvm [39m[33mwarn[39m No storage module present; cannot load costume asset:  5c5c180cc357555a226f2c0492fb47f9.png
[90mvm [39m[33mwarn[39m No storage module present; cannot load costume asset:  558d4d62c1bc318e9f586a8722e38224.png
[90mvm [39m[33mwarn[39m No storage module present; cannot load costume asset:  89b969ba8a624b321bf8d49e4e28f6f2.png
[90mvm [39m[33mwarn[39m No storage module present; cannot load costume asset:  264fe43709affeadd09c49b62e0cab8b.png
[90mvm [39m[33mwarn[39m No storage module present; cannot load costume asset:  93874808d73a41e49c11d06af3626afe.png
[90mvm [39m[33mwarn[39m No storage module present; cannot load costume asset:  2cabb6288531422e8f914b7825484fe4.png
[90mvm [39m[33mwarn[39m No storage module present; cannot load costume asset:  ffb1a3de4dab6509b617ee45548e782b.png
[90mvm [39m[33mwarn[39m No storage module present; cannot load costume asset:  e4a785a40106fe416ab5144292bf81db.png
[90mvm [39m[33mwarn[39m No storage module present; cannot load costume asset:  1a13443ce55eb72b329ab7731aa8496a.png
[90mvm [39m[33mwarn[39m No storage module present; cannot load costume asset:  55a59ce86aa2c15b88d47098ba01e5e5.png
[90mvm [39m[33mwarn[39m No storage module present; cannot load costume asset:  72d7ad08a580e942373e78132e7d69e5.png
[90mvm [39m[33mwarn[39m No storage module present; cannot load costume asset:  0737c56e0fad60b74ca5669709189279.png
[90mvm [39m[33mwarn[39m No storage module present; cannot load costume asset:  6522f3a1a9b4a43474b3f13d870ed0f3.png
[90mvm [39m[33mwarn[39m No storage module present; cannot load costume asset:  d2c6876e1a77eeb2a72958801efdd37a.png
[90mvm [39m[33mwarn[39m No storage module present; cannot load sound asset:  267c8711dc46e751d96c55191b1ee79f.wav
[90mvm [39m[33mwarn[39m No storage module present; cannot load costume asset:  a65a5751c33b269ed48aedb094a6549c.svg
[90mvm [39m[33mwarn[39m No storage module present; cannot load costume asset:  479eb15a242b4bfc7960964a4011b9f9.png
[90mvm [39m[33mwarn[39m No storage module present; cannot load costume asset:  c6c4fe447ff4fe94a2e7c5bc6aa6f04d.png
[90mvm [39m[33mwarn[39m No storage module present; cannot load costume asset:  5b5182872334d0ac12f9670dfd28d6be.png
[90mvm [39m[33mwarn[39m No storage module present; cannot load costume asset:  64896e2107e105f9c48f6c767821a88a.png
[90mvm [39m[33mwarn[39m No storage module present; cannot load sound asset:  59a4dac2a62c3370ae5953a683b91ef4.wav
[90mvm [39m[33mwarn[39m No storage module present; cannot load costume asset:  d36f6603ec293d2c2198d3ea05109fe0.png
[90mvm [39m[33mwarn[39m No storage module present; cannot load costume asset:  253b6e9ae78140ad7c971058ef70a9e2.svg
[90mvm [39m[33mwarn[39m No storage module present; cannot load costume asset:  a2d903a689797d5136fe2ab69483f814.svg
[90mvm [39m[33mwarn[39m No storage module present; cannot load costume asset:  b653b7e9402e08dbe3a6836451744373.png
[90mvm [39m[33mwarn[39m No storage module present; cannot load costume asset:  e456f2353a96eb68e1809e5ce053b7e5.png
[90mvm [39m[33mwarn[39m No storage module present; cannot load costume asset:  c79802aa848d672560d184d06c77b4a8.png
[90mvm [39m[33mwarn[39m No storage module present; cannot load costume asset:  fc3f80a961d0741f6432d6a13805c43c.png
[90mvm [39m[33mwarn[39m No storage module present; cannot load costume asset:  bfc4b9c94a1cf4e18c6a6a3fc529e525.png
[90mvm [39m[33mwarn[39m No storage module present; cannot load costume asset:  90a4d445b9ffb2d9caeb822eba4ef4ec.png
[90mvm [39m[33mwarn[39m No storage module present; cannot load costume asset:  91459961c7d86f7b84bbcfa154fc53f5.png
[90mvm [39m[33mwarn[39m No storage module present; cannot load costume asset:  46e79b8558784788323c24fe9c4bcee1.png
[90mvm [39m[33mwarn[39m No storage module present; cannot load costume asset:  16b4d4f3aa955d7772c9d2259b28e7ab.png
[90mvm [39m[33mwarn[39m No storage module present; cannot load costume asset:  0152c476bc9cdf1355aed54a85f8e86d.png
[90mvm [39m[33mwarn[39m No storage module present; cannot load costume asset:  ecaece6b57ea1fa21a55e41e5fa37def.png
[90mvm [39m[33mwarn[39m No storage module present; cannot load costume asset:  e1f257cdbbeb994bdeb71891f4aa70b1.png
[90mvm [39m[33mwarn[39m No storage module present; cannot load costume asset:  0d9e25332cd4fef7e415a3ad2870dc61.png
[90mvm [39m[33mwarn[39m No storage module present; cannot load costume asset:  c46276eba3dcf55b37ae4aa8b3471c13.png
[90mvm [39m[33mwarn[39m No storage module present; cannot load costume asset:  8b7573f38429fd89b6969510f40cce56.png
[90mvm [39m[33mwarn[39m No storage module present; cannot load costume asset:  9312dd4b55257d20a53fed9649e7a757.png
[90mvm [39m[33mwarn[39m No storage module present; cannot load costume asset:  9657832c3057b34128e7d98b8c3f1eaa.png
[90mvm [39m[33mwarn[39m No storage module present; cannot load costume asset:  b21f7df9b47dfe2de1149e559b856b71.png
[90mvm [39m[33mwarn[39m No storage module present; cannot load costume asset:  a7f2cf036a45375fc599ed9e80266761.png
[90mvm [39m[33mwarn[39m No storage module present; cannot load costume asset:  cb51d78dc59b2aee7172edbdb753dadb.png
[90mvm [39m[33mwarn[39m No storage module present; cannot load costume asset:  e0c964e18b47ca3792fa1f21fe49068a.png
[90mvm [39m[33mwarn[39m No storage module present; cannot load costume asset:  44ea74d02c0f28568b903bd5c506d001.png
[90mvm [39m[33mwarn[39m No storage module present; cannot load costume asset:  52c4394592d0829b8fc1ca504ff0fb72.png
[90mvm [39m[33mwarn[39m No storage module present; cannot load costume asset:  af1c67d0661fe0dcb36a0cb523fd06b9.png
[90mvm [39m[33mwarn[39m No storage module present; cannot load costume asset:  f9100c3f28d5205a5d837c5ffa540bb6.png
[90mvm [39m[33mwarn[39m No storage module present; cannot load costume asset:  36031d43fc546e44e3de0a246276ff44.png
[90mvm [39m[33mwarn[39m No storage module present; cannot load costume asset:  5c5c180cc357555a226f2c0492fb47f9.png
[90mvm [39m[33mwarn[39m No storage module present; cannot load costume asset:  558d4d62c1bc318e9f586a8722e38224.png
[90mvm [39m[33mwarn[39m No storage module present; cannot load costume asset:  89b969ba8a624b321bf8d49e4e28f6f2.png
[90mvm [39m[33mwarn[39m No storage module present; cannot load costume asset:  264fe43709affeadd09c49b62e0cab8b.png
[90mvm [39m[33mwarn[39m No storage module present; cannot load costume asset:  93874808d73a41e49c11d06af3626afe.png
[90mvm [39m[33mwarn[39m No storage module present; cannot load costume asset:  2cabb6288531422e8f914b7825484fe4.png
[90mvm [39m[33mwarn[39m No storage module present; cannot load costume asset:  ffb1a3de4dab6509b617ee45548e782b.png
[90mvm [39m[33mwarn[39m No storage module present; cannot load costume asset:  e4a785a40106fe416ab5144292bf81db.png
[90mvm [39m[33mwarn[39m No storage module present; cannot load costume asset:  1a13443ce55eb72b329ab7731aa8496a.png
[90mvm [39m[33mwarn[39m No storage module present; cannot load costume asset:  55a59ce86aa2c15b88d47098ba01e5e5.png
[90mvm [39m[33mwarn[39m No storage module present; cannot load costume asset:  72d7ad08a580e942373e78132e7d69e5.png
[90mvm [39m[33mwarn[39m No storage module present; cannot load costume asset:  0737c56e0fad60b74ca5669709189279.png
[90mvm [39m[33mwarn[39m No storage module present; cannot load costume asset:  6522f3a1a9b4a43474b3f13d870ed0f3.png
[90mvm [39m[33mwarn[39m No storage module present; cannot load costume asset:  d2c6876e1a77eeb2a72958801efdd37a.png
[90mvm [39m[33mwarn[39m No storage module present; cannot load sound asset:  267c8711dc46e751d96c55191b1ee79f.wav
[90mvm [39m[33mwarn[39m No storage module present; cannot load costume asset:  a65a5751c33b269ed48aedb094a6549c.svg
[90mvm [39m[33mwarn[39m No storage module present; cannot load costume asset:  479eb15a242b4bfc7960964a4011b9f9.png
[90mvm [39m[33mwarn[39m No storage module present; cannot load costume asset:  c6c4fe447ff4fe94a2e7c5bc6aa6f04d.png
[90mvm [39m[33mwarn[39m No storage module present; cannot load costume asset:  5b5182872334d0ac12f9670dfd28d6be.png
[90mvm [39m[33mwarn[39m No storage module present; cannot load costume asset:  64896e2107e105f9c48f6c767821a88a.png
[90mvm [39m[33mwarn[39m No storage module present; cannot load sound asset:  59a4dac2a62c3370ae5953a683b91ef4.wav
[90mvm [39m[33mwarn[39m No storage module present; cannot load costume asset:  d36f6603ec293d2c2198d3ea05109fe0.png
[90mvm [39m[33mwarn[39m No storage module present; cannot load costume asset:  253b6e9ae78140ad7c971058ef70a9e2.svg
[90mvm [39m[33mwarn[39m No storage module present; cannot load costume asset:  a2d903a689797d5136fe2ab69483f814.svg
[90mvm [39m[33mwarn[39m No storage module present; cannot load costume asset:  b653b7e9402e08dbe3a6836451744373.png
[90mvm [39m[33mwarn[39m No storage module present; cannot load costume asset:  e456f2353a96eb68e1809e5ce053b7e5.png
[90mvm [39m[33mwarn[39m No storage module present; cannot load costume asset:  c79802aa848d672560d184d06c77b4a8.png
[90mvm [39m[33mwarn[39m No storage module present; cannot load costume asset:  fc3f80a961d0741f6432d6a13805c43c.png
Translation for "pen.categoryName" in "en" is missing
Translation for "pen.clear" in "en" is missing
Translation for "pen.stamp" in "en" is missing
Translation for "pen.penDown" in "en" is missing
Translation for "pen.penUp" in "en" is missing
Translation for "pen.setColor" in "en" is missing
Translation for "pen.changeColorParam" in "en" is missing
Translation for "pen.setColorParam" in "en" is missing
Translation for "pen.changeSize" in "en" is missing
Translation for "pen.setSize" in "en" is missing
Translation for "pen.setShade" in "en" is missing
Translation for "pen.changeShade" in "en" is missing
Translation for "pen.setHue" in "en" is missing
Translation for "pen.changeHue" in "en" is missing
Translation for "pen.colorMenu.color" in "en" is missing
Translation for "pen.colorMenu.saturation" in "en" is missing
Translation for "pen.colorMenu.brightness" in "en" is missing
Translation for "pen.colorMenu.transparency" in "en" is missing
[36mℹ[0m  Sequence: Boot_Idle
[90m     Ticks: 300  Bugs found: 0[0m
[90m───────────────────────────────────────────────────────[0m
[90mvm [39m[33mwarn[39m Central dispatch replacing existing service provider for runtime
[90mvm [39m[33mwarn[39m Central dispatch replacing existing service provider for extensions
[90mvm [39m[33mwarn[39m No storage module present; cannot load costume asset:  bfc4b9c94a1cf4e18c6a6a3fc529e525.png
[90mvm [39m[33mwarn[39m No storage module present; cannot load costume asset:  90a4d445b9ffb2d9caeb822eba4ef4ec.png
[90mvm [39m[33mwarn[39m No storage module present; cannot load costume asset:  91459961c7d86f7b84bbcfa154fc53f5.png
[90mvm [39m[33mwarn[39m No storage module present; cannot load costume asset:  46e79b8558784788323c24fe9c4bcee1.png
[90mvm [39m[33mwarn[39m No storage module present; cannot load costume asset:  16b4d4f3aa955d7772c9d2259b28e7ab.png
[90mvm [39m[33mwarn[39m No storage module present; cannot load costume asset:  0152c476bc9cdf1355aed54a85f8e86d.png
[90mvm [39m[33mwarn[39m No storage module present; cannot load costume asset:  ecaece6b57ea1fa21a55e41e5fa37def.png
[90mvm [39m[33mwarn[39m No storage module present; cannot load costume asset:  e1f257cdbbeb994bdeb71891f4aa70b1.png
[90mvm [39m[33mwarn[39m No storage module present; cannot load costume asset:  0d9e25332cd4fef7e415a3ad2870dc61.png
[90mvm [39m[33mwarn[39m No storage module present; cannot load costume asset:  c46276eba3dcf55b37ae4aa8b3471c13.png
[90mvm [39m[33mwarn[39m No storage module present; cannot load costume asset:  8b7573f38429fd89b6969510f40cce56.png
[90mvm [39m[33mwarn[39m No storage module present; cannot load costume asset:  9312dd4b55257d20a53fed9649e7a757.png
[90mvm [39m[33mwarn[39m No storage module present; cannot load costume asset:  9657832c3057b34128e7d98b8c3f1eaa.png
[90mvm [39m[33mwarn[39m No storage module present; cannot load costume asset:  b21f7df9b47dfe2de1149e559b856b71.png
[90mvm [39m[33mwarn[39m No storage module present; cannot load costume asset:  a7f2cf036a45375fc599ed9e80266761.png
[90mvm [39m[33mwarn[39m No storage module present; cannot load costume asset:  cb51d78dc59b2aee7172edbdb753dadb.png
[90mvm [39m[33mwarn[39m No storage module present; cannot load costume asset:  e0c964e18b47ca3792fa1f21fe49068a.png
[90mvm [39m[33mwarn[39m No storage module present; cannot load costume asset:  44ea74d02c0f28568b903bd5c506d001.png
[90mvm [39m[33mwarn[39m No storage module present; cannot load costume asset:  52c4394592d0829b8fc1ca504ff0fb72.png
[90mvm [39m[33mwarn[39m No storage module present; cannot load costume asset:  af1c67d0661fe0dcb36a0cb523fd06b9.png
[90mvm [39m[33mwarn[39m No storage module present; cannot load costume asset:  f9100c3f28d5205a5d837c5ffa540bb6.png
[90mvm [39m[33mwarn[39m No storage module present; cannot load costume asset:  36031d43fc546e44e3de0a246276ff44.png
[90mvm [39m[33mwarn[39m No storage module present; cannot load costume asset:  5c5c180cc357555a226f2c0492fb47f9.png
[90mvm [39m[33mwarn[39m No storage module present; cannot load costume asset:  558d4d62c1bc318e9f586a8722e38224.png
[90mvm [39m[33mwarn[39m No storage module present; cannot load costume asset:  89b969ba8a624b321bf8d49e4e28f6f2.png
[90mvm [39m[33mwarn[39m No storage module present; cannot load costume asset:  264fe43709affeadd09c49b62e0cab8b.png
[90mvm [39m[33mwarn[39m No storage module present; cannot load costume asset:  93874808d73a41e49c11d06af3626afe.png
[90mvm [39m[33mwarn[39m No storage module present; cannot load costume asset:  2cabb6288531422e8f914b7825484fe4.png
[90mvm [39m[33mwarn[39m No storage module present; cannot load costume asset:  ffb1a3de4dab6509b617ee45548e782b.png
[90mvm [39m[33mwarn[39m No storage module present; cannot load costume asset:  e4a785a40106fe416ab5144292bf81db.png
[90mvm [39m[33mwarn[39m No storage module present; cannot load costume asset:  1a13443ce55eb72b329ab7731aa8496a.png
[90mvm [39m[33mwarn[39m No storage module present; cannot load costume asset:  55a59ce86aa2c15b88d47098ba01e5e5.png
[90mvm [39m[33mwarn[39m No storage module present; cannot load costume asset:  72d7ad08a580e942373e78132e7d69e5.png
[90mvm [39m[33mwarn[39m No storage module present; cannot load costume asset:  0737c56e0fad60b74ca5669709189279.png
[90mvm [39m[33mwarn[39m No storage module present; cannot load costume asset:  6522f3a1a9b4a43474b3f13d870ed0f3.png
[90mvm [39m[33mwarn[39m No storage module present; cannot load costume asset:  d2c6876e1a77eeb2a72958801efdd37a.png
[90mvm [39m[33mwarn[39m No storage module present; cannot load sound asset:  267c8711dc46e751d96c55191b1ee79f.wav
[90mvm [39m[33mwarn[39m No storage module present; cannot load costume asset:  a65a5751c33b269ed48aedb094a6549c.svg
[90mvm [39m[33mwarn[39m No storage module present; cannot load costume asset:  479eb15a242b4bfc7960964a4011b9f9.png
[90mvm [39m[33mwarn[39m No storage module present; cannot load costume asset:  c6c4fe447ff4fe94a2e7c5bc6aa6f04d.png
[90mvm [39m[33mwarn[39m No storage module present; cannot load costume asset:  5b5182872334d0ac12f9670dfd28d6be.png
[90mvm [39m[33mwarn[39m No storage module present; cannot load costume asset:  64896e2107e105f9c48f6c767821a88a.png
[90mvm [39m[33mwarn[39m No storage module present; cannot load sound asset:  59a4dac2a62c3370ae5953a683b91ef4.wav
[90mvm [39m[33mwarn[39m No storage module present; cannot load costume asset:  d36f6603ec293d2c2198d3ea05109fe0.png
[90mvm [39m[33mwarn[39m No storage module present; cannot load costume asset:  253b6e9ae78140ad7c971058ef70a9e2.svg
[90mvm [39m[33mwarn[39m No storage module present; cannot load costume asset:  a2d903a689797d5136fe2ab69483f814.svg
[90mvm [39m[33mwarn[39m No storage module present; cannot load costume asset:  b653b7e9402e08dbe3a6836451744373.png
[90mvm [39m[33mwarn[39m No storage module present; cannot load costume asset:  e456f2353a96eb68e1809e5ce053b7e5.png
[90mvm [39m[33mwarn[39m No storage module present; cannot load costume asset:  c79802aa848d672560d184d06c77b4a8.png
[90mvm [39m[33mwarn[39m No storage module present; cannot load costume asset:  fc3f80a961d0741f6432d6a13805c43c.png
[90mvm [39m[33mwarn[39m No storage module present; cannot load costume asset:  bfc4b9c94a1cf4e18c6a6a3fc529e525.png
[90mvm [39m[33mwarn[39m No storage module present; cannot load costume asset:  90a4d445b9ffb2d9caeb822eba4ef4ec.png
[90mvm [39m[33mwarn[39m No storage module present; cannot load costume asset:  91459961c7d86f7b84bbcfa154fc53f5.png
[90mvm [39m[33mwarn[39m No storage module present; cannot load costume asset:  46e79b8558784788323c24fe9c4bcee1.png
[90mvm [39m[33mwarn[39m No storage module present; cannot load costume asset:  16b4d4f3aa955d7772c9d2259b28e7ab.png
[90mvm [39m[33mwarn[39m No storage module present; cannot load costume asset:  0152c476bc9cdf1355aed54a85f8e86d.png
[90mvm [39m[33mwarn[39m No storage module present; cannot load costume asset:  ecaece6b57ea1fa21a55e41e5fa37def.png
[90mvm [39m[33mwarn[39m No storage module present; cannot load costume asset:  e1f257cdbbeb994bdeb71891f4aa70b1.png
[90mvm [39m[33mwarn[39m No storage module present; cannot load costume asset:  0d9e25332cd4fef7e415a3ad2870dc61.png
[90mvm [39m[33mwarn[39m No storage module present; cannot load costume asset:  c46276eba3dcf55b37ae4aa8b3471c13.png
[90mvm [39m[33mwarn[39m No storage module present; cannot load costume asset:  8b7573f38429fd89b6969510f40cce56.png
[90mvm [39m[33mwarn[39m No storage module present; cannot load costume asset:  9312dd4b55257d20a53fed9649e7a757.png
[90mvm [39m[33mwarn[39m No storage module present; cannot load costume asset:  9657832c3057b34128e7d98b8c3f1eaa.png
[90mvm [39m[33mwarn[39m No storage module present; cannot load costume asset:  b21f7df9b47dfe2de1149e559b856b71.png
[90mvm [39m[33mwarn[39m No storage module present; cannot load costume asset:  a7f2cf036a45375fc599ed9e80266761.png
[90mvm [39m[33mwarn[39m No storage module present; cannot load costume asset:  cb51d78dc59b2aee7172edbdb753dadb.png
[90mvm [39m[33mwarn[39m No storage module present; cannot load costume asset:  e0c964e18b47ca3792fa1f21fe49068a.png
[90mvm [39m[33mwarn[39m No storage module present; cannot load costume asset:  44ea74d02c0f28568b903bd5c506d001.png
[90mvm [39m[33mwarn[39m No storage module present; cannot load costume asset:  52c4394592d0829b8fc1ca504ff0fb72.png
[90mvm [39m[33mwarn[39m No storage module present; cannot load costume asset:  af1c67d0661fe0dcb36a0cb523fd06b9.png
[90mvm [39m[33mwarn[39m No storage module present; cannot load costume asset:  f9100c3f28d5205a5d837c5ffa540bb6.png
[90mvm [39m[33mwarn[39m No storage module present; cannot load costume asset:  36031d43fc546e44e3de0a246276ff44.png
[90mvm [39m[33mwarn[39m No storage module present; cannot load costume asset:  5c5c180cc357555a226f2c0492fb47f9.png
[90mvm [39m[33mwarn[39m No storage module present; cannot load costume asset:  558d4d62c1bc318e9f586a8722e38224.png
[90mvm [39m[33mwarn[39m No storage module present; cannot load costume asset:  89b969ba8a624b321bf8d49e4e28f6f2.png
[90mvm [39m[33mwarn[39m No storage module present; cannot load costume asset:  264fe43709affeadd09c49b62e0cab8b.png
[90mvm [39m[33mwarn[39m No storage module present; cannot load costume asset:  93874808d73a41e49c11d06af3626afe.png
[90mvm [39m[33mwarn[39m No storage module present; cannot load costume asset:  2cabb6288531422e8f914b7825484fe4.png
[90mvm [39m[33mwarn[39m No storage module present; cannot load costume asset:  ffb1a3de4dab6509b617ee45548e782b.png
[90mvm [39m[33mwarn[39m No storage module present; cannot load costume asset:  e4a785a40106fe416ab5144292bf81db.png
[90mvm [39m[33mwarn[39m No storage module present; cannot load costume asset:  1a13443ce55eb72b329ab7731aa8496a.png
[90mvm [39m[33mwarn[39m No storage module present; cannot load costume asset:  55a59ce86aa2c15b88d47098ba01e5e5.png
[90mvm [39m[33mwarn[39m No storage module present; cannot load costume asset:  72d7ad08a580e942373e78132e7d69e5.png
[90mvm [39m[33mwarn[39m No storage module present; cannot load costume asset:  0737c56e0fad60b74ca5669709189279.png
[90mvm [39m[33mwarn[39m No storage module present; cannot load costume asset:  6522f3a1a9b4a43474b3f13d870ed0f3.png
[90mvm [39m[33mwarn[39m No storage module present; cannot load costume asset:  d2c6876e1a77eeb2a72958801efdd37a.png
[90mvm [39m[33mwarn[39m No storage module present; cannot load sound asset:  267c8711dc46e751d96c55191b1ee79f.wav
[90mvm [39m[33mwarn[39m No storage module present; cannot load costume asset:  a65a5751c33b269ed48aedb094a6549c.svg
[90mvm [39m[33mwarn[39m No storage module present; cannot load costume asset:  479eb15a242b4bfc7960964a4011b9f9.png
[90mvm [39m[33mwarn[39m No storage module present; cannot load costume asset:  c6c4fe447ff4fe94a2e7c5bc6aa6f04d.png
[90mvm [39m[33mwarn[39m No storage module present; cannot load costume asset:  5b5182872334d0ac12f9670dfd28d6be.png
[90mvm [39m[33mwarn[39m No storage module present; cannot load costume asset:  64896e2107e105f9c48f6c767821a88a.png
[90mvm [39m[33mwarn[39m No storage module present; cannot load sound asset:  59a4dac2a62c3370ae5953a683b91ef4.wav
[90mvm [39m[33mwarn[39m No storage module present; cannot load costume asset:  d36f6603ec293d2c2198d3ea05109fe0.png
[90mvm [39m[33mwarn[39m No storage module present; cannot load costume asset:  253b6e9ae78140ad7c971058ef70a9e2.svg
[90mvm [39m[33mwarn[39m No storage module present; cannot load costume asset:  a2d903a689797d5136fe2ab69483f814.svg
[90mvm [39m[33mwarn[39m No storage module present; cannot load costume asset:  b653b7e9402e08dbe3a6836451744373.png
[90mvm [39m[33mwarn[39m No storage module present; cannot load costume asset:  e456f2353a96eb68e1809e5ce053b7e5.png
[90mvm [39m[33mwarn[39m No storage module present; cannot load costume asset:  c79802aa848d672560d184d06c77b4a8.png
[90mvm [39m[33mwarn[39m No storage module present; cannot load costume asset:  fc3f80a961d0741f6432d6a13805c43c.png
[90mvm [39m[33mwarn[39m Central dispatch replacing existing service provider for extension_0_pen
[36mℹ[0m  Sequence: Boot_then_Playing
[90m     Ticks: 300  Bugs found: 0[0m
[90m───────────────────────────────────────────────────────[0m
[90mvm [39m[33mwarn[39m Central dispatch replacing existing service provider for runtime
[90mvm [39m[33mwarn[39m Central dispatch replacing existing service provider for extensions
[90mvm [39m[33mwarn[39m No storage module present; cannot load costume asset:  bfc4b9c94a1cf4e18c6a6a3fc529e525.png
[90mvm [39m[33mwarn[39m No storage module present; cannot load costume asset:  90a4d445b9ffb2d9caeb822eba4ef4ec.png
[90mvm [39m[33mwarn[39m No storage module present; cannot load costume asset:  91459961c7d86f7b84bbcfa154fc53f5.png
[90mvm [39m[33mwarn[39m No storage module present; cannot load costume asset:  46e79b8558784788323c24fe9c4bcee1.png
[90mvm [39m[33mwarn[39m No storage module present; cannot load costume asset:  16b4d4f3aa955d7772c9d2259b28e7ab.png
[90mvm [39m[33mwarn[39m No storage module present; cannot load costume asset:  0152c476bc9cdf1355aed54a85f8e86d.png
[90mvm [39m[33mwarn[39m No storage module present; cannot load costume asset:  ecaece6b57ea1fa21a55e41e5fa37def.png
[90mvm [39m[33mwarn[39m No storage module present; cannot load costume asset:  e1f257cdbbeb994bdeb71891f4aa70b1.png
[90mvm [39m[33mwarn[39m No storage module present; cannot load costume asset:  0d9e25332cd4fef7e415a3ad2870dc61.png
[90mvm [39m[33mwarn[39m No storage module present; cannot load costume asset:  c46276eba3dcf55b37ae4aa8b3471c13.png
[90mvm [39m[33mwarn[39m No storage module present; cannot load costume asset:  8b7573f38429fd89b6969510f40cce56.png
[90mvm [39m[33mwarn[39m No storage module present; cannot load costume asset:  9312dd4b55257d20a53fed9649e7a757.png
[90mvm [39m[33mwarn[39m No storage module present; cannot load costume asset:  9657832c3057b34128e7d98b8c3f1eaa.png
[90mvm [39m[33mwarn[39m No storage module present; cannot load costume asset:  b21f7df9b47dfe2de1149e559b856b71.png
[90mvm [39m[33mwarn[39m No storage module present; cannot load costume asset:  a7f2cf036a45375fc599ed9e80266761.png
[90mvm [39m[33mwarn[39m No storage module present; cannot load costume asset:  cb51d78dc59b2aee7172edbdb753dadb.png
[90mvm [39m[33mwarn[39m No storage module present; cannot load costume asset:  e0c964e18b47ca3792fa1f21fe49068a.png
[90mvm [39m[33mwarn[39m No storage module present; cannot load costume asset:  44ea74d02c0f28568b903bd5c506d001.png
[90mvm [39m[33mwarn[39m No storage module present; cannot load costume asset:  52c4394592d0829b8fc1ca504ff0fb72.png
[90mvm [39m[33mwarn[39m No storage module present; cannot load costume asset:  af1c67d0661fe0dcb36a0cb523fd06b9.png
[90mvm [39m[33mwarn[39m No storage module present; cannot load costume asset:  f9100c3f28d5205a5d837c5ffa540bb6.png
[90mvm [39m[33mwarn[39m No storage module present; cannot load costume asset:  36031d43fc546e44e3de0a246276ff44.png
[90mvm [39m[33mwarn[39m No storage module present; cannot load costume asset:  5c5c180cc357555a226f2c0492fb47f9.png
[90mvm [39m[33mwarn[39m No storage module present; cannot load costume asset:  558d4d62c1bc318e9f586a8722e38224.png
[90mvm [39m[33mwarn[39m No storage module present; cannot load costume asset:  89b969ba8a624b321bf8d49e4e28f6f2.png
[90mvm [39m[33mwarn[39m No storage module present; cannot load costume asset:  264fe43709affeadd09c49b62e0cab8b.png
[90mvm [39m[33mwarn[39m No storage module present; cannot load costume asset:  93874808d73a41e49c11d06af3626afe.png
[90mvm [39m[33mwarn[39m No storage module present; cannot load costume asset:  2cabb6288531422e8f914b7825484fe4.png
[90mvm [39m[33mwarn[39m No storage module present; cannot load costume asset:  ffb1a3de4dab6509b617ee45548e782b.png
[90mvm [39m[33mwarn[39m No storage module present; cannot load costume asset:  e4a785a40106fe416ab5144292bf81db.png
[90mvm [39m[33mwarn[39m No storage module present; cannot load costume asset:  1a13443ce55eb72b329ab7731aa8496a.png
[90mvm [39m[33mwarn[39m No storage module present; cannot load costume asset:  55a59ce86aa2c15b88d47098ba01e5e5.png
[90mvm [39m[33mwarn[39m No storage module present; cannot load costume asset:  72d7ad08a580e942373e78132e7d69e5.png
[90mvm [39m[33mwarn[39m No storage module present; cannot load costume asset:  0737c56e0fad60b74ca5669709189279.png
[90mvm [39m[33mwarn[39m No storage module present; cannot load costume asset:  6522f3a1a9b4a43474b3f13d870ed0f3.png
[90mvm [39m[33mwarn[39m No storage module present; cannot load costume asset:  d2c6876e1a77eeb2a72958801efdd37a.png
[90mvm [39m[33mwarn[39m No storage module present; cannot load sound asset:  267c8711dc46e751d96c55191b1ee79f.wav
[90mvm [39m[33mwarn[39m No storage module present; cannot load costume asset:  a65a5751c33b269ed48aedb094a6549c.svg
[90mvm [39m[33mwarn[39m No storage module present; cannot load costume asset:  479eb15a242b4bfc7960964a4011b9f9.png
[90mvm [39m[33mwarn[39m No storage module present; cannot load costume asset:  c6c4fe447ff4fe94a2e7c5bc6aa6f04d.png
[90mvm [39m[33mwarn[39m No storage module present; cannot load costume asset:  5b5182872334d0ac12f9670dfd28d6be.png
[90mvm [39m[33mwarn[39m No storage module present; cannot load costume asset:  64896e2107e105f9c48f6c767821a88a.png
[90mvm [39m[33mwarn[39m No storage module present; cannot load sound asset:  59a4dac2a62c3370ae5953a683b91ef4.wav
[90mvm [39m[33mwarn[39m No storage module present; cannot load costume asset:  d36f6603ec293d2c2198d3ea05109fe0.png
[90mvm [39m[33mwarn[39m No storage module present; cannot load costume asset:  253b6e9ae78140ad7c971058ef70a9e2.svg
[90mvm [39m[33mwarn[39m No storage module present; cannot load costume asset:  a2d903a689797d5136fe2ab69483f814.svg
[90mvm [39m[33mwarn[39m No storage module present; cannot load costume asset:  b653b7e9402e08dbe3a6836451744373.png
[90mvm [39m[33mwarn[39m No storage module present; cannot load costume asset:  e456f2353a96eb68e1809e5ce053b7e5.png
[90mvm [39m[33mwarn[39m No storage module present; cannot load costume asset:  c79802aa848d672560d184d06c77b4a8.png
[90mvm [39m[33mwarn[39m No storage module present; cannot load costume asset:  fc3f80a961d0741f6432d6a13805c43c.png
[90mvm [39m[33mwarn[39m No storage module present; cannot load costume asset:  bfc4b9c94a1cf4e18c6a6a3fc529e525.png
[90mvm [39m[33mwarn[39m No storage module present; cannot load costume asset:  90a4d445b9ffb2d9caeb822eba4ef4ec.png
[90mvm [39m[33mwarn[39m No storage module present; cannot load costume asset:  91459961c7d86f7b84bbcfa154fc53f5.png
[90mvm [39m[33mwarn[39m No storage module present; cannot load costume asset:  46e79b8558784788323c24fe9c4bcee1.png
[90mvm [39m[33mwarn[39m No storage module present; cannot load costume asset:  16b4d4f3aa955d7772c9d2259b28e7ab.png
[90mvm [39m[33mwarn[39m No storage module present; cannot load costume asset:  0152c476bc9cdf1355aed54a85f8e86d.png
[90mvm [39m[33mwarn[39m No storage module present; cannot load costume asset:  ecaece6b57ea1fa21a55e41e5fa37def.png
[90mvm [39m[33mwarn[39m No storage module present; cannot load costume asset:  e1f257cdbbeb994bdeb71891f4aa70b1.png
[90mvm [39m[33mwarn[39m No storage module present; cannot load costume asset:  0d9e25332cd4fef7e415a3ad2870dc61.png
[90mvm [39m[33mwarn[39m No storage module present; cannot load costume asset:  c46276eba3dcf55b37ae4aa8b3471c13.png
[90mvm [39m[33mwarn[39m No storage module present; cannot load costume asset:  8b7573f38429fd89b6969510f40cce56.png
[90mvm [39m[33mwarn[39m No storage module present; cannot load costume asset:  9312dd4b55257d20a53fed9649e7a757.png
[90mvm [39m[33mwarn[39m No storage module present; cannot load costume asset:  9657832c3057b34128e7d98b8c3f1eaa.png
[90mvm [39m[33mwarn[39m No storage module present; cannot load costume asset:  b21f7df9b47dfe2de1149e559b856b71.png
[90mvm [39m[33mwarn[39m No storage module present; cannot load costume asset:  a7f2cf036a45375fc599ed9e80266761.png
[90mvm [39m[33mwarn[39m No storage module present; cannot load costume asset:  cb51d78dc59b2aee7172edbdb753dadb.png
[90mvm [39m[33mwarn[39m No storage module present; cannot load costume asset:  e0c964e18b47ca3792fa1f21fe49068a.png
[90mvm [39m[33mwarn[39m No storage module present; cannot load costume asset:  44ea74d02c0f28568b903bd5c506d001.png
[90mvm [39m[33mwarn[39m No storage module present; cannot load costume asset:  52c4394592d0829b8fc1ca504ff0fb72.png
[90mvm [39m[33mwarn[39m No storage module present; cannot load costume asset:  af1c67d0661fe0dcb36a0cb523fd06b9.png
[90mvm [39m[33mwarn[39m No storage module present; cannot load costume asset:  f9100c3f28d5205a5d837c5ffa540bb6.png
[90mvm [39m[33mwarn[39m No storage module present; cannot load costume asset:  36031d43fc546e44e3de0a246276ff44.png
[90mvm [39m[33mwarn[39m No storage module present; cannot load costume asset:  5c5c180cc357555a226f2c0492fb47f9.png
[90mvm [39m[33mwarn[39m No storage module present; cannot load costume asset:  558d4d62c1bc318e9f586a8722e38224.png
[90mvm [39m[33mwarn[39m No storage module present; cannot load costume asset:  89b969ba8a624b321bf8d49e4e28f6f2.png
[90mvm [39m[33mwarn[39m No storage module present; cannot load costume asset:  264fe43709affeadd09c49b62e0cab8b.png
[90mvm [39m[33mwarn[39m No storage module present; cannot load costume asset:  93874808d73a41e49c11d06af3626afe.png
[90mvm [39m[33mwarn[39m No storage module present; cannot load costume asset:  2cabb6288531422e8f914b7825484fe4.png
[90mvm [39m[33mwarn[39m No storage module present; cannot load costume asset:  ffb1a3de4dab6509b617ee45548e782b.png
[90mvm [39m[33mwarn[39m No storage module present; cannot load costume asset:  e4a785a40106fe416ab5144292bf81db.png
[90mvm [39m[33mwarn[39m No storage module present; cannot load costume asset:  1a13443ce55eb72b329ab7731aa8496a.png
[90mvm [39m[33mwarn[39m No storage module present; cannot load costume asset:  55a59ce86aa2c15b88d47098ba01e5e5.png
[90mvm [39m[33mwarn[39m No storage module present; cannot load costume asset:  72d7ad08a580e942373e78132e7d69e5.png
[90mvm [39m[33mwarn[39m No storage module present; cannot load costume asset:  0737c56e0fad60b74ca5669709189279.png
[90mvm [39m[33mwarn[39m No storage module present; cannot load costume asset:  6522f3a1a9b4a43474b3f13d870ed0f3.png
[90mvm [39m[33mwarn[39m No storage module present; cannot load costume asset:  d2c6876e1a77eeb2a72958801efdd37a.png
[90mvm [39m[33mwarn[39m No storage module present; cannot load sound asset:  267c8711dc46e751d96c55191b1ee79f.wav
[90mvm [39m[33mwarn[39m No storage module present; cannot load costume asset:  a65a5751c33b269ed48aedb094a6549c.svg
[90mvm [39m[33mwarn[39m No storage module present; cannot load costume asset:  479eb15a242b4bfc7960964a4011b9f9.png
[90mvm [39m[33mwarn[39m No storage module present; cannot load costume asset:  c6c4fe447ff4fe94a2e7c5bc6aa6f04d.png
[90mvm [39m[33mwarn[39m No storage module present; cannot load costume asset:  5b5182872334d0ac12f9670dfd28d6be.png
[90mvm [39m[33mwarn[39m No storage module present; cannot load costume asset:  64896e2107e105f9c48f6c767821a88a.png
[90mvm [39m[33mwarn[39m No storage module present; cannot load sound asset:  59a4dac2a62c3370ae5953a683b91ef4.wav
[90mvm [39m[33mwarn[39m No storage module present; cannot load costume asset:  d36f6603ec293d2c2198d3ea05109fe0.png
[90mvm [39m[33mwarn[39m No storage module present; cannot load costume asset:  253b6e9ae78140ad7c971058ef70a9e2.svg
[90mvm [39m[33mwarn[39m No storage module present; cannot load costume asset:  a2d903a689797d5136fe2ab69483f814.svg
[90mvm [39m[33mwarn[39m No storage module present; cannot load costume asset:  b653b7e9402e08dbe3a6836451744373.png
[90mvm [39m[33mwarn[39m No storage module present; cannot load costume asset:  e456f2353a96eb68e1809e5ce053b7e5.png
[90mvm [39m[33mwarn[39m No storage module present; cannot load costume asset:  c79802aa848d672560d184d06c77b4a8.png
[90mvm [39m[33mwarn[39m No storage module present; cannot load costume asset:  fc3f80a961d0741f6432d6a13805c43c.png
[90mvm [39m[33mwarn[39m Central dispatch replacing existing service provider for extension_0_pen
[36mℹ[0m  Sequence: Playing_Hold_0
[90m     Ticks: 270  Bugs found: 0[0m
[90m───────────────────────────────────────────────────────[0m
[90mvm [39m[33mwarn[39m Central dispatch replacing existing service provider for runtime
[90mvm [39m[33mwarn[39m Central dispatch replacing existing service provider for extensions
[90mvm [39m[33mwarn[39m No storage module present; cannot load costume asset:  bfc4b9c94a1cf4e18c6a6a3fc529e525.png
[90mvm [39m[33mwarn[39m No storage module present; cannot load costume asset:  90a4d445b9ffb2d9caeb822eba4ef4ec.png
[90mvm [39m[33mwarn[39m No storage module present; cannot load costume asset:  91459961c7d86f7b84bbcfa154fc53f5.png
[90mvm [39m[33mwarn[39m No storage module present; cannot load costume asset:  46e79b8558784788323c24fe9c4bcee1.png
[90mvm [39m[33mwarn[39m No storage module present; cannot load costume asset:  16b4d4f3aa955d7772c9d2259b28e7ab.png
[90mvm [39m[33mwarn[39m No storage module present; cannot load costume asset:  0152c476bc9cdf1355aed54a85f8e86d.png
[90mvm [39m[33mwarn[39m No storage module present; cannot load costume asset:  ecaece6b57ea1fa21a55e41e5fa37def.png
[90mvm [39m[33mwarn[39m No storage module present; cannot load costume asset:  e1f257cdbbeb994bdeb71891f4aa70b1.png
[90mvm [39m[33mwarn[39m No storage module present; cannot load costume asset:  0d9e25332cd4fef7e415a3ad2870dc61.png
[90mvm [39m[33mwarn[39m No storage module present; cannot load costume asset:  c46276eba3dcf55b37ae4aa8b3471c13.png
[90mvm [39m[33mwarn[39m No storage module present; cannot load costume asset:  8b7573f38429fd89b6969510f40cce56.png
[90mvm [39m[33mwarn[39m No storage module present; cannot load costume asset:  9312dd4b55257d20a53fed9649e7a757.png
[90mvm [39m[33mwarn[39m No storage module present; cannot load costume asset:  9657832c3057b34128e7d98b8c3f1eaa.png
[90mvm [39m[33mwarn[39m No storage module present; cannot load costume asset:  b21f7df9b47dfe2de1149e559b856b71.png
[90mvm [39m[33mwarn[39m No storage module present; cannot load costume asset:  a7f2cf036a45375fc599ed9e80266761.png
[90mvm [39m[33mwarn[39m No storage module present; cannot load costume asset:  cb51d78dc59b2aee7172edbdb753dadb.png
[90mvm [39m[33mwarn[39m No storage module present; cannot load costume asset:  e0c964e18b47ca3792fa1f21fe49068a.png
[90mvm [39m[33mwarn[39m No storage module present; cannot load costume asset:  44ea74d02c0f28568b903bd5c506d001.png
[90mvm [39m[33mwarn[39m No storage module present; cannot load costume asset:  52c4394592d0829b8fc1ca504ff0fb72.png
[90mvm [39m[33mwarn[39m No storage module present; cannot load costume asset:  af1c67d0661fe0dcb36a0cb523fd06b9.png
[90mvm [39m[33mwarn[39m No storage module present; cannot load costume asset:  f9100c3f28d5205a5d837c5ffa540bb6.png
[90mvm [39m[33mwarn[39m No storage module present; cannot load costume asset:  36031d43fc546e44e3de0a246276ff44.png
[90mvm [39m[33mwarn[39m No storage module present; cannot load costume asset:  5c5c180cc357555a226f2c0492fb47f9.png
[90mvm [39m[33mwarn[39m No storage module present; cannot load costume asset:  558d4d62c1bc318e9f586a8722e38224.png
[90mvm [39m[33mwarn[39m No storage module present; cannot load costume asset:  89b969ba8a624b321bf8d49e4e28f6f2.png
[90mvm [39m[33mwarn[39m No storage module present; cannot load costume asset:  264fe43709affeadd09c49b62e0cab8b.png
[90mvm [39m[33mwarn[39m No storage module present; cannot load costume asset:  93874808d73a41e49c11d06af3626afe.png
[90mvm [39m[33mwarn[39m No storage module present; cannot load costume asset:  2cabb6288531422e8f914b7825484fe4.png
[90mvm [39m[33mwarn[39m No storage module present; cannot load costume asset:  ffb1a3de4dab6509b617ee45548e782b.png
[90mvm [39m[33mwarn[39m No storage module present; cannot load costume asset:  e4a785a40106fe416ab5144292bf81db.png
[90mvm [39m[33mwarn[39m No storage module present; cannot load costume asset:  1a13443ce55eb72b329ab7731aa8496a.png
[90mvm [39m[33mwarn[39m No storage module present; cannot load costume asset:  55a59ce86aa2c15b88d47098ba01e5e5.png
[90mvm [39m[33mwarn[39m No storage module present; cannot load costume asset:  72d7ad08a580e942373e78132e7d69e5.png
[90mvm [39m[33mwarn[39m No storage module present; cannot load costume asset:  0737c56e0fad60b74ca5669709189279.png
[90mvm [39m[33mwarn[39m No storage module present; cannot load costume asset:  6522f3a1a9b4a43474b3f13d870ed0f3.png
[90mvm [39m[33mwarn[39m No storage module present; cannot load costume asset:  d2c6876e1a77eeb2a72958801efdd37a.png
[90mvm [39m[33mwarn[39m No storage module present; cannot load sound asset:  267c8711dc46e751d96c55191b1ee79f.wav
[90mvm [39m[33mwarn[39m No storage module present; cannot load costume asset:  a65a5751c33b269ed48aedb094a6549c.svg
[90mvm [39m[33mwarn[39m No storage module present; cannot load costume asset:  479eb15a242b4bfc7960964a4011b9f9.png
[90mvm [39m[33mwarn[39m No storage module present; cannot load costume asset:  c6c4fe447ff4fe94a2e7c5bc6aa6f04d.png
[90mvm [39m[33mwarn[39m No storage module present; cannot load costume asset:  5b5182872334d0ac12f9670dfd28d6be.png
[90mvm [39m[33mwarn[39m No storage module present; cannot load costume asset:  64896e2107e105f9c48f6c767821a88a.png
[90mvm [39m[33mwarn[39m No storage module present; cannot load sound asset:  59a4dac2a62c3370ae5953a683b91ef4.wav
[90mvm [39m[33mwarn[39m No storage module present; cannot load costume asset:  d36f6603ec293d2c2198d3ea05109fe0.png
[90mvm [39m[33mwarn[39m No storage module present; cannot load costume asset:  253b6e9ae78140ad7c971058ef70a9e2.svg
[90mvm [39m[33mwarn[39m No storage module present; cannot load costume asset:  a2d903a689797d5136fe2ab69483f814.svg
[90mvm [39m[33mwarn[39m No storage module present; cannot load costume asset:  b653b7e9402e08dbe3a6836451744373.png
[90mvm [39m[33mwarn[39m No storage module present; cannot load costume asset:  e456f2353a96eb68e1809e5ce053b7e5.png
[90mvm [39m[33mwarn[39m No storage module present; cannot load costume asset:  c79802aa848d672560d184d06c77b4a8.png
[90mvm [39m[33mwarn[39m No storage module present; cannot load costume asset:  fc3f80a961d0741f6432d6a13805c43c.png
[90mvm [39m[33mwarn[39m No storage module present; cannot load costume asset:  bfc4b9c94a1cf4e18c6a6a3fc529e525.png
[90mvm [39m[33mwarn[39m No storage module present; cannot load costume asset:  90a4d445b9ffb2d9caeb822eba4ef4ec.png
[90mvm [39m[33mwarn[39m No storage module present; cannot load costume asset:  91459961c7d86f7b84bbcfa154fc53f5.png
[90mvm [39m[33mwarn[39m No storage module present; cannot load costume asset:  46e79b8558784788323c24fe9c4bcee1.png
[90mvm [39m[33mwarn[39m No storage module present; cannot load costume asset:  16b4d4f3aa955d7772c9d2259b28e7ab.png
[90mvm [39m[33mwarn[39m No storage module present; cannot load costume asset:  0152c476bc9cdf1355aed54a85f8e86d.png
[90mvm [39m[33mwarn[39m No storage module present; cannot load costume asset:  ecaece6b57ea1fa21a55e41e5fa37def.png
[90mvm [39m[33mwarn[39m No storage module present; cannot load costume asset:  e1f257cdbbeb994bdeb71891f4aa70b1.png
[90mvm [39m[33mwarn[39m No storage module present; cannot load costume asset:  0d9e25332cd4fef7e415a3ad2870dc61.png
[90mvm [39m[33mwarn[39m No storage module present; cannot load costume asset:  c46276eba3dcf55b37ae4aa8b3471c13.png
[90mvm [39m[33mwarn[39m No storage module present; cannot load costume asset:  8b7573f38429fd89b6969510f40cce56.png
[90mvm [39m[33mwarn[39m No storage module present; cannot load costume asset:  9312dd4b55257d20a53fed9649e7a757.png
[90mvm [39m[33mwarn[39m No storage module present; cannot load costume asset:  9657832c3057b34128e7d98b8c3f1eaa.png
[90mvm [39m[33mwarn[39m No storage module present; cannot load costume asset:  b21f7df9b47dfe2de1149e559b856b71.png
[90mvm [39m[33mwarn[39m No storage module present; cannot load costume asset:  a7f2cf036a45375fc599ed9e80266761.png
[90mvm [39m[33mwarn[39m No storage module present; cannot load costume asset:  cb51d78dc59b2aee7172edbdb753dadb.png
[90mvm [39m[33mwarn[39m No storage module present; cannot load costume asset:  e0c964e18b47ca3792fa1f21fe49068a.png
[90mvm [39m[33mwarn[39m No storage module present; cannot load costume asset:  44ea74d02c0f28568b903bd5c506d001.png
[90mvm [39m[33mwarn[39m No storage module present; cannot load costume asset:  52c4394592d0829b8fc1ca504ff0fb72.png
[90mvm [39m[33mwarn[39m No storage module present; cannot load costume asset:  af1c67d0661fe0dcb36a0cb523fd06b9.png
[90mvm [39m[33mwarn[39m No storage module present; cannot load costume asset:  f9100c3f28d5205a5d837c5ffa540bb6.png
[90mvm [39m[33mwarn[39m No storage module present; cannot load costume asset:  36031d43fc546e44e3de0a246276ff44.png
[90mvm [39m[33mwarn[39m No storage module present; cannot load costume asset:  5c5c180cc357555a226f2c0492fb47f9.png
[90mvm [39m[33mwarn[39m No storage module present; cannot load costume asset:  558d4d62c1bc318e9f586a8722e38224.png
[90mvm [39m[33mwarn[39m No storage module present; cannot load costume asset:  89b969ba8a624b321bf8d49e4e28f6f2.png
[90mvm [39m[33mwarn[39m No storage module present; cannot load costume asset:  264fe43709affeadd09c49b62e0cab8b.png
[90mvm [39m[33mwarn[39m No storage module present; cannot load costume asset:  93874808d73a41e49c11d06af3626afe.png
[90mvm [39m[33mwarn[39m No storage module present; cannot load costume asset:  2cabb6288531422e8f914b7825484fe4.png
[90mvm [39m[33mwarn[39m No storage module present; cannot load costume asset:  ffb1a3de4dab6509b617ee45548e782b.png
[90mvm [39m[33mwarn[39m No storage module present; cannot load costume asset:  e4a785a40106fe416ab5144292bf81db.png
[90mvm [39m[33mwarn[39m No storage module present; cannot load costume asset:  1a13443ce55eb72b329ab7731aa8496a.png
[90mvm [39m[33mwarn[39m No storage module present; cannot load costume asset:  55a59ce86aa2c15b88d47098ba01e5e5.png
[90mvm [39m[33mwarn[39m No storage module present; cannot load costume asset:  72d7ad08a580e942373e78132e7d69e5.png
[90mvm [39m[33mwarn[39m No storage module present; cannot load costume asset:  0737c56e0fad60b74ca5669709189279.png
[90mvm [39m[33mwarn[39m No storage module present; cannot load costume asset:  6522f3a1a9b4a43474b3f13d870ed0f3.png
[90mvm [39m[33mwarn[39m No storage module present; cannot load costume asset:  d2c6876e1a77eeb2a72958801efdd37a.png
[90mvm [39m[33mwarn[39m No storage module present; cannot load sound asset:  267c8711dc46e751d96c55191b1ee79f.wav
[90mvm [39m[33mwarn[39m No storage module present; cannot load costume asset:  a65a5751c33b269ed48aedb094a6549c.svg
[90mvm [39m[33mwarn[39m No storage module present; cannot load costume asset:  479eb15a242b4bfc7960964a4011b9f9.png
[90mvm [39m[33mwarn[39m No storage module present; cannot load costume asset:  c6c4fe447ff4fe94a2e7c5bc6aa6f04d.png
[90mvm [39m[33mwarn[39m No storage module present; cannot load costume asset:  5b5182872334d0ac12f9670dfd28d6be.png
[90mvm [39m[33mwarn[39m No storage module present; cannot load costume asset:  64896e2107e105f9c48f6c767821a88a.png
[90mvm [39m[33mwarn[39m No storage module present; cannot load sound asset:  59a4dac2a62c3370ae5953a683b91ef4.wav
[90mvm [39m[33mwarn[39m No storage module present; cannot load costume asset:  d36f6603ec293d2c2198d3ea05109fe0.png
[90mvm [39m[33mwarn[39m No storage module present; cannot load costume asset:  253b6e9ae78140ad7c971058ef70a9e2.svg
[90mvm [39m[33mwarn[39m No storage module present; cannot load costume asset:  a2d903a689797d5136fe2ab69483f814.svg
[90mvm [39m[33mwarn[39m No storage module present; cannot load costume asset:  b653b7e9402e08dbe3a6836451744373.png
[90mvm [39m[33mwarn[39m No storage module present; cannot load costume asset:  e456f2353a96eb68e1809e5ce053b7e5.png
[90mvm [39m[33mwarn[39m No storage module present; cannot load costume asset:  c79802aa848d672560d184d06c77b4a8.png
[90mvm [39m[33mwarn[39m No storage module present; cannot load costume asset:  fc3f80a961d0741f6432d6a13805c43c.png
[90mvm [39m[33mwarn[39m Central dispatch replacing existing service provider for extension_0_pen
[36mℹ[0m  Sequence: Playing_Hold_1
[90m     Ticks: 270  Bugs found: 0[0m
[90m───────────────────────────────────────────────────────[0m
[90mvm [39m[33mwarn[39m Central dispatch replacing existing service provider for runtime
[90mvm [39m[33mwarn[39m Central dispatch replacing existing service provider for extensions
[90mvm [39m[33mwarn[39m No storage module present; cannot load costume asset:  bfc4b9c94a1cf4e18c6a6a3fc529e525.png
[90mvm [39m[33mwarn[39m No storage module present; cannot load costume asset:  90a4d445b9ffb2d9caeb822eba4ef4ec.png
[90mvm [39m[33mwarn[39m No storage module present; cannot load costume asset:  91459961c7d86f7b84bbcfa154fc53f5.png
[90mvm [39m[33mwarn[39m No storage module present; cannot load costume asset:  46e79b8558784788323c24fe9c4bcee1.png
[90mvm [39m[33mwarn[39m No storage module present; cannot load costume asset:  16b4d4f3aa955d7772c9d2259b28e7ab.png
[90mvm [39m[33mwarn[39m No storage module present; cannot load costume asset:  0152c476bc9cdf1355aed54a85f8e86d.png
[90mvm [39m[33mwarn[39m No storage module present; cannot load costume asset:  ecaece6b57ea1fa21a55e41e5fa37def.png
[90mvm [39m[33mwarn[39m No storage module present; cannot load costume asset:  e1f257cdbbeb994bdeb71891f4aa70b1.png
[90mvm [39m[33mwarn[39m No storage module present; cannot load costume asset:  0d9e25332cd4fef7e415a3ad2870dc61.png
[90mvm [39m[33mwarn[39m No storage module present; cannot load costume asset:  c46276eba3dcf55b37ae4aa8b3471c13.png
[90mvm [39m[33mwarn[39m No storage module present; cannot load costume asset:  8b7573f38429fd89b6969510f40cce56.png
[90mvm [39m[33mwarn[39m No storage module present; cannot load costume asset:  9312dd4b55257d20a53fed9649e7a757.png
[90mvm [39m[33mwarn[39m No storage module present; cannot load costume asset:  9657832c3057b34128e7d98b8c3f1eaa.png
[90mvm [39m[33mwarn[39m No storage module present; cannot load costume asset:  b21f7df9b47dfe2de1149e559b856b71.png
[90mvm [39m[33mwarn[39m No storage module present; cannot load costume asset:  a7f2cf036a45375fc599ed9e80266761.png
[90mvm [39m[33mwarn[39m No storage module present; cannot load costume asset:  cb51d78dc59b2aee7172edbdb753dadb.png
[90mvm [39m[33mwarn[39m No storage module present; cannot load costume asset:  e0c964e18b47ca3792fa1f21fe49068a.png
[90mvm [39m[33mwarn[39m No storage module present; cannot load costume asset:  44ea74d02c0f28568b903bd5c506d001.png
[90mvm [39m[33mwarn[39m No storage module present; cannot load costume asset:  52c4394592d0829b8fc1ca504ff0fb72.png
[90mvm [39m[33mwarn[39m No storage module present; cannot load costume asset:  af1c67d0661fe0dcb36a0cb523fd06b9.png
[90mvm [39m[33mwarn[39m No storage module present; cannot load costume asset:  f9100c3f28d5205a5d837c5ffa540bb6.png
[90mvm [39m[33mwarn[39m No storage module present; cannot load costume asset:  36031d43fc546e44e3de0a246276ff44.png
[90mvm [39m[33mwarn[39m No storage module present; cannot load costume asset:  5c5c180cc357555a226f2c0492fb47f9.png
[90mvm [39m[33mwarn[39m No storage module present; cannot load costume asset:  558d4d62c1bc318e9f586a8722e38224.png
[90mvm [39m[33mwarn[39m No storage module present; cannot load costume asset:  89b969ba8a624b321bf8d49e4e28f6f2.png
[90mvm [39m[33mwarn[39m No storage module present; cannot load costume asset:  264fe43709affeadd09c49b62e0cab8b.png
[90mvm [39m[33mwarn[39m No storage module present; cannot load costume asset:  93874808d73a41e49c11d06af3626afe.png
[90mvm [39m[33mwarn[39m No storage module present; cannot load costume asset:  2cabb6288531422e8f914b7825484fe4.png
[90mvm [39m[33mwarn[39m No storage module present; cannot load costume asset:  ffb1a3de4dab6509b617ee45548e782b.png
[90mvm [39m[33mwarn[39m No storage module present; cannot load costume asset:  e4a785a40106fe416ab5144292bf81db.png
[90mvm [39m[33mwarn[39m No storage module present; cannot load costume asset:  1a13443ce55eb72b329ab7731aa8496a.png
[90mvm [39m[33mwarn[39m No storage module present; cannot load costume asset:  55a59ce86aa2c15b88d47098ba01e5e5.png
[90mvm [39m[33mwarn[39m No storage module present; cannot load costume asset:  72d7ad08a580e942373e78132e7d69e5.png
[90mvm [39m[33mwarn[39m No storage module present; cannot load costume asset:  0737c56e0fad60b74ca5669709189279.png
[90mvm [39m[33mwarn[39m No storage module present; cannot load costume asset:  6522f3a1a9b4a43474b3f13d870ed0f3.png
[90mvm [39m[33mwarn[39m No storage module present; cannot load costume asset:  d2c6876e1a77eeb2a72958801efdd37a.png
[90mvm [39m[33mwarn[39m No storage module present; cannot load sound asset:  267c8711dc46e751d96c55191b1ee79f.wav
[90mvm [39m[33mwarn[39m No storage module present; cannot load costume asset:  a65a5751c33b269ed48aedb094a6549c.svg
[90mvm [39m[33mwarn[39m No storage module present; cannot load costume asset:  479eb15a242b4bfc7960964a4011b9f9.png
[90mvm [39m[33mwarn[39m No storage module present; cannot load costume asset:  c6c4fe447ff4fe94a2e7c5bc6aa6f04d.png
[90mvm [39m[33mwarn[39m No storage module present; cannot load costume asset:  5b5182872334d0ac12f9670dfd28d6be.png
[90mvm [39m[33mwarn[39m No storage module present; cannot load costume asset:  64896e2107e105f9c48f6c767821a88a.png
[90mvm [39m[33mwarn[39m No storage module present; cannot load sound asset:  59a4dac2a62c3370ae5953a683b91ef4.wav
[90mvm [39m[33mwarn[39m No storage module present; cannot load costume asset:  d36f6603ec293d2c2198d3ea05109fe0.png
[90mvm [39m[33mwarn[39m No storage module present; cannot load costume asset:  253b6e9ae78140ad7c971058ef70a9e2.svg
[90mvm [39m[33mwarn[39m No storage module present; cannot load costume asset:  a2d903a689797d5136fe2ab69483f814.svg
[90mvm [39m[33mwarn[39m No storage module present; cannot load costume asset:  b653b7e9402e08dbe3a6836451744373.png
[90mvm [39m[33mwarn[39m No storage module present; cannot load costume asset:  e456f2353a96eb68e1809e5ce053b7e5.png
[90mvm [39m[33mwarn[39m No storage module present; cannot load costume asset:  c79802aa848d672560d184d06c77b4a8.png
[90mvm [39m[33mwarn[39m No storage module present; cannot load costume asset:  fc3f80a961d0741f6432d6a13805c43c.png
[90mvm [39m[33mwarn[39m No storage module present; cannot load costume asset:  bfc4b9c94a1cf4e18c6a6a3fc529e525.png
[90mvm [39m[33mwarn[39m No storage module present; cannot load costume asset:  90a4d445b9ffb2d9caeb822eba4ef4ec.png
[90mvm [39m[33mwarn[39m No storage module present; cannot load costume asset:  91459961c7d86f7b84bbcfa154fc53f5.png
[90mvm [39m[33mwarn[39m No storage module present; cannot load costume asset:  46e79b8558784788323c24fe9c4bcee1.png
[90mvm [39m[33mwarn[39m No storage module present; cannot load costume asset:  16b4d4f3aa955d7772c9d2259b28e7ab.png
[90mvm [39m[33mwarn[39m No storage module present; cannot load costume asset:  0152c476bc9cdf1355aed54a85f8e86d.png
[90mvm [39m[33mwarn[39m No storage module present; cannot load costume asset:  ecaece6b57ea1fa21a55e41e5fa37def.png
[90mvm [39m[33mwarn[39m No storage module present; cannot load costume asset:  e1f257cdbbeb994bdeb71891f4aa70b1.png
[90mvm [39m[33mwarn[39m No storage module present; cannot load costume asset:  0d9e25332cd4fef7e415a3ad2870dc61.png
[90mvm [39m[33mwarn[39m No storage module present; cannot load costume asset:  c46276eba3dcf55b37ae4aa8b3471c13.png
[90mvm [39m[33mwarn[39m No storage module present; cannot load costume asset:  8b7573f38429fd89b6969510f40cce56.png
[90mvm [39m[33mwarn[39m No storage module present; cannot load costume asset:  9312dd4b55257d20a53fed9649e7a757.png
[90mvm [39m[33mwarn[39m No storage module present; cannot load costume asset:  9657832c3057b34128e7d98b8c3f1eaa.png
[90mvm [39m[33mwarn[39m No storage module present; cannot load costume asset:  b21f7df9b47dfe2de1149e559b856b71.png
[90mvm [39m[33mwarn[39m No storage module present; cannot load costume asset:  a7f2cf036a45375fc599ed9e80266761.png
[90mvm [39m[33mwarn[39m No storage module present; cannot load costume asset:  cb51d78dc59b2aee7172edbdb753dadb.png
[90mvm [39m[33mwarn[39m No storage module present; cannot load costume asset:  e0c964e18b47ca3792fa1f21fe49068a.png
[90mvm [39m[33mwarn[39m No storage module present; cannot load costume asset:  44ea74d02c0f28568b903bd5c506d001.png
[90mvm [39m[33mwarn[39m No storage module present; cannot load costume asset:  52c4394592d0829b8fc1ca504ff0fb72.png
[90mvm [39m[33mwarn[39m No storage module present; cannot load costume asset:  af1c67d0661fe0dcb36a0cb523fd06b9.png
[90mvm [39m[33mwarn[39m No storage module present; cannot load costume asset:  f9100c3f28d5205a5d837c5ffa540bb6.png
[90mvm [39m[33mwarn[39m No storage module present; cannot load costume asset:  36031d43fc546e44e3de0a246276ff44.png
[90mvm [39m[33mwarn[39m No storage module present; cannot load costume asset:  5c5c180cc357555a226f2c0492fb47f9.png
[90mvm [39m[33mwarn[39m No storage module present; cannot load costume asset:  558d4d62c1bc318e9f586a8722e38224.png
[90mvm [39m[33mwarn[39m No storage module present; cannot load costume asset:  89b969ba8a624b321bf8d49e4e28f6f2.png
[90mvm [39m[33mwarn[39m No storage module present; cannot load costume asset:  264fe43709affeadd09c49b62e0cab8b.png
[90mvm [39m[33mwarn[39m No storage module present; cannot load costume asset:  93874808d73a41e49c11d06af3626afe.png
[90mvm [39m[33mwarn[39m No storage module present; cannot load costume asset:  2cabb6288531422e8f914b7825484fe4.png
[90mvm [39m[33mwarn[39m No storage module present; cannot load costume asset:  ffb1a3de4dab6509b617ee45548e782b.png
[90mvm [39m[33mwarn[39m No storage module present; cannot load costume asset:  e4a785a40106fe416ab5144292bf81db.png
[90mvm [39m[33mwarn[39m No storage module present; cannot load costume asset:  1a13443ce55eb72b329ab7731aa8496a.png
[90mvm [39m[33mwarn[39m No storage module present; cannot load costume asset:  55a59ce86aa2c15b88d47098ba01e5e5.png
[90mvm [39m[33mwarn[39m No storage module present; cannot load costume asset:  72d7ad08a580e942373e78132e7d69e5.png
[90mvm [39m[33mwarn[39m No storage module present; cannot load costume asset:  0737c56e0fad60b74ca5669709189279.png
[90mvm [39m[33mwarn[39m No storage module present; cannot load costume asset:  6522f3a1a9b4a43474b3f13d870ed0f3.png
[90mvm [39m[33mwarn[39m No storage module present; cannot load costume asset:  d2c6876e1a77eeb2a72958801efdd37a.png
[90mvm [39m[33mwarn[39m No storage module present; cannot load sound asset:  267c8711dc46e751d96c55191b1ee79f.wav
[90mvm [39m[33mwarn[39m No storage module present; cannot load costume asset:  a65a5751c33b269ed48aedb094a6549c.svg
[90mvm [39m[33mwarn[39m No storage module present; cannot load costume asset:  479eb15a242b4bfc7960964a4011b9f9.png
[90mvm [39m[33mwarn[39m No storage module present; cannot load costume asset:  c6c4fe447ff4fe94a2e7c5bc6aa6f04d.png
[90mvm [39m[33mwarn[39m No storage module present; cannot load costume asset:  5b5182872334d0ac12f9670dfd28d6be.png
[90mvm [39m[33mwarn[39m No storage module present; cannot load costume asset:  64896e2107e105f9c48f6c767821a88a.png
[90mvm [39m[33mwarn[39m No storage module present; cannot load sound asset:  59a4dac2a62c3370ae5953a683b91ef4.wav
[90mvm [39m[33mwarn[39m No storage module present; cannot load costume asset:  d36f6603ec293d2c2198d3ea05109fe0.png
[90mvm [39m[33mwarn[39m No storage module present; cannot load costume asset:  253b6e9ae78140ad7c971058ef70a9e2.svg
[90mvm [39m[33mwarn[39m No storage module present; cannot load costume asset:  a2d903a689797d5136fe2ab69483f814.svg
[90mvm [39m[33mwarn[39m No storage module present; cannot load costume asset:  b653b7e9402e08dbe3a6836451744373.png
[90mvm [39m[33mwarn[39m No storage module present; cannot load costume asset:  e456f2353a96eb68e1809e5ce053b7e5.png
[90mvm [39m[33mwarn[39m No storage module present; cannot load costume asset:  c79802aa848d672560d184d06c77b4a8.png
[90mvm [39m[33mwarn[39m No storage module present; cannot load costume asset:  fc3f80a961d0741f6432d6a13805c43c.png
[90mvm [39m[33mwarn[39m Central dispatch replacing existing service provider for extension_0_pen
[36mℹ[0m  Sequence: Playing_Hold_2
[90m     Ticks: 270  Bugs found: 0[0m
[90m───────────────────────────────────────────────────────[0m
[90mvm [39m[33mwarn[39m Central dispatch replacing existing service provider for runtime
[90mvm [39m[33mwarn[39m Central dispatch replacing existing service provider for extensions
[90mvm [39m[33mwarn[39m No storage module present; cannot load costume asset:  bfc4b9c94a1cf4e18c6a6a3fc529e525.png
[90mvm [39m[33mwarn[39m No storage module present; cannot load costume asset:  90a4d445b9ffb2d9caeb822eba4ef4ec.png
[90mvm [39m[33mwarn[39m No storage module present; cannot load costume asset:  91459961c7d86f7b84bbcfa154fc53f5.png
[90mvm [39m[33mwarn[39m No storage module present; cannot load costume asset:  46e79b8558784788323c24fe9c4bcee1.png
[90mvm [39m[33mwarn[39m No storage module present; cannot load costume asset:  16b4d4f3aa955d7772c9d2259b28e7ab.png
[90mvm [39m[33mwarn[39m No storage module present; cannot load costume asset:  0152c476bc9cdf1355aed54a85f8e86d.png
[90mvm [39m[33mwarn[39m No storage module present; cannot load costume asset:  ecaece6b57ea1fa21a55e41e5fa37def.png
[90mvm [39m[33mwarn[39m No storage module present; cannot load costume asset:  e1f257cdbbeb994bdeb71891f4aa70b1.png
[90mvm [39m[33mwarn[39m No storage module present; cannot load costume asset:  0d9e25332cd4fef7e415a3ad2870dc61.png
[90mvm [39m[33mwarn[39m No storage module present; cannot load costume asset:  c46276eba3dcf55b37ae4aa8b3471c13.png
[90mvm [39m[33mwarn[39m No storage module present; cannot load costume asset:  8b7573f38429fd89b6969510f40cce56.png
[90mvm [39m[33mwarn[39m No storage module present; cannot load costume asset:  9312dd4b55257d20a53fed9649e7a757.png
[90mvm [39m[33mwarn[39m No storage module present; cannot load costume asset:  9657832c3057b34128e7d98b8c3f1eaa.png
[90mvm [39m[33mwarn[39m No storage module present; cannot load costume asset:  b21f7df9b47dfe2de1149e559b856b71.png
[90mvm [39m[33mwarn[39m No storage module present; cannot load costume asset:  a7f2cf036a45375fc599ed9e80266761.png
[90mvm [39m[33mwarn[39m No storage module present; cannot load costume asset:  cb51d78dc59b2aee7172edbdb753dadb.png
[90mvm [39m[33mwarn[39m No storage module present; cannot load costume asset:  e0c964e18b47ca3792fa1f21fe49068a.png
[90mvm [39m[33mwarn[39m No storage module present; cannot load costume asset:  44ea74d02c0f28568b903bd5c506d001.png
[90mvm [39m[33mwarn[39m No storage module present; cannot load costume asset:  52c4394592d0829b8fc1ca504ff0fb72.png
[90mvm [39m[33mwarn[39m No storage module present; cannot load costume asset:  af1c67d0661fe0dcb36a0cb523fd06b9.png
[90mvm [39m[33mwarn[39m No storage module present; cannot load costume asset:  f9100c3f28d5205a5d837c5ffa540bb6.png
[90mvm [39m[33mwarn[39m No storage module present; cannot load costume asset:  36031d43fc546e44e3de0a246276ff44.png
[90mvm [39m[33mwarn[39m No storage module present; cannot load costume asset:  5c5c180cc357555a226f2c0492fb47f9.png
[90mvm [39m[33mwarn[39m No storage module present; cannot load costume asset:  558d4d62c1bc318e9f586a8722e38224.png
[90mvm [39m[33mwarn[39m No storage module present; cannot load costume asset:  89b969ba8a624b321bf8d49e4e28f6f2.png
[90mvm [39m[33mwarn[39m No storage module present; cannot load costume asset:  264fe43709affeadd09c49b62e0cab8b.png
[90mvm [39m[33mwarn[39m No storage module present; cannot load costume asset:  93874808d73a41e49c11d06af3626afe.png
[90mvm [39m[33mwarn[39m No storage module present; cannot load costume asset:  2cabb6288531422e8f914b7825484fe4.png
[90mvm [39m[33mwarn[39m No storage module present; cannot load costume asset:  ffb1a3de4dab6509b617ee45548e782b.png
[90mvm [39m[33mwarn[39m No storage module present; cannot load costume asset:  e4a785a40106fe416ab5144292bf81db.png
[90mvm [39m[33mwarn[39m No storage module present; cannot load costume asset:  1a13443ce55eb72b329ab7731aa8496a.png
[90mvm [39m[33mwarn[39m No storage module present; cannot load costume asset:  55a59ce86aa2c15b88d47098ba01e5e5.png
[90mvm [39m[33mwarn[39m No storage module present; cannot load costume asset:  72d7ad08a580e942373e78132e7d69e5.png
[90mvm [39m[33mwarn[39m No storage module present; cannot load costume asset:  0737c56e0fad60b74ca5669709189279.png
[90mvm [39m[33mwarn[39m No storage module present; cannot load costume asset:  6522f3a1a9b4a43474b3f13d870ed0f3.png
[90mvm [39m[33mwarn[39m No storage module present; cannot load costume asset:  d2c6876e1a77eeb2a72958801efdd37a.png
[90mvm [39m[33mwarn[39m No storage module present; cannot load sound asset:  267c8711dc46e751d96c55191b1ee79f.wav
[90mvm [39m[33mwarn[39m No storage module present; cannot load costume asset:  a65a5751c33b269ed48aedb094a6549c.svg
[90mvm [39m[33mwarn[39m No storage module present; cannot load costume asset:  479eb15a242b4bfc7960964a4011b9f9.png
[90mvm [39m[33mwarn[39m No storage module present; cannot load costume asset:  c6c4fe447ff4fe94a2e7c5bc6aa6f04d.png
[90mvm [39m[33mwarn[39m No storage module present; cannot load costume asset:  5b5182872334d0ac12f9670dfd28d6be.png
[90mvm [39m[33mwarn[39m No storage module present; cannot load costume asset:  64896e2107e105f9c48f6c767821a88a.png
[90mvm [39m[33mwarn[39m No storage module present; cannot load sound asset:  59a4dac2a62c3370ae5953a683b91ef4.wav
[90mvm [39m[33mwarn[39m No storage module present; cannot load costume asset:  d36f6603ec293d2c2198d3ea05109fe0.png
[90mvm [39m[33mwarn[39m No storage module present; cannot load costume asset:  253b6e9ae78140ad7c971058ef70a9e2.svg
[90mvm [39m[33mwarn[39m No storage module present; cannot load costume asset:  a2d903a689797d5136fe2ab69483f814.svg
[90mvm [39m[33mwarn[39m No storage module present; cannot load costume asset:  b653b7e9402e08dbe3a6836451744373.png
[90mvm [39m[33mwarn[39m No storage module present; cannot load costume asset:  e456f2353a96eb68e1809e5ce053b7e5.png
[90mvm [39m[33mwarn[39m No storage module present; cannot load costume asset:  c79802aa848d672560d184d06c77b4a8.png
[90mvm [39m[33mwarn[39m No storage module present; cannot load costume asset:  fc3f80a961d0741f6432d6a13805c43c.png
[90mvm [39m[33mwarn[39m No storage module present; cannot load costume asset:  bfc4b9c94a1cf4e18c6a6a3fc529e525.png
[90mvm [39m[33mwarn[39m No storage module present; cannot load costume asset:  90a4d445b9ffb2d9caeb822eba4ef4ec.png
[90mvm [39m[33mwarn[39m No storage module present; cannot load costume asset:  91459961c7d86f7b84bbcfa154fc53f5.png
[90mvm [39m[33mwarn[39m No storage module present; cannot load costume asset:  46e79b8558784788323c24fe9c4bcee1.png
[90mvm [39m[33mwarn[39m No storage module present; cannot load costume asset:  16b4d4f3aa955d7772c9d2259b28e7ab.png
[90mvm [39m[33mwarn[39m No storage module present; cannot load costume asset:  0152c476bc9cdf1355aed54a85f8e86d.png
[90mvm [39m[33mwarn[39m No storage module present; cannot load costume asset:  ecaece6b57ea1fa21a55e41e5fa37def.png
[90mvm [39m[33mwarn[39m No storage module present; cannot load costume asset:  e1f257cdbbeb994bdeb71891f4aa70b1.png
[90mvm [39m[33mwarn[39m No storage module present; cannot load costume asset:  0d9e25332cd4fef7e415a3ad2870dc61.png
[90mvm [39m[33mwarn[39m No storage module present; cannot load costume asset:  c46276eba3dcf55b37ae4aa8b3471c13.png
[90mvm [39m[33mwarn[39m No storage module present; cannot load costume asset:  8b7573f38429fd89b6969510f40cce56.png
[90mvm [39m[33mwarn[39m No storage module present; cannot load costume asset:  9312dd4b55257d20a53fed9649e7a757.png
[90mvm [39m[33mwarn[39m No storage module present; cannot load costume asset:  9657832c3057b34128e7d98b8c3f1eaa.png
[90mvm [39m[33mwarn[39m No storage module present; cannot load costume asset:  b21f7df9b47dfe2de1149e559b856b71.png
[90mvm [39m[33mwarn[39m No storage module present; cannot load costume asset:  a7f2cf036a45375fc599ed9e80266761.png
[90mvm [39m[33mwarn[39m No storage module present; cannot load costume asset:  cb51d78dc59b2aee7172edbdb753dadb.png
[90mvm [39m[33mwarn[39m No storage module present; cannot load costume asset:  e0c964e18b47ca3792fa1f21fe49068a.png
[90mvm [39m[33mwarn[39m No storage module present; cannot load costume asset:  44ea74d02c0f28568b903bd5c506d001.png
[90mvm [39m[33mwarn[39m No storage module present; cannot load costume asset:  52c4394592d0829b8fc1ca504ff0fb72.png
[90mvm [39m[33mwarn[39m No storage module present; cannot load costume asset:  af1c67d0661fe0dcb36a0cb523fd06b9.png
[90mvm [39m[33mwarn[39m No storage module present; cannot load costume asset:  f9100c3f28d5205a5d837c5ffa540bb6.png
[90mvm [39m[33mwarn[39m No storage module present; cannot load costume asset:  36031d43fc546e44e3de0a246276ff44.png
[90mvm [39m[33mwarn[39m No storage module present; cannot load costume asset:  5c5c180cc357555a226f2c0492fb47f9.png
[90mvm [39m[33mwarn[39m No storage module present; cannot load costume asset:  558d4d62c1bc318e9f586a8722e38224.png
[90mvm [39m[33mwarn[39m No storage module present; cannot load costume asset:  89b969ba8a624b321bf8d49e4e28f6f2.png
[90mvm [39m[33mwarn[39m No storage module present; cannot load costume asset:  264fe43709affeadd09c49b62e0cab8b.png
[90mvm [39m[33mwarn[39m No storage module present; cannot load costume asset:  93874808d73a41e49c11d06af3626afe.png
[90mvm [39m[33mwarn[39m No storage module present; cannot load costume asset:  2cabb6288531422e8f914b7825484fe4.png
[90mvm [39m[33mwarn[39m No storage module present; cannot load costume asset:  ffb1a3de4dab6509b617ee45548e782b.png
[90mvm [39m[33mwarn[39m No storage module present; cannot load costume asset:  e4a785a40106fe416ab5144292bf81db.png
[90mvm [39m[33mwarn[39m No storage module present; cannot load costume asset:  1a13443ce55eb72b329ab7731aa8496a.png
[90mvm [39m[33mwarn[39m No storage module present; cannot load costume asset:  55a59ce86aa2c15b88d47098ba01e5e5.png
[90mvm [39m[33mwarn[39m No storage module present; cannot load costume asset:  72d7ad08a580e942373e78132e7d69e5.png
[90mvm [39m[33mwarn[39m No storage module present; cannot load costume asset:  0737c56e0fad60b74ca5669709189279.png
[90mvm [39m[33mwarn[39m No storage module present; cannot load costume asset:  6522f3a1a9b4a43474b3f13d870ed0f3.png
[90mvm [39m[33mwarn[39m No storage module present; cannot load costume asset:  d2c6876e1a77eeb2a72958801efdd37a.png
[90mvm [39m[33mwarn[39m No storage module present; cannot load sound asset:  267c8711dc46e751d96c55191b1ee79f.wav
[90mvm [39m[33mwarn[39m No storage module present; cannot load costume asset:  a65a5751c33b269ed48aedb094a6549c.svg
[90mvm [39m[33mwarn[39m No storage module present; cannot load costume asset:  479eb15a242b4bfc7960964a4011b9f9.png
[90mvm [39m[33mwarn[39m No storage module present; cannot load costume asset:  c6c4fe447ff4fe94a2e7c5bc6aa6f04d.png
[90mvm [39m[33mwarn[39m No storage module present; cannot load costume asset:  5b5182872334d0ac12f9670dfd28d6be.png
[90mvm [39m[33mwarn[39m No storage module present; cannot load costume asset:  64896e2107e105f9c48f6c767821a88a.png
[90mvm [39m[33mwarn[39m No storage module present; cannot load sound asset:  59a4dac2a62c3370ae5953a683b91ef4.wav
[90mvm [39m[33mwarn[39m No storage module present; cannot load costume asset:  d36f6603ec293d2c2198d3ea05109fe0.png
[90mvm [39m[33mwarn[39m No storage module present; cannot load costume asset:  253b6e9ae78140ad7c971058ef70a9e2.svg
[90mvm [39m[33mwarn[39m No storage module present; cannot load costume asset:  a2d903a689797d5136fe2ab69483f814.svg
[90mvm [39m[33mwarn[39m No storage module present; cannot load costume asset:  b653b7e9402e08dbe3a6836451744373.png
[90mvm [39m[33mwarn[39m No storage module present; cannot load costume asset:  e456f2353a96eb68e1809e5ce053b7e5.png
[90mvm [39m[33mwarn[39m No storage module present; cannot load costume asset:  c79802aa848d672560d184d06c77b4a8.png
[90mvm [39m[33mwarn[39m No storage module present; cannot load costume asset:  fc3f80a961d0741f6432d6a13805c43c.png
[90mvm [39m[33mwarn[39m Central dispatch replacing existing service provider for extension_0_pen
[36mℹ[0m  Sequence: Playing_Hold_3
[90m     Ticks: 270  Bugs found: 0[0m
[90m───────────────────────────────────────────────────────[0m
[90mvm [39m[33mwarn[39m Central dispatch replacing existing service provider for runtime
[90mvm [39m[33mwarn[39m Central dispatch replacing existing service provider for extensions
[90mvm [39m[33mwarn[39m No storage module present; cannot load costume asset:  bfc4b9c94a1cf4e18c6a6a3fc529e525.png
[90mvm [39m[33mwarn[39m No storage module present; cannot load costume asset:  90a4d445b9ffb2d9caeb822eba4ef4ec.png
[90mvm [39m[33mwarn[39m No storage module present; cannot load costume asset:  91459961c7d86f7b84bbcfa154fc53f5.png
[90mvm [39m[33mwarn[39m No storage module present; cannot load costume asset:  46e79b8558784788323c24fe9c4bcee1.png
[90mvm [39m[33mwarn[39m No storage module present; cannot load costume asset:  16b4d4f3aa955d7772c9d2259b28e7ab.png
[90mvm [39m[33mwarn[39m No storage module present; cannot load costume asset:  0152c476bc9cdf1355aed54a85f8e86d.png
[90mvm [39m[33mwarn[39m No storage module present; cannot load costume asset:  ecaece6b57ea1fa21a55e41e5fa37def.png
[90mvm [39m[33mwarn[39m No storage module present; cannot load costume asset:  e1f257cdbbeb994bdeb71891f4aa70b1.png
[90mvm [39m[33mwarn[39m No storage module present; cannot load costume asset:  0d9e25332cd4fef7e415a3ad2870dc61.png
[90mvm [39m[33mwarn[39m No storage module present; cannot load costume asset:  c46276eba3dcf55b37ae4aa8b3471c13.png
[90mvm [39m[33mwarn[39m No storage module present; cannot load costume asset:  8b7573f38429fd89b6969510f40cce56.png
[90mvm [39m[33mwarn[39m No storage module present; cannot load costume asset:  9312dd4b55257d20a53fed9649e7a757.png
[90mvm [39m[33mwarn[39m No storage module present; cannot load costume asset:  9657832c3057b34128e7d98b8c3f1eaa.png
[90mvm [39m[33mwarn[39m No storage module present; cannot load costume asset:  b21f7df9b47dfe2de1149e559b856b71.png
[90mvm [39m[33mwarn[39m No storage module present; cannot load costume asset:  a7f2cf036a45375fc599ed9e80266761.png
[90mvm [39m[33mwarn[39m No storage module present; cannot load costume asset:  cb51d78dc59b2aee7172edbdb753dadb.png
[90mvm [39m[33mwarn[39m No storage module present; cannot load costume asset:  e0c964e18b47ca3792fa1f21fe49068a.png
[90mvm [39m[33mwarn[39m No storage module present; cannot load costume asset:  44ea74d02c0f28568b903bd5c506d001.png
[90mvm [39m[33mwarn[39m No storage module present; cannot load costume asset:  52c4394592d0829b8fc1ca504ff0fb72.png
[90mvm [39m[33mwarn[39m No storage module present; cannot load costume asset:  af1c67d0661fe0dcb36a0cb523fd06b9.png
[90mvm [39m[33mwarn[39m No storage module present; cannot load costume asset:  f9100c3f28d5205a5d837c5ffa540bb6.png
[90mvm [39m[33mwarn[39m No storage module present; cannot load costume asset:  36031d43fc546e44e3de0a246276ff44.png
[90mvm [39m[33mwarn[39m No storage module present; cannot load costume asset:  5c5c180cc357555a226f2c0492fb47f9.png
[90mvm [39m[33mwarn[39m No storage module present; cannot load costume asset:  558d4d62c1bc318e9f586a8722e38224.png
[90mvm [39m[33mwarn[39m No storage module present; cannot load costume asset:  89b969ba8a624b321bf8d49e4e28f6f2.png
[90mvm [39m[33mwarn[39m No storage module present; cannot load costume asset:  264fe43709affeadd09c49b62e0cab8b.png
[90mvm [39m[33mwarn[39m No storage module present; cannot load costume asset:  93874808d73a41e49c11d06af3626afe.png
[90mvm [39m[33mwarn[39m No storage module present; cannot load costume asset:  2cabb6288531422e8f914b7825484fe4.png
[90mvm [39m[33mwarn[39m No storage module present; cannot load costume asset:  ffb1a3de4dab6509b617ee45548e782b.png
[90mvm [39m[33mwarn[39m No storage module present; cannot load costume asset:  e4a785a40106fe416ab5144292bf81db.png
[90mvm [39m[33mwarn[39m No storage module present; cannot load costume asset:  1a13443ce55eb72b329ab7731aa8496a.png
[90mvm [39m[33mwarn[39m No storage module present; cannot load costume asset:  55a59ce86aa2c15b88d47098ba01e5e5.png
[90mvm [39m[33mwarn[39m No storage module present; cannot load costume asset:  72d7ad08a580e942373e78132e7d69e5.png
[90mvm [39m[33mwarn[39m No storage module present; cannot load costume asset:  0737c56e0fad60b74ca5669709189279.png
[90mvm [39m[33mwarn[39m No storage module present; cannot load costume asset:  6522f3a1a9b4a43474b3f13d870ed0f3.png
[90mvm [39m[33mwarn[39m No storage module present; cannot load costume asset:  d2c6876e1a77eeb2a72958801efdd37a.png
[90mvm [39m[33mwarn[39m No storage module present; cannot load sound asset:  267c8711dc46e751d96c55191b1ee79f.wav
[90mvm [39m[33mwarn[39m No storage module present; cannot load costume asset:  a65a5751c33b269ed48aedb094a6549c.svg
[90mvm [39m[33mwarn[39m No storage module present; cannot load costume asset:  479eb15a242b4bfc7960964a4011b9f9.png
[90mvm [39m[33mwarn[39m No storage module present; cannot load costume asset:  c6c4fe447ff4fe94a2e7c5bc6aa6f04d.png
[90mvm [39m[33mwarn[39m No storage module present; cannot load costume asset:  5b5182872334d0ac12f9670dfd28d6be.png
[90mvm [39m[33mwarn[39m No storage module present; cannot load costume asset:  64896e2107e105f9c48f6c767821a88a.png
[90mvm [39m[33mwarn[39m No storage module present; cannot load sound asset:  59a4dac2a62c3370ae5953a683b91ef4.wav
[90mvm [39m[33mwarn[39m No storage module present; cannot load costume asset:  d36f6603ec293d2c2198d3ea05109fe0.png
[90mvm [39m[33mwarn[39m No storage module present; cannot load costume asset:  253b6e9ae78140ad7c971058ef70a9e2.svg
[90mvm [39m[33mwarn[39m No storage module present; cannot load costume asset:  a2d903a689797d5136fe2ab69483f814.svg
[90mvm [39m[33mwarn[39m No storage module present; cannot load costume asset:  b653b7e9402e08dbe3a6836451744373.png
[90mvm [39m[33mwarn[39m No storage module present; cannot load costume asset:  e456f2353a96eb68e1809e5ce053b7e5.png
[90mvm [39m[33mwarn[39m No storage module present; cannot load costume asset:  c79802aa848d672560d184d06c77b4a8.png
[90mvm [39m[33mwarn[39m No storage module present; cannot load costume asset:  fc3f80a961d0741f6432d6a13805c43c.png
[90mvm [39m[33mwarn[39m No storage module present; cannot load costume asset:  bfc4b9c94a1cf4e18c6a6a3fc529e525.png
[90mvm [39m[33mwarn[39m No storage module present; cannot load costume asset:  90a4d445b9ffb2d9caeb822eba4ef4ec.png
[90mvm [39m[33mwarn[39m No storage module present; cannot load costume asset:  91459961c7d86f7b84bbcfa154fc53f5.png
[90mvm [39m[33mwarn[39m No storage module present; cannot load costume asset:  46e79b8558784788323c24fe9c4bcee1.png
[90mvm [39m[33mwarn[39m No storage module present; cannot load costume asset:  16b4d4f3aa955d7772c9d2259b28e7ab.png
[90mvm [39m[33mwarn[39m No storage module present; cannot load costume asset:  0152c476bc9cdf1355aed54a85f8e86d.png
[90mvm [39m[33mwarn[39m No storage module present; cannot load costume asset:  ecaece6b57ea1fa21a55e41e5fa37def.png
[90mvm [39m[33mwarn[39m No storage module present; cannot load costume asset:  e1f257cdbbeb994bdeb71891f4aa70b1.png
[90mvm [39m[33mwarn[39m No storage module present; cannot load costume asset:  0d9e25332cd4fef7e415a3ad2870dc61.png
[90mvm [39m[33mwarn[39m No storage module present; cannot load costume asset:  c46276eba3dcf55b37ae4aa8b3471c13.png
[90mvm [39m[33mwarn[39m No storage module present; cannot load costume asset:  8b7573f38429fd89b6969510f40cce56.png
[90mvm [39m[33mwarn[39m No storage module present; cannot load costume asset:  9312dd4b55257d20a53fed9649e7a757.png
[90mvm [39m[33mwarn[39m No storage module present; cannot load costume asset:  9657832c3057b34128e7d98b8c3f1eaa.png
[90mvm [39m[33mwarn[39m No storage module present; cannot load costume asset:  b21f7df9b47dfe2de1149e559b856b71.png
[90mvm [39m[33mwarn[39m No storage module present; cannot load costume asset:  a7f2cf036a45375fc599ed9e80266761.png
[90mvm [39m[33mwarn[39m No storage module present; cannot load costume asset:  cb51d78dc59b2aee7172edbdb753dadb.png
[90mvm [39m[33mwarn[39m No storage module present; cannot load costume asset:  e0c964e18b47ca3792fa1f21fe49068a.png
[90mvm [39m[33mwarn[39m No storage module present; cannot load costume asset:  44ea74d02c0f28568b903bd5c506d001.png
[90mvm [39m[33mwarn[39m No storage module present; cannot load costume asset:  52c4394592d0829b8fc1ca504ff0fb72.png
[90mvm [39m[33mwarn[39m No storage module present; cannot load costume asset:  af1c67d0661fe0dcb36a0cb523fd06b9.png
[90mvm [39m[33mwarn[39m No storage module present; cannot load costume asset:  f9100c3f28d5205a5d837c5ffa540bb6.png
[90mvm [39m[33mwarn[39m No storage module present; cannot load costume asset:  36031d43fc546e44e3de0a246276ff44.png
[90mvm [39m[33mwarn[39m No storage module present; cannot load costume asset:  5c5c180cc357555a226f2c0492fb47f9.png
[90mvm [39m[33mwarn[39m No storage module present; cannot load costume asset:  558d4d62c1bc318e9f586a8722e38224.png
[90mvm [39m[33mwarn[39m No storage module present; cannot load costume asset:  89b969ba8a624b321bf8d49e4e28f6f2.png
[90mvm [39m[33mwarn[39m No storage module present; cannot load costume asset:  264fe43709affeadd09c49b62e0cab8b.png
[90mvm [39m[33mwarn[39m No storage module present; cannot load costume asset:  93874808d73a41e49c11d06af3626afe.png
[90mvm [39m[33mwarn[39m No storage module present; cannot load costume asset:  2cabb6288531422e8f914b7825484fe4.png
[90mvm [39m[33mwarn[39m No storage module present; cannot load costume asset:  ffb1a3de4dab6509b617ee45548e782b.png
[90mvm [39m[33mwarn[39m No storage module present; cannot load costume asset:  e4a785a40106fe416ab5144292bf81db.png
[90mvm [39m[33mwarn[39m No storage module present; cannot load costume asset:  1a13443ce55eb72b329ab7731aa8496a.png
[90mvm [39m[33mwarn[39m No storage module present; cannot load costume asset:  55a59ce86aa2c15b88d47098ba01e5e5.png
[90mvm [39m[33mwarn[39m No storage module present; cannot load costume asset:  72d7ad08a580e942373e78132e7d69e5.png
[90mvm [39m[33mwarn[39m No storage module present; cannot load costume asset:  0737c56e0fad60b74ca5669709189279.png
[90mvm [39m[33mwarn[39m No storage module present; cannot load costume asset:  6522f3a1a9b4a43474b3f13d870ed0f3.png
[90mvm [39m[33mwarn[39m No storage module present; cannot load costume asset:  d2c6876e1a77eeb2a72958801efdd37a.png
[90mvm [39m[33mwarn[39m No storage module present; cannot load sound asset:  267c8711dc46e751d96c55191b1ee79f.wav
[90mvm [39m[33mwarn[39m No storage module present; cannot load costume asset:  a65a5751c33b269ed48aedb094a6549c.svg
[90mvm [39m[33mwarn[39m No storage module present; cannot load costume asset:  479eb15a242b4bfc7960964a4011b9f9.png
[90mvm [39m[33mwarn[39m No storage module present; cannot load costume asset:  c6c4fe447ff4fe94a2e7c5bc6aa6f04d.png
[90mvm [39m[33mwarn[39m No storage module present; cannot load costume asset:  5b5182872334d0ac12f9670dfd28d6be.png
[90mvm [39m[33mwarn[39m No storage module present; cannot load costume asset:  64896e2107e105f9c48f6c767821a88a.png
[90mvm [39m[33mwarn[39m No storage module present; cannot load sound asset:  59a4dac2a62c3370ae5953a683b91ef4.wav
[90mvm [39m[33mwarn[39m No storage module present; cannot load costume asset:  d36f6603ec293d2c2198d3ea05109fe0.png
[90mvm [39m[33mwarn[39m No storage module present; cannot load costume asset:  253b6e9ae78140ad7c971058ef70a9e2.svg
[90mvm [39m[33mwarn[39m No storage module present; cannot load costume asset:  a2d903a689797d5136fe2ab69483f814.svg
[90mvm [39m[33mwarn[39m No storage module present; cannot load costume asset:  b653b7e9402e08dbe3a6836451744373.png
[90mvm [39m[33mwarn[39m No storage module present; cannot load costume asset:  e456f2353a96eb68e1809e5ce053b7e5.png
[90mvm [39m[33mwarn[39m No storage module present; cannot load costume asset:  c79802aa848d672560d184d06c77b4a8.png
[90mvm [39m[33mwarn[39m No storage module present; cannot load costume asset:  fc3f80a961d0741f6432d6a13805c43c.png
[90mvm [39m[33mwarn[39m Central dispatch replacing existing service provider for extension_0_pen
[36mℹ[0m  Sequence: Playing_Hold_4
[90m     Ticks: 270  Bugs found: 0[0m
[90m───────────────────────────────────────────────────────[0m
[90mvm [39m[33mwarn[39m Central dispatch replacing existing service provider for runtime
[90mvm [39m[33mwarn[39m Central dispatch replacing existing service provider for extensions
[90mvm [39m[33mwarn[39m No storage module present; cannot load costume asset:  bfc4b9c94a1cf4e18c6a6a3fc529e525.png
[90mvm [39m[33mwarn[39m No storage module present; cannot load costume asset:  90a4d445b9ffb2d9caeb822eba4ef4ec.png
[90mvm [39m[33mwarn[39m No storage module present; cannot load costume asset:  91459961c7d86f7b84bbcfa154fc53f5.png
[90mvm [39m[33mwarn[39m No storage module present; cannot load costume asset:  46e79b8558784788323c24fe9c4bcee1.png
[90mvm [39m[33mwarn[39m No storage module present; cannot load costume asset:  16b4d4f3aa955d7772c9d2259b28e7ab.png
[90mvm [39m[33mwarn[39m No storage module present; cannot load costume asset:  0152c476bc9cdf1355aed54a85f8e86d.png
[90mvm [39m[33mwarn[39m No storage module present; cannot load costume asset:  ecaece6b57ea1fa21a55e41e5fa37def.png
[90mvm [39m[33mwarn[39m No storage module present; cannot load costume asset:  e1f257cdbbeb994bdeb71891f4aa70b1.png
[90mvm [39m[33mwarn[39m No storage module present; cannot load costume asset:  0d9e25332cd4fef7e415a3ad2870dc61.png
[90mvm [39m[33mwarn[39m No storage module present; cannot load costume asset:  c46276eba3dcf55b37ae4aa8b3471c13.png
[90mvm [39m[33mwarn[39m No storage module present; cannot load costume asset:  8b7573f38429fd89b6969510f40cce56.png
[90mvm [39m[33mwarn[39m No storage module present; cannot load costume asset:  9312dd4b55257d20a53fed9649e7a757.png
[90mvm [39m[33mwarn[39m No storage module present; cannot load costume asset:  9657832c3057b34128e7d98b8c3f1eaa.png
[90mvm [39m[33mwarn[39m No storage module present; cannot load costume asset:  b21f7df9b47dfe2de1149e559b856b71.png
[90mvm [39m[33mwarn[39m No storage module present; cannot load costume asset:  a7f2cf036a45375fc599ed9e80266761.png
[90mvm [39m[33mwarn[39m No storage module present; cannot load costume asset:  cb51d78dc59b2aee7172edbdb753dadb.png
[90mvm [39m[33mwarn[39m No storage module present; cannot load costume asset:  e0c964e18b47ca3792fa1f21fe49068a.png
[90mvm [39m[33mwarn[39m No storage module present; cannot load costume asset:  44ea74d02c0f28568b903bd5c506d001.png
[90mvm [39m[33mwarn[39m No storage module present; cannot load costume asset:  52c4394592d0829b8fc1ca504ff0fb72.png
[90mvm [39m[33mwarn[39m No storage module present; cannot load costume asset:  af1c67d0661fe0dcb36a0cb523fd06b9.png
[90mvm [39m[33mwarn[39m No storage module present; cannot load costume asset:  f9100c3f28d5205a5d837c5ffa540bb6.png
[90mvm [39m[33mwarn[39m No storage module present; cannot load costume asset:  36031d43fc546e44e3de0a246276ff44.png
[90mvm [39m[33mwarn[39m No storage module present; cannot load costume asset:  5c5c180cc357555a226f2c0492fb47f9.png
[90mvm [39m[33mwarn[39m No storage module present; cannot load costume asset:  558d4d62c1bc318e9f586a8722e38224.png
[90mvm [39m[33mwarn[39m No storage module present; cannot load costume asset:  89b969ba8a624b321bf8d49e4e28f6f2.png
[90mvm [39m[33mwarn[39m No storage module present; cannot load costume asset:  264fe43709affeadd09c49b62e0cab8b.png
[90mvm [39m[33mwarn[39m No storage module present; cannot load costume asset:  93874808d73a41e49c11d06af3626afe.png
[90mvm [39m[33mwarn[39m No storage module present; cannot load costume asset:  2cabb6288531422e8f914b7825484fe4.png
[90mvm [39m[33mwarn[39m No storage module present; cannot load costume asset:  ffb1a3de4dab6509b617ee45548e782b.png
[90mvm [39m[33mwarn[39m No storage module present; cannot load costume asset:  e4a785a40106fe416ab5144292bf81db.png
[90mvm [39m[33mwarn[39m No storage module present; cannot load costume asset:  1a13443ce55eb72b329ab7731aa8496a.png
[90mvm [39m[33mwarn[39m No storage module present; cannot load costume asset:  55a59ce86aa2c15b88d47098ba01e5e5.png
[90mvm [39m[33mwarn[39m No storage module present; cannot load costume asset:  72d7ad08a580e942373e78132e7d69e5.png
[90mvm [39m[33mwarn[39m No storage module present; cannot load costume asset:  0737c56e0fad60b74ca5669709189279.png
[90mvm [39m[33mwarn[39m No storage module present; cannot load costume asset:  6522f3a1a9b4a43474b3f13d870ed0f3.png
[90mvm [39m[33mwarn[39m No storage module present; cannot load costume asset:  d2c6876e1a77eeb2a72958801efdd37a.png
[90mvm [39m[33mwarn[39m No storage module present; cannot load sound asset:  267c8711dc46e751d96c55191b1ee79f.wav
[90mvm [39m[33mwarn[39m No storage module present; cannot load costume asset:  a65a5751c33b269ed48aedb094a6549c.svg
[90mvm [39m[33mwarn[39m No storage module present; cannot load costume asset:  479eb15a242b4bfc7960964a4011b9f9.png
[90mvm [39m[33mwarn[39m No storage module present; cannot load costume asset:  c6c4fe447ff4fe94a2e7c5bc6aa6f04d.png
[90mvm [39m[33mwarn[39m No storage module present; cannot load costume asset:  5b5182872334d0ac12f9670dfd28d6be.png
[90mvm [39m[33mwarn[39m No storage module present; cannot load costume asset:  64896e2107e105f9c48f6c767821a88a.png
[90mvm [39m[33mwarn[39m No storage module present; cannot load sound asset:  59a4dac2a62c3370ae5953a683b91ef4.wav
[90mvm [39m[33mwarn[39m No storage module present; cannot load costume asset:  d36f6603ec293d2c2198d3ea05109fe0.png
[90mvm [39m[33mwarn[39m No storage module present; cannot load costume asset:  253b6e9ae78140ad7c971058ef70a9e2.svg
[90mvm [39m[33mwarn[39m No storage module present; cannot load costume asset:  a2d903a689797d5136fe2ab69483f814.svg
[90mvm [39m[33mwarn[39m No storage module present; cannot load costume asset:  b653b7e9402e08dbe3a6836451744373.png
[90mvm [39m[33mwarn[39m No storage module present; cannot load costume asset:  e456f2353a96eb68e1809e5ce053b7e5.png
[90mvm [39m[33mwarn[39m No storage module present; cannot load costume asset:  c79802aa848d672560d184d06c77b4a8.png
[90mvm [39m[33mwarn[39m No storage module present; cannot load costume asset:  fc3f80a961d0741f6432d6a13805c43c.png
[90mvm [39m[33mwarn[39m No storage module present; cannot load costume asset:  bfc4b9c94a1cf4e18c6a6a3fc529e525.png
[90mvm [39m[33mwarn[39m No storage module present; cannot load costume asset:  90a4d445b9ffb2d9caeb822eba4ef4ec.png
[90mvm [39m[33mwarn[39m No storage module present; cannot load costume asset:  91459961c7d86f7b84bbcfa154fc53f5.png
[90mvm [39m[33mwarn[39m No storage module present; cannot load costume asset:  46e79b8558784788323c24fe9c4bcee1.png
[90mvm [39m[33mwarn[39m No storage module present; cannot load costume asset:  16b4d4f3aa955d7772c9d2259b28e7ab.png
[90mvm [39m[33mwarn[39m No storage module present; cannot load costume asset:  0152c476bc9cdf1355aed54a85f8e86d.png
[90mvm [39m[33mwarn[39m No storage module present; cannot load costume asset:  ecaece6b57ea1fa21a55e41e5fa37def.png
[90mvm [39m[33mwarn[39m No storage module present; cannot load costume asset:  e1f257cdbbeb994bdeb71891f4aa70b1.png
[90mvm [39m[33mwarn[39m No storage module present; cannot load costume asset:  0d9e25332cd4fef7e415a3ad2870dc61.png
[90mvm [39m[33mwarn[39m No storage module present; cannot load costume asset:  c46276eba3dcf55b37ae4aa8b3471c13.png
[90mvm [39m[33mwarn[39m No storage module present; cannot load costume asset:  8b7573f38429fd89b6969510f40cce56.png
[90mvm [39m[33mwarn[39m No storage module present; cannot load costume asset:  9312dd4b55257d20a53fed9649e7a757.png
[90mvm [39m[33mwarn[39m No storage module present; cannot load costume asset:  9657832c3057b34128e7d98b8c3f1eaa.png
[90mvm [39m[33mwarn[39m No storage module present; cannot load costume asset:  b21f7df9b47dfe2de1149e559b856b71.png
[90mvm [39m[33mwarn[39m No storage module present; cannot load costume asset:  a7f2cf036a45375fc599ed9e80266761.png
[90mvm [39m[33mwarn[39m No storage module present; cannot load costume asset:  cb51d78dc59b2aee7172edbdb753dadb.png
[90mvm [39m[33mwarn[39m No storage module present; cannot load costume asset:  e0c964e18b47ca3792fa1f21fe49068a.png
[90mvm [39m[33mwarn[39m No storage module present; cannot load costume asset:  44ea74d02c0f28568b903bd5c506d001.png
[90mvm [39m[33mwarn[39m No storage module present; cannot load costume asset:  52c4394592d0829b8fc1ca504ff0fb72.png
[90mvm [39m[33mwarn[39m No storage module present; cannot load costume asset:  af1c67d0661fe0dcb36a0cb523fd06b9.png
[90mvm [39m[33mwarn[39m No storage module present; cannot load costume asset:  f9100c3f28d5205a5d837c5ffa540bb6.png
[90mvm [39m[33mwarn[39m No storage module present; cannot load costume asset:  36031d43fc546e44e3de0a246276ff44.png
[90mvm [39m[33mwarn[39m No storage module present; cannot load costume asset:  5c5c180cc357555a226f2c0492fb47f9.png
[90mvm [39m[33mwarn[39m No storage module present; cannot load costume asset:  558d4d62c1bc318e9f586a8722e38224.png
[90mvm [39m[33mwarn[39m No storage module present; cannot load costume asset:  89b969ba8a624b321bf8d49e4e28f6f2.png
[90mvm [39m[33mwarn[39m No storage module present; cannot load costume asset:  264fe43709affeadd09c49b62e0cab8b.png
[90mvm [39m[33mwarn[39m No storage module present; cannot load costume asset:  93874808d73a41e49c11d06af3626afe.png
[90mvm [39m[33mwarn[39m No storage module present; cannot load costume asset:  2cabb6288531422e8f914b7825484fe4.png
[90mvm [39m[33mwarn[39m No storage module present; cannot load costume asset:  ffb1a3de4dab6509b617ee45548e782b.png
[90mvm [39m[33mwarn[39m No storage module present; cannot load costume asset:  e4a785a40106fe416ab5144292bf81db.png
[90mvm [39m[33mwarn[39m No storage module present; cannot load costume asset:  1a13443ce55eb72b329ab7731aa8496a.png
[90mvm [39m[33mwarn[39m No storage module present; cannot load costume asset:  55a59ce86aa2c15b88d47098ba01e5e5.png
[90mvm [39m[33mwarn[39m No storage module present; cannot load costume asset:  72d7ad08a580e942373e78132e7d69e5.png
[90mvm [39m[33mwarn[39m No storage module present; cannot load costume asset:  0737c56e0fad60b74ca5669709189279.png
[90mvm [39m[33mwarn[39m No storage module present; cannot load costume asset:  6522f3a1a9b4a43474b3f13d870ed0f3.png
[90mvm [39m[33mwarn[39m No storage module present; cannot load costume asset:  d2c6876e1a77eeb2a72958801efdd37a.png
[90mvm [39m[33mwarn[39m No storage module present; cannot load sound asset:  267c8711dc46e751d96c55191b1ee79f.wav
[90mvm [39m[33mwarn[39m No storage module present; cannot load costume asset:  a65a5751c33b269ed48aedb094a6549c.svg
[90mvm [39m[33mwarn[39m No storage module present; cannot load costume asset:  479eb15a242b4bfc7960964a4011b9f9.png
[90mvm [39m[33mwarn[39m No storage module present; cannot load costume asset:  c6c4fe447ff4fe94a2e7c5bc6aa6f04d.png
[90mvm [39m[33mwarn[39m No storage module present; cannot load costume asset:  5b5182872334d0ac12f9670dfd28d6be.png
[90mvm [39m[33mwarn[39m No storage module present; cannot load costume asset:  64896e2107e105f9c48f6c767821a88a.png
[90mvm [39m[33mwarn[39m No storage module present; cannot load sound asset:  59a4dac2a62c3370ae5953a683b91ef4.wav
[90mvm [39m[33mwarn[39m No storage module present; cannot load costume asset:  d36f6603ec293d2c2198d3ea05109fe0.png
[90mvm [39m[33mwarn[39m No storage module present; cannot load costume asset:  253b6e9ae78140ad7c971058ef70a9e2.svg
[90mvm [39m[33mwarn[39m No storage module present; cannot load costume asset:  a2d903a689797d5136fe2ab69483f814.svg
[90mvm [39m[33mwarn[39m No storage module present; cannot load costume asset:  b653b7e9402e08dbe3a6836451744373.png
[90mvm [39m[33mwarn[39m No storage module present; cannot load costume asset:  e456f2353a96eb68e1809e5ce053b7e5.png
[90mvm [39m[33mwarn[39m No storage module present; cannot load costume asset:  c79802aa848d672560d184d06c77b4a8.png
[90mvm [39m[33mwarn[39m No storage module present; cannot load costume asset:  fc3f80a961d0741f6432d6a13805c43c.png
[90mvm [39m[33mwarn[39m Central dispatch replacing existing service provider for extension_0_pen
[36mℹ[0m  Sequence: Playing_All_Keys
[31m[1mBUG[0m  [T2] Monotonic_Index
[90m       Sequence : Playing_All_Keys[0m
[90m       Tick     : 627[0m
[90m       Detail   : Index decreased: 5 → 4[0m
[90m     Ticks: 1555  Bugs found: 1[0m
[90m───────────────────────────────────────────────────────[0m
[90mvm [39m[33mwarn[39m Central dispatch replacing existing service provider for runtime
[90mvm [39m[33mwarn[39m Central dispatch replacing existing service provider for extensions
[90mvm [39m[33mwarn[39m No storage module present; cannot load costume asset:  bfc4b9c94a1cf4e18c6a6a3fc529e525.png
[90mvm [39m[33mwarn[39m No storage module present; cannot load costume asset:  90a4d445b9ffb2d9caeb822eba4ef4ec.png
[90mvm [39m[33mwarn[39m No storage module present; cannot load costume asset:  91459961c7d86f7b84bbcfa154fc53f5.png
[90mvm [39m[33mwarn[39m No storage module present; cannot load costume asset:  46e79b8558784788323c24fe9c4bcee1.png
[90mvm [39m[33mwarn[39m No storage module present; cannot load costume asset:  16b4d4f3aa955d7772c9d2259b28e7ab.png
[90mvm [39m[33mwarn[39m No storage module present; cannot load costume asset:  0152c476bc9cdf1355aed54a85f8e86d.png
[90mvm [39m[33mwarn[39m No storage module present; cannot load costume asset:  ecaece6b57ea1fa21a55e41e5fa37def.png
[90mvm [39m[33mwarn[39m No storage module present; cannot load costume asset:  e1f257cdbbeb994bdeb71891f4aa70b1.png
[90mvm [39m[33mwarn[39m No storage module present; cannot load costume asset:  0d9e25332cd4fef7e415a3ad2870dc61.png
[90mvm [39m[33mwarn[39m No storage module present; cannot load costume asset:  c46276eba3dcf55b37ae4aa8b3471c13.png
[90mvm [39m[33mwarn[39m No storage module present; cannot load costume asset:  8b7573f38429fd89b6969510f40cce56.png
[90mvm [39m[33mwarn[39m No storage module present; cannot load costume asset:  9312dd4b55257d20a53fed9649e7a757.png
[90mvm [39m[33mwarn[39m No storage module present; cannot load costume asset:  9657832c3057b34128e7d98b8c3f1eaa.png
[90mvm [39m[33mwarn[39m No storage module present; cannot load costume asset:  b21f7df9b47dfe2de1149e559b856b71.png
[90mvm [39m[33mwarn[39m No storage module present; cannot load costume asset:  a7f2cf036a45375fc599ed9e80266761.png
[90mvm [39m[33mwarn[39m No storage module present; cannot load costume asset:  cb51d78dc59b2aee7172edbdb753dadb.png
[90mvm [39m[33mwarn[39m No storage module present; cannot load costume asset:  e0c964e18b47ca3792fa1f21fe49068a.png
[90mvm [39m[33mwarn[39m No storage module present; cannot load costume asset:  44ea74d02c0f28568b903bd5c506d001.png
[90mvm [39m[33mwarn[39m No storage module present; cannot load costume asset:  52c4394592d0829b8fc1ca504ff0fb72.png
[90mvm [39m[33mwarn[39m No storage module present; cannot load costume asset:  af1c67d0661fe0dcb36a0cb523fd06b9.png
[90mvm [39m[33mwarn[39m No storage module present; cannot load costume asset:  f9100c3f28d5205a5d837c5ffa540bb6.png
[90mvm [39m[33mwarn[39m No storage module present; cannot load costume asset:  36031d43fc546e44e3de0a246276ff44.png
[90mvm [39m[33mwarn[39m No storage module present; cannot load costume asset:  5c5c180cc357555a226f2c0492fb47f9.png
[90mvm [39m[33mwarn[39m No storage module present; cannot load costume asset:  558d4d62c1bc318e9f586a8722e38224.png
[90mvm [39m[33mwarn[39m No storage module present; cannot load costume asset:  89b969ba8a624b321bf8d49e4e28f6f2.png
[90mvm [39m[33mwarn[39m No storage module present; cannot load costume asset:  264fe43709affeadd09c49b62e0cab8b.png
[90mvm [39m[33mwarn[39m No storage module present; cannot load costume asset:  93874808d73a41e49c11d06af3626afe.png
[90mvm [39m[33mwarn[39m No storage module present; cannot load costume asset:  2cabb6288531422e8f914b7825484fe4.png
[90mvm [39m[33mwarn[39m No storage module present; cannot load costume asset:  ffb1a3de4dab6509b617ee45548e782b.png
[90mvm [39m[33mwarn[39m No storage module present; cannot load costume asset:  e4a785a40106fe416ab5144292bf81db.png
[90mvm [39m[33mwarn[39m No storage module present; cannot load costume asset:  1a13443ce55eb72b329ab7731aa8496a.png
[90mvm [39m[33mwarn[39m No storage module present; cannot load costume asset:  55a59ce86aa2c15b88d47098ba01e5e5.png
[90mvm [39m[33mwarn[39m No storage module present; cannot load costume asset:  72d7ad08a580e942373e78132e7d69e5.png
[90mvm [39m[33mwarn[39m No storage module present; cannot load costume asset:  0737c56e0fad60b74ca5669709189279.png
[90mvm [39m[33mwarn[39m No storage module present; cannot load costume asset:  6522f3a1a9b4a43474b3f13d870ed0f3.png
[90mvm [39m[33mwarn[39m No storage module present; cannot load costume asset:  d2c6876e1a77eeb2a72958801efdd37a.png
[90mvm [39m[33mwarn[39m No storage module present; cannot load sound asset:  267c8711dc46e751d96c55191b1ee79f.wav
[90mvm [39m[33mwarn[39m No storage module present; cannot load costume asset:  a65a5751c33b269ed48aedb094a6549c.svg
[90mvm [39m[33mwarn[39m No storage module present; cannot load costume asset:  479eb15a242b4bfc7960964a4011b9f9.png
[90mvm [39m[33mwarn[39m No storage module present; cannot load costume asset:  c6c4fe447ff4fe94a2e7c5bc6aa6f04d.png
[90mvm [39m[33mwarn[39m No storage module present; cannot load costume asset:  5b5182872334d0ac12f9670dfd28d6be.png
[90mvm [39m[33mwarn[39m No storage module present; cannot load costume asset:  64896e2107e105f9c48f6c767821a88a.png
[90mvm [39m[33mwarn[39m No storage module present; cannot load sound asset:  59a4dac2a62c3370ae5953a683b91ef4.wav
[90mvm [39m[33mwarn[39m No storage module present; cannot load costume asset:  d36f6603ec293d2c2198d3ea05109fe0.png
[90mvm [39m[33mwarn[39m No storage module present; cannot load costume asset:  253b6e9ae78140ad7c971058ef70a9e2.svg
[90mvm [39m[33mwarn[39m No storage module present; cannot load costume asset:  a2d903a689797d5136fe2ab69483f814.svg
[90mvm [39m[33mwarn[39m No storage module present; cannot load costume asset:  b653b7e9402e08dbe3a6836451744373.png
[90mvm [39m[33mwarn[39m No storage module present; cannot load costume asset:  e456f2353a96eb68e1809e5ce053b7e5.png
[90mvm [39m[33mwarn[39m No storage module present; cannot load costume asset:  c79802aa848d672560d184d06c77b4a8.png
[90mvm [39m[33mwarn[39m No storage module present; cannot load costume asset:  fc3f80a961d0741f6432d6a13805c43c.png
[90mvm [39m[33mwarn[39m No storage module present; cannot load costume asset:  bfc4b9c94a1cf4e18c6a6a3fc529e525.png
[90mvm [39m[33mwarn[39m No storage module present; cannot load costume asset:  90a4d445b9ffb2d9caeb822eba4ef4ec.png
[90mvm [39m[33mwarn[39m No storage module present; cannot load costume asset:  91459961c7d86f7b84bbcfa154fc53f5.png
[90mvm [39m[33mwarn[39m No storage module present; cannot load costume asset:  46e79b8558784788323c24fe9c4bcee1.png
[90mvm [39m[33mwarn[39m No storage module present; cannot load costume asset:  16b4d4f3aa955d7772c9d2259b28e7ab.png
[90mvm [39m[33mwarn[39m No storage module present; cannot load costume asset:  0152c476bc9cdf1355aed54a85f8e86d.png
[90mvm [39m[33mwarn[39m No storage module present; cannot load costume asset:  ecaece6b57ea1fa21a55e41e5fa37def.png
[90mvm [39m[33mwarn[39m No storage module present; cannot load costume asset:  e1f257cdbbeb994bdeb71891f4aa70b1.png
[90mvm [39m[33mwarn[39m No storage module present; cannot load costume asset:  0d9e25332cd4fef7e415a3ad2870dc61.png
[90mvm [39m[33mwarn[39m No storage module present; cannot load costume asset:  c46276eba3dcf55b37ae4aa8b3471c13.png
[90mvm [39m[33mwarn[39m No storage module present; cannot load costume asset:  8b7573f38429fd89b6969510f40cce56.png
[90mvm [39m[33mwarn[39m No storage module present; cannot load costume asset:  9312dd4b55257d20a53fed9649e7a757.png
[90mvm [39m[33mwarn[39m No storage module present; cannot load costume asset:  9657832c3057b34128e7d98b8c3f1eaa.png
[90mvm [39m[33mwarn[39m No storage module present; cannot load costume asset:  b21f7df9b47dfe2de1149e559b856b71.png
[90mvm [39m[33mwarn[39m No storage module present; cannot load costume asset:  a7f2cf036a45375fc599ed9e80266761.png
[90mvm [39m[33mwarn[39m No storage module present; cannot load costume asset:  cb51d78dc59b2aee7172edbdb753dadb.png
[90mvm [39m[33mwarn[39m No storage module present; cannot load costume asset:  e0c964e18b47ca3792fa1f21fe49068a.png
[90mvm [39m[33mwarn[39m No storage module present; cannot load costume asset:  44ea74d02c0f28568b903bd5c506d001.png
[90mvm [39m[33mwarn[39m No storage module present; cannot load costume asset:  52c4394592d0829b8fc1ca504ff0fb72.png
[90mvm [39m[33mwarn[39m No storage module present; cannot load costume asset:  af1c67d0661fe0dcb36a0cb523fd06b9.png
[90mvm [39m[33mwarn[39m No storage module present; cannot load costume asset:  f9100c3f28d5205a5d837c5ffa540bb6.png
[90mvm [39m[33mwarn[39m No storage module present; cannot load costume asset:  36031d43fc546e44e3de0a246276ff44.png
[90mvm [39m[33mwarn[39m No storage module present; cannot load costume asset:  5c5c180cc357555a226f2c0492fb47f9.png
[90mvm [39m[33mwarn[39m No storage module present; cannot load costume asset:  558d4d62c1bc318e9f586a8722e38224.png
[90mvm [39m[33mwarn[39m No storage module present; cannot load costume asset:  89b969ba8a624b321bf8d49e4e28f6f2.png
[90mvm [39m[33mwarn[39m No storage module present; cannot load costume asset:  264fe43709affeadd09c49b62e0cab8b.png
[90mvm [39m[33mwarn[39m No storage module present; cannot load costume asset:  93874808d73a41e49c11d06af3626afe.png
[90mvm [39m[33mwarn[39m No storage module present; cannot load costume asset:  2cabb6288531422e8f914b7825484fe4.png
[90mvm [39m[33mwarn[39m No storage module present; cannot load costume asset:  ffb1a3de4dab6509b617ee45548e782b.png
[90mvm [39m[33mwarn[39m No storage module present; cannot load costume asset:  e4a785a40106fe416ab5144292bf81db.png
[90mvm [39m[33mwarn[39m No storage module present; cannot load costume asset:  1a13443ce55eb72b329ab7731aa8496a.png
[90mvm [39m[33mwarn[39m No storage module present; cannot load costume asset:  55a59ce86aa2c15b88d47098ba01e5e5.png
[90mvm [39m[33mwarn[39m No storage module present; cannot load costume asset:  72d7ad08a580e942373e78132e7d69e5.png
[90mvm [39m[33mwarn[39m No storage module present; cannot load costume asset:  0737c56e0fad60b74ca5669709189279.png
[90mvm [39m[33mwarn[39m No storage module present; cannot load costume asset:  6522f3a1a9b4a43474b3f13d870ed0f3.png
[90mvm [39m[33mwarn[39m No storage module present; cannot load costume asset:  d2c6876e1a77eeb2a72958801efdd37a.png
[90mvm [39m[33mwarn[39m No storage module present; cannot load sound asset:  267c8711dc46e751d96c55191b1ee79f.wav
[90mvm [39m[33mwarn[39m No storage module present; cannot load costume asset:  a65a5751c33b269ed48aedb094a6549c.svg
[90mvm [39m[33mwarn[39m No storage module present; cannot load costume asset:  479eb15a242b4bfc7960964a4011b9f9.png
[90mvm [39m[33mwarn[39m No storage module present; cannot load costume asset:  c6c4fe447ff4fe94a2e7c5bc6aa6f04d.png
[90mvm [39m[33mwarn[39m No storage module present; cannot load costume asset:  5b5182872334d0ac12f9670dfd28d6be.png
[90mvm [39m[33mwarn[39m No storage module present; cannot load costume asset:  64896e2107e105f9c48f6c767821a88a.png
[90mvm [39m[33mwarn[39m No storage module present; cannot load sound asset:  59a4dac2a62c3370ae5953a683b91ef4.wav
[90mvm [39m[33mwarn[39m No storage module present; cannot load costume asset:  d36f6603ec293d2c2198d3ea05109fe0.png
[90mvm [39m[33mwarn[39m No storage module present; cannot load costume asset:  253b6e9ae78140ad7c971058ef70a9e2.svg
[90mvm [39m[33mwarn[39m No storage module present; cannot load costume asset:  a2d903a689797d5136fe2ab69483f814.svg
[90mvm [39m[33mwarn[39m No storage module present; cannot load costume asset:  b653b7e9402e08dbe3a6836451744373.png
[90mvm [39m[33mwarn[39m No storage module present; cannot load costume asset:  e456f2353a96eb68e1809e5ce053b7e5.png
[90mvm [39m[33mwarn[39m No storage module present; cannot load costume asset:  c79802aa848d672560d184d06c77b4a8.png
[90mvm [39m[33mwarn[39m No storage module present; cannot load costume asset:  fc3f80a961d0741f6432d6a13805c43c.png
[90mvm [39m[33mwarn[39m Central dispatch replacing existing service provider for extension_0_pen
[36mℹ[0m  Sequence: Playing_Random_600
[90m     Ticks: 720  Bugs found: 0[0m
[90m───────────────────────────────────────────────────────[0m
[90mvm [39m[33mwarn[39m Central dispatch replacing existing service provider for runtime
[90mvm [39m[33mwarn[39m Central dispatch replacing existing service provider for extensions
[90mvm [39m[33mwarn[39m No storage module present; cannot load costume asset:  bfc4b9c94a1cf4e18c6a6a3fc529e525.png
[90mvm [39m[33mwarn[39m No storage module present; cannot load costume asset:  90a4d445b9ffb2d9caeb822eba4ef4ec.png
[90mvm [39m[33mwarn[39m No storage module present; cannot load costume asset:  91459961c7d86f7b84bbcfa154fc53f5.png
[90mvm [39m[33mwarn[39m No storage module present; cannot load costume asset:  46e79b8558784788323c24fe9c4bcee1.png
[90mvm [39m[33mwarn[39m No storage module present; cannot load costume asset:  16b4d4f3aa955d7772c9d2259b28e7ab.png
[90mvm [39m[33mwarn[39m No storage module present; cannot load costume asset:  0152c476bc9cdf1355aed54a85f8e86d.png
[90mvm [39m[33mwarn[39m No storage module present; cannot load costume asset:  ecaece6b57ea1fa21a55e41e5fa37def.png
[90mvm [39m[33mwarn[39m No storage module present; cannot load costume asset:  e1f257cdbbeb994bdeb71891f4aa70b1.png
[90mvm [39m[33mwarn[39m No storage module present; cannot load costume asset:  0d9e25332cd4fef7e415a3ad2870dc61.png
[90mvm [39m[33mwarn[39m No storage module present; cannot load costume asset:  c46276eba3dcf55b37ae4aa8b3471c13.png
[90mvm [39m[33mwarn[39m No storage module present; cannot load costume asset:  8b7573f38429fd89b6969510f40cce56.png
[90mvm [39m[33mwarn[39m No storage module present; cannot load costume asset:  9312dd4b55257d20a53fed9649e7a757.png
[90mvm [39m[33mwarn[39m No storage module present; cannot load costume asset:  9657832c3057b34128e7d98b8c3f1eaa.png
[90mvm [39m[33mwarn[39m No storage module present; cannot load costume asset:  b21f7df9b47dfe2de1149e559b856b71.png
[90mvm [39m[33mwarn[39m No storage module present; cannot load costume asset:  a7f2cf036a45375fc599ed9e80266761.png
[90mvm [39m[33mwarn[39m No storage module present; cannot load costume asset:  cb51d78dc59b2aee7172edbdb753dadb.png
[90mvm [39m[33mwarn[39m No storage module present; cannot load costume asset:  e0c964e18b47ca3792fa1f21fe49068a.png
[90mvm [39m[33mwarn[39m No storage module present; cannot load costume asset:  44ea74d02c0f28568b903bd5c506d001.png
[90mvm [39m[33mwarn[39m No storage module present; cannot load costume asset:  52c4394592d0829b8fc1ca504ff0fb72.png
[90mvm [39m[33mwarn[39m No storage module present; cannot load costume asset:  af1c67d0661fe0dcb36a0cb523fd06b9.png
[90mvm [39m[33mwarn[39m No storage module present; cannot load costume asset:  f9100c3f28d5205a5d837c5ffa540bb6.png
[90mvm [39m[33mwarn[39m No storage module present; cannot load costume asset:  36031d43fc546e44e3de0a246276ff44.png
[90mvm [39m[33mwarn[39m No storage module present; cannot load costume asset:  5c5c180cc357555a226f2c0492fb47f9.png
[90mvm [39m[33mwarn[39m No storage module present; cannot load costume asset:  558d4d62c1bc318e9f586a8722e38224.png
[90mvm [39m[33mwarn[39m No storage module present; cannot load costume asset:  89b969ba8a624b321bf8d49e4e28f6f2.png
[90mvm [39m[33mwarn[39m No storage module present; cannot load costume asset:  264fe43709affeadd09c49b62e0cab8b.png
[90mvm [39m[33mwarn[39m No storage module present; cannot load costume asset:  93874808d73a41e49c11d06af3626afe.png
[90mvm [39m[33mwarn[39m No storage module present; cannot load costume asset:  2cabb6288531422e8f914b7825484fe4.png
[90mvm [39m[33mwarn[39m No storage module present; cannot load costume asset:  ffb1a3de4dab6509b617ee45548e782b.png
[90mvm [39m[33mwarn[39m No storage module present; cannot load costume asset:  e4a785a40106fe416ab5144292bf81db.png
[90mvm [39m[33mwarn[39m No storage module present; cannot load costume asset:  1a13443ce55eb72b329ab7731aa8496a.png
[90mvm [39m[33mwarn[39m No storage module present; cannot load costume asset:  55a59ce86aa2c15b88d47098ba01e5e5.png
[90mvm [39m[33mwarn[39m No storage module present; cannot load costume asset:  72d7ad08a580e942373e78132e7d69e5.png
[90mvm [39m[33mwarn[39m No storage module present; cannot load costume asset:  0737c56e0fad60b74ca5669709189279.png
[90mvm [39m[33mwarn[39m No storage module present; cannot load costume asset:  6522f3a1a9b4a43474b3f13d870ed0f3.png
[90mvm [39m[33mwarn[39m No storage module present; cannot load costume asset:  d2c6876e1a77eeb2a72958801efdd37a.png
[90mvm [39m[33mwarn[39m No storage module present; cannot load sound asset:  267c8711dc46e751d96c55191b1ee79f.wav
[90mvm [39m[33mwarn[39m No storage module present; cannot load costume asset:  a65a5751c33b269ed48aedb094a6549c.svg
[90mvm [39m[33mwarn[39m No storage module present; cannot load costume asset:  479eb15a242b4bfc7960964a4011b9f9.png
[90mvm [39m[33mwarn[39m No storage module present; cannot load costume asset:  c6c4fe447ff4fe94a2e7c5bc6aa6f04d.png
[90mvm [39m[33mwarn[39m No storage module present; cannot load costume asset:  5b5182872334d0ac12f9670dfd28d6be.png
[90mvm [39m[33mwarn[39m No storage module present; cannot load costume asset:  64896e2107e105f9c48f6c767821a88a.png
[90mvm [39m[33mwarn[39m No storage module present; cannot load sound asset:  59a4dac2a62c3370ae5953a683b91ef4.wav
[90mvm [39m[33mwarn[39m No storage module present; cannot load costume asset:  d36f6603ec293d2c2198d3ea05109fe0.png
[90mvm [39m[33mwarn[39m No storage module present; cannot load costume asset:  253b6e9ae78140ad7c971058ef70a9e2.svg
[90mvm [39m[33mwarn[39m No storage module present; cannot load costume asset:  a2d903a689797d5136fe2ab69483f814.svg
[90mvm [39m[33mwarn[39m No storage module present; cannot load costume asset:  b653b7e9402e08dbe3a6836451744373.png
[90mvm [39m[33mwarn[39m No storage module present; cannot load costume asset:  e456f2353a96eb68e1809e5ce053b7e5.png
[90mvm [39m[33mwarn[39m No storage module present; cannot load costume asset:  c79802aa848d672560d184d06c77b4a8.png
[90mvm [39m[33mwarn[39m No storage module present; cannot load costume asset:  fc3f80a961d0741f6432d6a13805c43c.png
[90mvm [39m[33mwarn[39m No storage module present; cannot load costume asset:  bfc4b9c94a1cf4e18c6a6a3fc529e525.png
[90mvm [39m[33mwarn[39m No storage module present; cannot load costume asset:  90a4d445b9ffb2d9caeb822eba4ef4ec.png
[90mvm [39m[33mwarn[39m No storage module present; cannot load costume asset:  91459961c7d86f7b84bbcfa154fc53f5.png
[90mvm [39m[33mwarn[39m No storage module present; cannot load costume asset:  46e79b8558784788323c24fe9c4bcee1.png
[90mvm [39m[33mwarn[39m No storage module present; cannot load costume asset:  16b4d4f3aa955d7772c9d2259b28e7ab.png
[90mvm [39m[33mwarn[39m No storage module present; cannot load costume asset:  0152c476bc9cdf1355aed54a85f8e86d.png
[90mvm [39m[33mwarn[39m No storage module present; cannot load costume asset:  ecaece6b57ea1fa21a55e41e5fa37def.png
[90mvm [39m[33mwarn[39m No storage module present; cannot load costume asset:  e1f257cdbbeb994bdeb71891f4aa70b1.png
[90mvm [39m[33mwarn[39m No storage module present; cannot load costume asset:  0d9e25332cd4fef7e415a3ad2870dc61.png
[90mvm [39m[33mwarn[39m No storage module present; cannot load costume asset:  c46276eba3dcf55b37ae4aa8b3471c13.png
[90mvm [39m[33mwarn[39m No storage module present; cannot load costume asset:  8b7573f38429fd89b6969510f40cce56.png
[90mvm [39m[33mwarn[39m No storage module present; cannot load costume asset:  9312dd4b55257d20a53fed9649e7a757.png
[90mvm [39m[33mwarn[39m No storage module present; cannot load costume asset:  9657832c3057b34128e7d98b8c3f1eaa.png
[90mvm [39m[33mwarn[39m No storage module present; cannot load costume asset:  b21f7df9b47dfe2de1149e559b856b71.png
[90mvm [39m[33mwarn[39m No storage module present; cannot load costume asset:  a7f2cf036a45375fc599ed9e80266761.png
[90mvm [39m[33mwarn[39m No storage module present; cannot load costume asset:  cb51d78dc59b2aee7172edbdb753dadb.png
[90mvm [39m[33mwarn[39m No storage module present; cannot load costume asset:  e0c964e18b47ca3792fa1f21fe49068a.png
[90mvm [39m[33mwarn[39m No storage module present; cannot load costume asset:  44ea74d02c0f28568b903bd5c506d001.png
[90mvm [39m[33mwarn[39m No storage module present; cannot load costume asset:  52c4394592d0829b8fc1ca504ff0fb72.png
[90mvm [39m[33mwarn[39m No storage module present; cannot load costume asset:  af1c67d0661fe0dcb36a0cb523fd06b9.png
[90mvm [39m[33mwarn[39m No storage module present; cannot load costume asset:  f9100c3f28d5205a5d837c5ffa540bb6.png
[90mvm [39m[33mwarn[39m No storage module present; cannot load costume asset:  36031d43fc546e44e3de0a246276ff44.png
[90mvm [39m[33mwarn[39m No storage module present; cannot load costume asset:  5c5c180cc357555a226f2c0492fb47f9.png
[90mvm [39m[33mwarn[39m No storage module present; cannot load costume asset:  558d4d62c1bc318e9f586a8722e38224.png
[90mvm [39m[33mwarn[39m No storage module present; cannot load costume asset:  89b969ba8a624b321bf8d49e4e28f6f2.png
[90mvm [39m[33mwarn[39m No storage module present; cannot load costume asset:  264fe43709affeadd09c49b62e0cab8b.png
[90mvm [39m[33mwarn[39m No storage module present; cannot load costume asset:  93874808d73a41e49c11d06af3626afe.png
[90mvm [39m[33mwarn[39m No storage module present; cannot load costume asset:  2cabb6288531422e8f914b7825484fe4.png
[90mvm [39m[33mwarn[39m No storage module present; cannot load costume asset:  ffb1a3de4dab6509b617ee45548e782b.png
[90mvm [39m[33mwarn[39m No storage module present; cannot load costume asset:  e4a785a40106fe416ab5144292bf81db.png
[90mvm [39m[33mwarn[39m No storage module present; cannot load costume asset:  1a13443ce55eb72b329ab7731aa8496a.png
[90mvm [39m[33mwarn[39m No storage module present; cannot load costume asset:  55a59ce86aa2c15b88d47098ba01e5e5.png
[90mvm [39m[33mwarn[39m No storage module present; cannot load costume asset:  72d7ad08a580e942373e78132e7d69e5.png
[90mvm [39m[33mwarn[39m No storage module present; cannot load costume asset:  0737c56e0fad60b74ca5669709189279.png
[90mvm [39m[33mwarn[39m No storage module present; cannot load costume asset:  6522f3a1a9b4a43474b3f13d870ed0f3.png
[90mvm [39m[33mwarn[39m No storage module present; cannot load costume asset:  d2c6876e1a77eeb2a72958801efdd37a.png
[90mvm [39m[33mwarn[39m No storage module present; cannot load sound asset:  267c8711dc46e751d96c55191b1ee79f.wav
[90mvm [39m[33mwarn[39m No storage module present; cannot load costume asset:  a65a5751c33b269ed48aedb094a6549c.svg
[90mvm [39m[33mwarn[39m No storage module present; cannot load costume asset:  479eb15a242b4bfc7960964a4011b9f9.png
[90mvm [39m[33mwarn[39m No storage module present; cannot load costume asset:  c6c4fe447ff4fe94a2e7c5bc6aa6f04d.png
[90mvm [39m[33mwarn[39m No storage module present; cannot load costume asset:  5b5182872334d0ac12f9670dfd28d6be.png
[90mvm [39m[33mwarn[39m No storage module present; cannot load costume asset:  64896e2107e105f9c48f6c767821a88a.png
[90mvm [39m[33mwarn[39m No storage module present; cannot load sound asset:  59a4dac2a62c3370ae5953a683b91ef4.wav
[90mvm [39m[33mwarn[39m No storage module present; cannot load costume asset:  d36f6603ec293d2c2198d3ea05109fe0.png
[90mvm [39m[33mwarn[39m No storage module present; cannot load costume asset:  253b6e9ae78140ad7c971058ef70a9e2.svg
[90mvm [39m[33mwarn[39m No storage module present; cannot load costume asset:  a2d903a689797d5136fe2ab69483f814.svg
[90mvm [39m[33mwarn[39m No storage module present; cannot load costume asset:  b653b7e9402e08dbe3a6836451744373.png
[90mvm [39m[33mwarn[39m No storage module present; cannot load costume asset:  e456f2353a96eb68e1809e5ce053b7e5.png
[90mvm [39m[33mwarn[39m No storage module present; cannot load costume asset:  c79802aa848d672560d184d06c77b4a8.png
[90mvm [39m[33mwarn[39m No storage module present; cannot load costume asset:  fc3f80a961d0741f6432d6a13805c43c.png
[90mvm [39m[33mwarn[39m Central dispatch replacing existing service provider for extension_0_pen
[36mℹ[0m  Sequence: Playing_Spam_Long
[90m     Ticks: 720  Bugs found: 0[0m
[90m───────────────────────────────────────────────────────[0m
[90mvm [39m[33mwarn[39m Central dispatch replacing existing service provider for runtime
[90mvm [39m[33mwarn[39m Central dispatch replacing existing service provider for extensions
[90mvm [39m[33mwarn[39m No storage module present; cannot load costume asset:  bfc4b9c94a1cf4e18c6a6a3fc529e525.png
[90mvm [39m[33mwarn[39m No storage module present; cannot load costume asset:  90a4d445b9ffb2d9caeb822eba4ef4ec.png
[90mvm [39m[33mwarn[39m No storage module present; cannot load costume asset:  91459961c7d86f7b84bbcfa154fc53f5.png
[90mvm [39m[33mwarn[39m No storage module present; cannot load costume asset:  46e79b8558784788323c24fe9c4bcee1.png
[90mvm [39m[33mwarn[39m No storage module present; cannot load costume asset:  16b4d4f3aa955d7772c9d2259b28e7ab.png
[90mvm [39m[33mwarn[39m No storage module present; cannot load costume asset:  0152c476bc9cdf1355aed54a85f8e86d.png
[90mvm [39m[33mwarn[39m No storage module present; cannot load costume asset:  ecaece6b57ea1fa21a55e41e5fa37def.png
[90mvm [39m[33mwarn[39m No storage module present; cannot load costume asset:  e1f257cdbbeb994bdeb71891f4aa70b1.png
[90mvm [39m[33mwarn[39m No storage module present; cannot load costume asset:  0d9e25332cd4fef7e415a3ad2870dc61.png
[90mvm [39m[33mwarn[39m No storage module present; cannot load costume asset:  c46276eba3dcf55b37ae4aa8b3471c13.png
[90mvm [39m[33mwarn[39m No storage module present; cannot load costume asset:  8b7573f38429fd89b6969510f40cce56.png
[90mvm [39m[33mwarn[39m No storage module present; cannot load costume asset:  9312dd4b55257d20a53fed9649e7a757.png
[90mvm [39m[33mwarn[39m No storage module present; cannot load costume asset:  9657832c3057b34128e7d98b8c3f1eaa.png
[90mvm [39m[33mwarn[39m No storage module present; cannot load costume asset:  b21f7df9b47dfe2de1149e559b856b71.png
[90mvm [39m[33mwarn[39m No storage module present; cannot load costume asset:  a7f2cf036a45375fc599ed9e80266761.png
[90mvm [39m[33mwarn[39m No storage module present; cannot load costume asset:  cb51d78dc59b2aee7172edbdb753dadb.png
[90mvm [39m[33mwarn[39m No storage module present; cannot load costume asset:  e0c964e18b47ca3792fa1f21fe49068a.png
[90mvm [39m[33mwarn[39m No storage module present; cannot load costume asset:  44ea74d02c0f28568b903bd5c506d001.png
[90mvm [39m[33mwarn[39m No storage module present; cannot load costume asset:  52c4394592d0829b8fc1ca504ff0fb72.png
[90mvm [39m[33mwarn[39m No storage module present; cannot load costume asset:  af1c67d0661fe0dcb36a0cb523fd06b9.png
[90mvm [39m[33mwarn[39m No storage module present; cannot load costume asset:  f9100c3f28d5205a5d837c5ffa540bb6.png
[90mvm [39m[33mwarn[39m No storage module present; cannot load costume asset:  36031d43fc546e44e3de0a246276ff44.png
[90mvm [39m[33mwarn[39m No storage module present; cannot load costume asset:  5c5c180cc357555a226f2c0492fb47f9.png
[90mvm [39m[33mwarn[39m No storage module present; cannot load costume asset:  558d4d62c1bc318e9f586a8722e38224.png
[90mvm [39m[33mwarn[39m No storage module present; cannot load costume asset:  89b969ba8a624b321bf8d49e4e28f6f2.png
[90mvm [39m[33mwarn[39m No storage module present; cannot load costume asset:  264fe43709affeadd09c49b62e0cab8b.png
[90mvm [39m[33mwarn[39m No storage module present; cannot load costume asset:  93874808d73a41e49c11d06af3626afe.png
[90mvm [39m[33mwarn[39m No storage module present; cannot load costume asset:  2cabb6288531422e8f914b7825484fe4.png
[90mvm [39m[33mwarn[39m No storage module present; cannot load costume asset:  ffb1a3de4dab6509b617ee45548e782b.png
[90mvm [39m[33mwarn[39m No storage module present; cannot load costume asset:  e4a785a40106fe416ab5144292bf81db.png
[90mvm [39m[33mwarn[39m No storage module present; cannot load costume asset:  1a13443ce55eb72b329ab7731aa8496a.png
[90mvm [39m[33mwarn[39m No storage module present; cannot load costume asset:  55a59ce86aa2c15b88d47098ba01e5e5.png
[90mvm [39m[33mwarn[39m No storage module present; cannot load costume asset:  72d7ad08a580e942373e78132e7d69e5.png
[90mvm [39m[33mwarn[39m No storage module present; cannot load costume asset:  0737c56e0fad60b74ca5669709189279.png
[90mvm [39m[33mwarn[39m No storage module present; cannot load costume asset:  6522f3a1a9b4a43474b3f13d870ed0f3.png
[90mvm [39m[33mwarn[39m No storage module present; cannot load costume asset:  d2c6876e1a77eeb2a72958801efdd37a.png
[90mvm [39m[33mwarn[39m No storage module present; cannot load sound asset:  267c8711dc46e751d96c55191b1ee79f.wav
[90mvm [39m[33mwarn[39m No storage module present; cannot load costume asset:  a65a5751c33b269ed48aedb094a6549c.svg
[90mvm [39m[33mwarn[39m No storage module present; cannot load costume asset:  479eb15a242b4bfc7960964a4011b9f9.png
[90mvm [39m[33mwarn[39m No storage module present; cannot load costume asset:  c6c4fe447ff4fe94a2e7c5bc6aa6f04d.png
[90mvm [39m[33mwarn[39m No storage module present; cannot load costume asset:  5b5182872334d0ac12f9670dfd28d6be.png
[90mvm [39m[33mwarn[39m No storage module present; cannot load costume asset:  64896e2107e105f9c48f6c767821a88a.png
[90mvm [39m[33mwarn[39m No storage module present; cannot load sound asset:  59a4dac2a62c3370ae5953a683b91ef4.wav
[90mvm [39m[33mwarn[39m No storage module present; cannot load costume asset:  d36f6603ec293d2c2198d3ea05109fe0.png
[90mvm [39m[33mwarn[39m No storage module present; cannot load costume asset:  253b6e9ae78140ad7c971058ef70a9e2.svg
[90mvm [39m[33mwarn[39m No storage module present; cannot load costume asset:  a2d903a689797d5136fe2ab69483f814.svg
[90mvm [39m[33mwarn[39m No storage module present; cannot load costume asset:  b653b7e9402e08dbe3a6836451744373.png
[90mvm [39m[33mwarn[39m No storage module present; cannot load costume asset:  e456f2353a96eb68e1809e5ce053b7e5.png
[90mvm [39m[33mwarn[39m No storage module present; cannot load costume asset:  c79802aa848d672560d184d06c77b4a8.png
[90mvm [39m[33mwarn[39m No storage module present; cannot load costume asset:  fc3f80a961d0741f6432d6a13805c43c.png
[90mvm [39m[33mwarn[39m No storage module present; cannot load costume asset:  bfc4b9c94a1cf4e18c6a6a3fc529e525.png
[90mvm [39m[33mwarn[39m No storage module present; cannot load costume asset:  90a4d445b9ffb2d9caeb822eba4ef4ec.png
[90mvm [39m[33mwarn[39m No storage module present; cannot load costume asset:  91459961c7d86f7b84bbcfa154fc53f5.png
[90mvm [39m[33mwarn[39m No storage module present; cannot load costume asset:  46e79b8558784788323c24fe9c4bcee1.png
[90mvm [39m[33mwarn[39m No storage module present; cannot load costume asset:  16b4d4f3aa955d7772c9d2259b28e7ab.png
[90mvm [39m[33mwarn[39m No storage module present; cannot load costume asset:  0152c476bc9cdf1355aed54a85f8e86d.png
[90mvm [39m[33mwarn[39m No storage module present; cannot load costume asset:  ecaece6b57ea1fa21a55e41e5fa37def.png
[90mvm [39m[33mwarn[39m No storage module present; cannot load costume asset:  e1f257cdbbeb994bdeb71891f4aa70b1.png
[90mvm [39m[33mwarn[39m No storage module present; cannot load costume asset:  0d9e25332cd4fef7e415a3ad2870dc61.png
[90mvm [39m[33mwarn[39m No storage module present; cannot load costume asset:  c46276eba3dcf55b37ae4aa8b3471c13.png
[90mvm [39m[33mwarn[39m No storage module present; cannot load costume asset:  8b7573f38429fd89b6969510f40cce56.png
[90mvm [39m[33mwarn[39m No storage module present; cannot load costume asset:  9312dd4b55257d20a53fed9649e7a757.png
[90mvm [39m[33mwarn[39m No storage module present; cannot load costume asset:  9657832c3057b34128e7d98b8c3f1eaa.png
[90mvm [39m[33mwarn[39m No storage module present; cannot load costume asset:  b21f7df9b47dfe2de1149e559b856b71.png
[90mvm [39m[33mwarn[39m No storage module present; cannot load costume asset:  a7f2cf036a45375fc599ed9e80266761.png
[90mvm [39m[33mwarn[39m No storage module present; cannot load costume asset:  cb51d78dc59b2aee7172edbdb753dadb.png
[90mvm [39m[33mwarn[39m No storage module present; cannot load costume asset:  e0c964e18b47ca3792fa1f21fe49068a.png
[90mvm [39m[33mwarn[39m No storage module present; cannot load costume asset:  44ea74d02c0f28568b903bd5c506d001.png
[90mvm [39m[33mwarn[39m No storage module present; cannot load costume asset:  52c4394592d0829b8fc1ca504ff0fb72.png
[90mvm [39m[33mwarn[39m No storage module present; cannot load costume asset:  af1c67d0661fe0dcb36a0cb523fd06b9.png
[90mvm [39m[33mwarn[39m No storage module present; cannot load costume asset:  f9100c3f28d5205a5d837c5ffa540bb6.png
[90mvm [39m[33mwarn[39m No storage module present; cannot load costume asset:  36031d43fc546e44e3de0a246276ff44.png
[90mvm [39m[33mwarn[39m No storage module present; cannot load costume asset:  5c5c180cc357555a226f2c0492fb47f9.png
[90mvm [39m[33mwarn[39m No storage module present; cannot load costume asset:  558d4d62c1bc318e9f586a8722e38224.png
[90mvm [39m[33mwarn[39m No storage module present; cannot load costume asset:  89b969ba8a624b321bf8d49e4e28f6f2.png
[90mvm [39m[33mwarn[39m No storage module present; cannot load costume asset:  264fe43709affeadd09c49b62e0cab8b.png
[90mvm [39m[33mwarn[39m No storage module present; cannot load costume asset:  93874808d73a41e49c11d06af3626afe.png
[90mvm [39m[33mwarn[39m No storage module present; cannot load costume asset:  2cabb6288531422e8f914b7825484fe4.png
[90mvm [39m[33mwarn[39m No storage module present; cannot load costume asset:  ffb1a3de4dab6509b617ee45548e782b.png
[90mvm [39m[33mwarn[39m No storage module present; cannot load costume asset:  e4a785a40106fe416ab5144292bf81db.png
[90mvm [39m[33mwarn[39m No storage module present; cannot load costume asset:  1a13443ce55eb72b329ab7731aa8496a.png
[90mvm [39m[33mwarn[39m No storage module present; cannot load costume asset:  55a59ce86aa2c15b88d47098ba01e5e5.png
[90mvm [39m[33mwarn[39m No storage module present; cannot load costume asset:  72d7ad08a580e942373e78132e7d69e5.png
[90mvm [39m[33mwarn[39m No storage module present; cannot load costume asset:  0737c56e0fad60b74ca5669709189279.png
[90mvm [39m[33mwarn[39m No storage module present; cannot load costume asset:  6522f3a1a9b4a43474b3f13d870ed0f3.png
[90mvm [39m[33mwarn[39m No storage module present; cannot load costume asset:  d2c6876e1a77eeb2a72958801efdd37a.png
[90mvm [39m[33mwarn[39m No storage module present; cannot load sound asset:  267c8711dc46e751d96c55191b1ee79f.wav
[90mvm [39m[33mwarn[39m No storage module present; cannot load costume asset:  a65a5751c33b269ed48aedb094a6549c.svg
[90mvm [39m[33mwarn[39m No storage module present; cannot load costume asset:  479eb15a242b4bfc7960964a4011b9f9.png
[90mvm [39m[33mwarn[39m No storage module present; cannot load costume asset:  c6c4fe447ff4fe94a2e7c5bc6aa6f04d.png
[90mvm [39m[33mwarn[39m No storage module present; cannot load costume asset:  5b5182872334d0ac12f9670dfd28d6be.png
[90mvm [39m[33mwarn[39m No storage module present; cannot load costume asset:  64896e2107e105f9c48f6c767821a88a.png
[90mvm [39m[33mwarn[39m No storage module present; cannot load sound asset:  59a4dac2a62c3370ae5953a683b91ef4.wav
[90mvm [39m[33mwarn[39m No storage module present; cannot load costume asset:  d36f6603ec293d2c2198d3ea05109fe0.png
[90mvm [39m[33mwarn[39m No storage module present; cannot load costume asset:  253b6e9ae78140ad7c971058ef70a9e2.svg
[90mvm [39m[33mwarn[39m No storage module present; cannot load costume asset:  a2d903a689797d5136fe2ab69483f814.svg
[90mvm [39m[33mwarn[39m No storage module present; cannot load costume asset:  b653b7e9402e08dbe3a6836451744373.png
[90mvm [39m[33mwarn[39m No storage module present; cannot load costume asset:  e456f2353a96eb68e1809e5ce053b7e5.png
[90mvm [39m[33mwarn[39m No storage module present; cannot load costume asset:  c79802aa848d672560d184d06c77b4a8.png
[90mvm [39m[33mwarn[39m No storage module present; cannot load costume asset:  fc3f80a961d0741f6432d6a13805c43c.png
[90mvm [39m[33mwarn[39m Central dispatch replacing existing service provider for extension_0_pen
[36mℹ[0m  Sequence: Playing_Mixed_Long
[90m     Ticks: 720  Bugs found: 0[0m
[90m───────────────────────────────────────────────────────[0m
[90mvm [39m[33mwarn[39m Central dispatch replacing existing service provider for runtime
[90mvm [39m[33mwarn[39m Central dispatch replacing existing service provider for extensions
[90mvm [39m[33mwarn[39m No storage module present; cannot load costume asset:  bfc4b9c94a1cf4e18c6a6a3fc529e525.png
[90mvm [39m[33mwarn[39m No storage module present; cannot load costume asset:  90a4d445b9ffb2d9caeb822eba4ef4ec.png
[90mvm [39m[33mwarn[39m No storage module present; cannot load costume asset:  91459961c7d86f7b84bbcfa154fc53f5.png
[90mvm [39m[33mwarn[39m No storage module present; cannot load costume asset:  46e79b8558784788323c24fe9c4bcee1.png
[90mvm [39m[33mwarn[39m No storage module present; cannot load costume asset:  16b4d4f3aa955d7772c9d2259b28e7ab.png
[90mvm [39m[33mwarn[39m No storage module present; cannot load costume asset:  0152c476bc9cdf1355aed54a85f8e86d.png
[90mvm [39m[33mwarn[39m No storage module present; cannot load costume asset:  ecaece6b57ea1fa21a55e41e5fa37def.png
[90mvm [39m[33mwarn[39m No storage module present; cannot load costume asset:  e1f257cdbbeb994bdeb71891f4aa70b1.png
[90mvm [39m[33mwarn[39m No storage module present; cannot load costume asset:  0d9e25332cd4fef7e415a3ad2870dc61.png
[90mvm [39m[33mwarn[39m No storage module present; cannot load costume asset:  c46276eba3dcf55b37ae4aa8b3471c13.png
[90mvm [39m[33mwarn[39m No storage module present; cannot load costume asset:  8b7573f38429fd89b6969510f40cce56.png
[90mvm [39m[33mwarn[39m No storage module present; cannot load costume asset:  9312dd4b55257d20a53fed9649e7a757.png
[90mvm [39m[33mwarn[39m No storage module present; cannot load costume asset:  9657832c3057b34128e7d98b8c3f1eaa.png
[90mvm [39m[33mwarn[39m No storage module present; cannot load costume asset:  b21f7df9b47dfe2de1149e559b856b71.png
[90mvm [39m[33mwarn[39m No storage module present; cannot load costume asset:  a7f2cf036a45375fc599ed9e80266761.png
[90mvm [39m[33mwarn[39m No storage module present; cannot load costume asset:  cb51d78dc59b2aee7172edbdb753dadb.png
[90mvm [39m[33mwarn[39m No storage module present; cannot load costume asset:  e0c964e18b47ca3792fa1f21fe49068a.png
[90mvm [39m[33mwarn[39m No storage module present; cannot load costume asset:  44ea74d02c0f28568b903bd5c506d001.png
[90mvm [39m[33mwarn[39m No storage module present; cannot load costume asset:  52c4394592d0829b8fc1ca504ff0fb72.png
[90mvm [39m[33mwarn[39m No storage module present; cannot load costume asset:  af1c67d0661fe0dcb36a0cb523fd06b9.png
[90mvm [39m[33mwarn[39m No storage module present; cannot load costume asset:  f9100c3f28d5205a5d837c5ffa540bb6.png
[90mvm [39m[33mwarn[39m No storage module present; cannot load costume asset:  36031d43fc546e44e3de0a246276ff44.png
[90mvm [39m[33mwarn[39m No storage module present; cannot load costume asset:  5c5c180cc357555a226f2c0492fb47f9.png
[90mvm [39m[33mwarn[39m No storage module present; cannot load costume asset:  558d4d62c1bc318e9f586a8722e38224.png
[90mvm [39m[33mwarn[39m No storage module present; cannot load costume asset:  89b969ba8a624b321bf8d49e4e28f6f2.png
[90mvm [39m[33mwarn[39m No storage module present; cannot load costume asset:  264fe43709affeadd09c49b62e0cab8b.png
[90mvm [39m[33mwarn[39m No storage module present; cannot load costume asset:  93874808d73a41e49c11d06af3626afe.png
[90mvm [39m[33mwarn[39m No storage module present; cannot load costume asset:  2cabb6288531422e8f914b7825484fe4.png
[90mvm [39m[33mwarn[39m No storage module present; cannot load costume asset:  ffb1a3de4dab6509b617ee45548e782b.png
[90mvm [39m[33mwarn[39m No storage module present; cannot load costume asset:  e4a785a40106fe416ab5144292bf81db.png
[90mvm [39m[33mwarn[39m No storage module present; cannot load costume asset:  1a13443ce55eb72b329ab7731aa8496a.png
[90mvm [39m[33mwarn[39m No storage module present; cannot load costume asset:  55a59ce86aa2c15b88d47098ba01e5e5.png
[90mvm [39m[33mwarn[39m No storage module present; cannot load costume asset:  72d7ad08a580e942373e78132e7d69e5.png
[90mvm [39m[33mwarn[39m No storage module present; cannot load costume asset:  0737c56e0fad60b74ca5669709189279.png
[90mvm [39m[33mwarn[39m No storage module present; cannot load costume asset:  6522f3a1a9b4a43474b3f13d870ed0f3.png
[90mvm [39m[33mwarn[39m No storage module present; cannot load costume asset:  d2c6876e1a77eeb2a72958801efdd37a.png
[90mvm [39m[33mwarn[39m No storage module present; cannot load sound asset:  267c8711dc46e751d96c55191b1ee79f.wav
[90mvm [39m[33mwarn[39m No storage module present; cannot load costume asset:  a65a5751c33b269ed48aedb094a6549c.svg
[90mvm [39m[33mwarn[39m No storage module present; cannot load costume asset:  479eb15a242b4bfc7960964a4011b9f9.png
[90mvm [39m[33mwarn[39m No storage module present; cannot load costume asset:  c6c4fe447ff4fe94a2e7c5bc6aa6f04d.png
[90mvm [39m[33mwarn[39m No storage module present; cannot load costume asset:  5b5182872334d0ac12f9670dfd28d6be.png
[90mvm [39m[33mwarn[39m No storage module present; cannot load costume asset:  64896e2107e105f9c48f6c767821a88a.png
[90mvm [39m[33mwarn[39m No storage module present; cannot load sound asset:  59a4dac2a62c3370ae5953a683b91ef4.wav
[90mvm [39m[33mwarn[39m No storage module present; cannot load costume asset:  d36f6603ec293d2c2198d3ea05109fe0.png
[90mvm [39m[33mwarn[39m No storage module present; cannot load costume asset:  253b6e9ae78140ad7c971058ef70a9e2.svg
[90mvm [39m[33mwarn[39m No storage module present; cannot load costume asset:  a2d903a689797d5136fe2ab69483f814.svg
[90mvm [39m[33mwarn[39m No storage module present; cannot load costume asset:  b653b7e9402e08dbe3a6836451744373.png
[90mvm [39m[33mwarn[39m No storage module present; cannot load costume asset:  e456f2353a96eb68e1809e5ce053b7e5.png
[90mvm [39m[33mwarn[39m No storage module present; cannot load costume asset:  c79802aa848d672560d184d06c77b4a8.png
[90mvm [39m[33mwarn[39m No storage module present; cannot load costume asset:  fc3f80a961d0741f6432d6a13805c43c.png
[90mvm [39m[33mwarn[39m No storage module present; cannot load costume asset:  bfc4b9c94a1cf4e18c6a6a3fc529e525.png
[90mvm [39m[33mwarn[39m No storage module present; cannot load costume asset:  90a4d445b9ffb2d9caeb822eba4ef4ec.png
[90mvm [39m[33mwarn[39m No storage module present; cannot load costume asset:  91459961c7d86f7b84bbcfa154fc53f5.png
[90mvm [39m[33mwarn[39m No storage module present; cannot load costume asset:  46e79b8558784788323c24fe9c4bcee1.png
[90mvm [39m[33mwarn[39m No storage module present; cannot load costume asset:  16b4d4f3aa955d7772c9d2259b28e7ab.png
[90mvm [39m[33mwarn[39m No storage module present; cannot load costume asset:  0152c476bc9cdf1355aed54a85f8e86d.png
[90mvm [39m[33mwarn[39m No storage module present; cannot load costume asset:  ecaece6b57ea1fa21a55e41e5fa37def.png
[90mvm [39m[33mwarn[39m No storage module present; cannot load costume asset:  e1f257cdbbeb994bdeb71891f4aa70b1.png
[90mvm [39m[33mwarn[39m No storage module present; cannot load costume asset:  0d9e25332cd4fef7e415a3ad2870dc61.png
[90mvm [39m[33mwarn[39m No storage module present; cannot load costume asset:  c46276eba3dcf55b37ae4aa8b3471c13.png
[90mvm [39m[33mwarn[39m No storage module present; cannot load costume asset:  8b7573f38429fd89b6969510f40cce56.png
[90mvm [39m[33mwarn[39m No storage module present; cannot load costume asset:  9312dd4b55257d20a53fed9649e7a757.png
[90mvm [39m[33mwarn[39m No storage module present; cannot load costume asset:  9657832c3057b34128e7d98b8c3f1eaa.png
[90mvm [39m[33mwarn[39m No storage module present; cannot load costume asset:  b21f7df9b47dfe2de1149e559b856b71.png
[90mvm [39m[33mwarn[39m No storage module present; cannot load costume asset:  a7f2cf036a45375fc599ed9e80266761.png
[90mvm [39m[33mwarn[39m No storage module present; cannot load costume asset:  cb51d78dc59b2aee7172edbdb753dadb.png
[90mvm [39m[33mwarn[39m No storage module present; cannot load costume asset:  e0c964e18b47ca3792fa1f21fe49068a.png
[90mvm [39m[33mwarn[39m No storage module present; cannot load costume asset:  44ea74d02c0f28568b903bd5c506d001.png
[90mvm [39m[33mwarn[39m No storage module present; cannot load costume asset:  52c4394592d0829b8fc1ca504ff0fb72.png
[90mvm [39m[33mwarn[39m No storage module present; cannot load costume asset:  af1c67d0661fe0dcb36a0cb523fd06b9.png
[90mvm [39m[33mwarn[39m No storage module present; cannot load costume asset:  f9100c3f28d5205a5d837c5ffa540bb6.png
[90mvm [39m[33mwarn[39m No storage module present; cannot load costume asset:  36031d43fc546e44e3de0a246276ff44.png
[90mvm [39m[33mwarn[39m No storage module present; cannot load costume asset:  5c5c180cc357555a226f2c0492fb47f9.png
[90mvm [39m[33mwarn[39m No storage module present; cannot load costume asset:  558d4d62c1bc318e9f586a8722e38224.png
[90mvm [39m[33mwarn[39m No storage module present; cannot load costume asset:  89b969ba8a624b321bf8d49e4e28f6f2.png
[90mvm [39m[33mwarn[39m No storage module present; cannot load costume asset:  264fe43709affeadd09c49b62e0cab8b.png
[90mvm [39m[33mwarn[39m No storage module present; cannot load costume asset:  93874808d73a41e49c11d06af3626afe.png
[90mvm [39m[33mwarn[39m No storage module present; cannot load costume asset:  2cabb6288531422e8f914b7825484fe4.png
[90mvm [39m[33mwarn[39m No storage module present; cannot load costume asset:  ffb1a3de4dab6509b617ee45548e782b.png
[90mvm [39m[33mwarn[39m No storage module present; cannot load costume asset:  e4a785a40106fe416ab5144292bf81db.png
[90mvm [39m[33mwarn[39m No storage module present; cannot load costume asset:  1a13443ce55eb72b329ab7731aa8496a.png
[90mvm [39m[33mwarn[39m No storage module present; cannot load costume asset:  55a59ce86aa2c15b88d47098ba01e5e5.png
[90mvm [39m[33mwarn[39m No storage module present; cannot load costume asset:  72d7ad08a580e942373e78132e7d69e5.png
[90mvm [39m[33mwarn[39m No storage module present; cannot load costume asset:  0737c56e0fad60b74ca5669709189279.png
[90mvm [39m[33mwarn[39m No storage module present; cannot load costume asset:  6522f3a1a9b4a43474b3f13d870ed0f3.png
[90mvm [39m[33mwarn[39m No storage module present; cannot load costume asset:  d2c6876e1a77eeb2a72958801efdd37a.png
[90mvm [39m[33mwarn[39m No storage module present; cannot load sound asset:  267c8711dc46e751d96c55191b1ee79f.wav
[90mvm [39m[33mwarn[39m No storage module present; cannot load costume asset:  a65a5751c33b269ed48aedb094a6549c.svg
[90mvm [39m[33mwarn[39m No storage module present; cannot load costume asset:  479eb15a242b4bfc7960964a4011b9f9.png
[90mvm [39m[33mwarn[39m No storage module present; cannot load costume asset:  c6c4fe447ff4fe94a2e7c5bc6aa6f04d.png
[90mvm [39m[33mwarn[39m No storage module present; cannot load costume asset:  5b5182872334d0ac12f9670dfd28d6be.png
[90mvm [39m[33mwarn[39m No storage module present; cannot load costume asset:  64896e2107e105f9c48f6c767821a88a.png
[90mvm [39m[33mwarn[39m No storage module present; cannot load sound asset:  59a4dac2a62c3370ae5953a683b91ef4.wav
[90mvm [39m[33mwarn[39m No storage module present; cannot load costume asset:  d36f6603ec293d2c2198d3ea05109fe0.png
[90mvm [39m[33mwarn[39m No storage module present; cannot load costume asset:  253b6e9ae78140ad7c971058ef70a9e2.svg
[90mvm [39m[33mwarn[39m No storage module present; cannot load costume asset:  a2d903a689797d5136fe2ab69483f814.svg
[90mvm [39m[33mwarn[39m No storage module present; cannot load costume asset:  b653b7e9402e08dbe3a6836451744373.png
[90mvm [39m[33mwarn[39m No storage module present; cannot load costume asset:  e456f2353a96eb68e1809e5ce053b7e5.png
[90mvm [39m[33mwarn[39m No storage module present; cannot load costume asset:  c79802aa848d672560d184d06c77b4a8.png
[90mvm [39m[33mwarn[39m No storage module present; cannot load costume asset:  fc3f80a961d0741f6432d6a13805c43c.png
[90mvm [39m[33mwarn[39m Central dispatch replacing existing service provider for extension_0_pen
[36mℹ[0m  Sequence: Double_Inject
[90m     Ticks: 300  Bugs found: 0[0m
[90m───────────────────────────────────────────────────────[0m
[90mvm [39m[33mwarn[39m Central dispatch replacing existing service provider for runtime
[90mvm [39m[33mwarn[39m Central dispatch replacing existing service provider for extensions
[90mvm [39m[33mwarn[39m No storage module present; cannot load costume asset:  bfc4b9c94a1cf4e18c6a6a3fc529e525.png
[90mvm [39m[33mwarn[39m No storage module present; cannot load costume asset:  90a4d445b9ffb2d9caeb822eba4ef4ec.png
[90mvm [39m[33mwarn[39m No storage module present; cannot load costume asset:  91459961c7d86f7b84bbcfa154fc53f5.png
[90mvm [39m[33mwarn[39m No storage module present; cannot load costume asset:  46e79b8558784788323c24fe9c4bcee1.png
[90mvm [39m[33mwarn[39m No storage module present; cannot load costume asset:  16b4d4f3aa955d7772c9d2259b28e7ab.png
[90mvm [39m[33mwarn[39m No storage module present; cannot load costume asset:  0152c476bc9cdf1355aed54a85f8e86d.png
[90mvm [39m[33mwarn[39m No storage module present; cannot load costume asset:  ecaece6b57ea1fa21a55e41e5fa37def.png
[90mvm [39m[33mwarn[39m No storage module present; cannot load costume asset:  e1f257cdbbeb994bdeb71891f4aa70b1.png
[90mvm [39m[33mwarn[39m No storage module present; cannot load costume asset:  0d9e25332cd4fef7e415a3ad2870dc61.png
[90mvm [39m[33mwarn[39m No storage module present; cannot load costume asset:  c46276eba3dcf55b37ae4aa8b3471c13.png
[90mvm [39m[33mwarn[39m No storage module present; cannot load costume asset:  8b7573f38429fd89b6969510f40cce56.png
[90mvm [39m[33mwarn[39m No storage module present; cannot load costume asset:  9312dd4b55257d20a53fed9649e7a757.png
[90mvm [39m[33mwarn[39m No storage module present; cannot load costume asset:  9657832c3057b34128e7d98b8c3f1eaa.png
[90mvm [39m[33mwarn[39m No storage module present; cannot load costume asset:  b21f7df9b47dfe2de1149e559b856b71.png
[90mvm [39m[33mwarn[39m No storage module present; cannot load costume asset:  a7f2cf036a45375fc599ed9e80266761.png
[90mvm [39m[33mwarn[39m No storage module present; cannot load costume asset:  cb51d78dc59b2aee7172edbdb753dadb.png
[90mvm [39m[33mwarn[39m No storage module present; cannot load costume asset:  e0c964e18b47ca3792fa1f21fe49068a.png
[90mvm [39m[33mwarn[39m No storage module present; cannot load costume asset:  44ea74d02c0f28568b903bd5c506d001.png
[90mvm [39m[33mwarn[39m No storage module present; cannot load costume asset:  52c4394592d0829b8fc1ca504ff0fb72.png
[90mvm [39m[33mwarn[39m No storage module present; cannot load costume asset:  af1c67d0661fe0dcb36a0cb523fd06b9.png
[90mvm [39m[33mwarn[39m No storage module present; cannot load costume asset:  f9100c3f28d5205a5d837c5ffa540bb6.png
[90mvm [39m[33mwarn[39m No storage module present; cannot load costume asset:  36031d43fc546e44e3de0a246276ff44.png
[90mvm [39m[33mwarn[39m No storage module present; cannot load costume asset:  5c5c180cc357555a226f2c0492fb47f9.png
[90mvm [39m[33mwarn[39m No storage module present; cannot load costume asset:  558d4d62c1bc318e9f586a8722e38224.png
[90mvm [39m[33mwarn[39m No storage module present; cannot load costume asset:  89b969ba8a624b321bf8d49e4e28f6f2.png
[90mvm [39m[33mwarn[39m No storage module present; cannot load costume asset:  264fe43709affeadd09c49b62e0cab8b.png
[90mvm [39m[33mwarn[39m No storage module present; cannot load costume asset:  93874808d73a41e49c11d06af3626afe.png
[90mvm [39m[33mwarn[39m No storage module present; cannot load costume asset:  2cabb6288531422e8f914b7825484fe4.png
[90mvm [39m[33mwarn[39m No storage module present; cannot load costume asset:  ffb1a3de4dab6509b617ee45548e782b.png
[90mvm [39m[33mwarn[39m No storage module present; cannot load costume asset:  e4a785a40106fe416ab5144292bf81db.png
[90mvm [39m[33mwarn[39m No storage module present; cannot load costume asset:  1a13443ce55eb72b329ab7731aa8496a.png
[90mvm [39m[33mwarn[39m No storage module present; cannot load costume asset:  55a59ce86aa2c15b88d47098ba01e5e5.png
[90mvm [39m[33mwarn[39m No storage module present; cannot load costume asset:  72d7ad08a580e942373e78132e7d69e5.png
[90mvm [39m[33mwarn[39m No storage module present; cannot load costume asset:  0737c56e0fad60b74ca5669709189279.png
[90mvm [39m[33mwarn[39m No storage module present; cannot load costume asset:  6522f3a1a9b4a43474b3f13d870ed0f3.png
[90mvm [39m[33mwarn[39m No storage module present; cannot load costume asset:  d2c6876e1a77eeb2a72958801efdd37a.png
[90mvm [39m[33mwarn[39m No storage module present; cannot load sound asset:  267c8711dc46e751d96c55191b1ee79f.wav
[90mvm [39m[33mwarn[39m No storage module present; cannot load costume asset:  a65a5751c33b269ed48aedb094a6549c.svg
[90mvm [39m[33mwarn[39m No storage module present; cannot load costume asset:  479eb15a242b4bfc7960964a4011b9f9.png
[90mvm [39m[33mwarn[39m No storage module present; cannot load costume asset:  c6c4fe447ff4fe94a2e7c5bc6aa6f04d.png
[90mvm [39m[33mwarn[39m No storage module present; cannot load costume asset:  5b5182872334d0ac12f9670dfd28d6be.png
[90mvm [39m[33mwarn[39m No storage module present; cannot load costume asset:  64896e2107e105f9c48f6c767821a88a.png
[90mvm [39m[33mwarn[39m No storage module present; cannot load sound asset:  59a4dac2a62c3370ae5953a683b91ef4.wav
[90mvm [39m[33mwarn[39m No storage module present; cannot load costume asset:  d36f6603ec293d2c2198d3ea05109fe0.png
[90mvm [39m[33mwarn[39m No storage module present; cannot load costume asset:  253b6e9ae78140ad7c971058ef70a9e2.svg
[90mvm [39m[33mwarn[39m No storage module present; cannot load costume asset:  a2d903a689797d5136fe2ab69483f814.svg
[90mvm [39m[33mwarn[39m No storage module present; cannot load costume asset:  b653b7e9402e08dbe3a6836451744373.png
[90mvm [39m[33mwarn[39m No storage module present; cannot load costume asset:  e456f2353a96eb68e1809e5ce053b7e5.png
[90mvm [39m[33mwarn[39m No storage module present; cannot load costume asset:  c79802aa848d672560d184d06c77b4a8.png
[90mvm [39m[33mwarn[39m No storage module present; cannot load costume asset:  fc3f80a961d0741f6432d6a13805c43c.png
[90mvm [39m[33mwarn[39m No storage module present; cannot load costume asset:  bfc4b9c94a1cf4e18c6a6a3fc529e525.png
[90mvm [39m[33mwarn[39m No storage module present; cannot load costume asset:  90a4d445b9ffb2d9caeb822eba4ef4ec.png
[90mvm [39m[33mwarn[39m No storage module present; cannot load costume asset:  91459961c7d86f7b84bbcfa154fc53f5.png
[90mvm [39m[33mwarn[39m No storage module present; cannot load costume asset:  46e79b8558784788323c24fe9c4bcee1.png
[90mvm [39m[33mwarn[39m No storage module present; cannot load costume asset:  16b4d4f3aa955d7772c9d2259b28e7ab.png
[90mvm [39m[33mwarn[39m No storage module present; cannot load costume asset:  0152c476bc9cdf1355aed54a85f8e86d.png
[90mvm [39m[33mwarn[39m No storage module present; cannot load costume asset:  ecaece6b57ea1fa21a55e41e5fa37def.png
[90mvm [39m[33mwarn[39m No storage module present; cannot load costume asset:  e1f257cdbbeb994bdeb71891f4aa70b1.png
[90mvm [39m[33mwarn[39m No storage module present; cannot load costume asset:  0d9e25332cd4fef7e415a3ad2870dc61.png
[90mvm [39m[33mwarn[39m No storage module present; cannot load costume asset:  c46276eba3dcf55b37ae4aa8b3471c13.png
[90mvm [39m[33mwarn[39m No storage module present; cannot load costume asset:  8b7573f38429fd89b6969510f40cce56.png
[90mvm [39m[33mwarn[39m No storage module present; cannot load costume asset:  9312dd4b55257d20a53fed9649e7a757.png
[90mvm [39m[33mwarn[39m No storage module present; cannot load costume asset:  9657832c3057b34128e7d98b8c3f1eaa.png
[90mvm [39m[33mwarn[39m No storage module present; cannot load costume asset:  b21f7df9b47dfe2de1149e559b856b71.png
[90mvm [39m[33mwarn[39m No storage module present; cannot load costume asset:  a7f2cf036a45375fc599ed9e80266761.png
[90mvm [39m[33mwarn[39m No storage module present; cannot load costume asset:  cb51d78dc59b2aee7172edbdb753dadb.png
[90mvm [39m[33mwarn[39m No storage module present; cannot load costume asset:  e0c964e18b47ca3792fa1f21fe49068a.png
[90mvm [39m[33mwarn[39m No storage module present; cannot load costume asset:  44ea74d02c0f28568b903bd5c506d001.png
[90mvm [39m[33mwarn[39m No storage module present; cannot load costume asset:  52c4394592d0829b8fc1ca504ff0fb72.png
[90mvm [39m[33mwarn[39m No storage module present; cannot load costume asset:  af1c67d0661fe0dcb36a0cb523fd06b9.png
[90mvm [39m[33mwarn[39m No storage module present; cannot load costume asset:  f9100c3f28d5205a5d837c5ffa540bb6.png
[90mvm [39m[33mwarn[39m No storage module present; cannot load costume asset:  36031d43fc546e44e3de0a246276ff44.png
[90mvm [39m[33mwarn[39m No storage module present; cannot load costume asset:  5c5c180cc357555a226f2c0492fb47f9.png
[90mvm [39m[33mwarn[39m No storage module present; cannot load costume asset:  558d4d62c1bc318e9f586a8722e38224.png
[90mvm [39m[33mwarn[39m No storage module present; cannot load costume asset:  89b969ba8a624b321bf8d49e4e28f6f2.png
[90mvm [39m[33mwarn[39m No storage module present; cannot load costume asset:  264fe43709affeadd09c49b62e0cab8b.png
[90mvm [39m[33mwarn[39m No storage module present; cannot load costume asset:  93874808d73a41e49c11d06af3626afe.png
[90mvm [39m[33mwarn[39m No storage module present; cannot load costume asset:  2cabb6288531422e8f914b7825484fe4.png
[90mvm [39m[33mwarn[39m No storage module present; cannot load costume asset:  ffb1a3de4dab6509b617ee45548e782b.png
[90mvm [39m[33mwarn[39m No storage module present; cannot load costume asset:  e4a785a40106fe416ab5144292bf81db.png
[90mvm [39m[33mwarn[39m No storage module present; cannot load costume asset:  1a13443ce55eb72b329ab7731aa8496a.png
[90mvm [39m[33mwarn[39m No storage module present; cannot load costume asset:  55a59ce86aa2c15b88d47098ba01e5e5.png
[90mvm [39m[33mwarn[39m No storage module present; cannot load costume asset:  72d7ad08a580e942373e78132e7d69e5.png
[90mvm [39m[33mwarn[39m No storage module present; cannot load costume asset:  0737c56e0fad60b74ca5669709189279.png
[90mvm [39m[33mwarn[39m No storage module present; cannot load costume asset:  6522f3a1a9b4a43474b3f13d870ed0f3.png
[90mvm [39m[33mwarn[39m No storage module present; cannot load costume asset:  d2c6876e1a77eeb2a72958801efdd37a.png
[90mvm [39m[33mwarn[39m No storage module present; cannot load sound asset:  267c8711dc46e751d96c55191b1ee79f.wav
[90mvm [39m[33mwarn[39m No storage module present; cannot load costume asset:  a65a5751c33b269ed48aedb094a6549c.svg
[90mvm [39m[33mwarn[39m No storage module present; cannot load costume asset:  479eb15a242b4bfc7960964a4011b9f9.png
[90mvm [39m[33mwarn[39m No storage module present; cannot load costume asset:  c6c4fe447ff4fe94a2e7c5bc6aa6f04d.png
[90mvm [39m[33mwarn[39m No storage module present; cannot load costume asset:  5b5182872334d0ac12f9670dfd28d6be.png
[90mvm [39m[33mwarn[39m No storage module present; cannot load costume asset:  64896e2107e105f9c48f6c767821a88a.png
[90mvm [39m[33mwarn[39m No storage module present; cannot load sound asset:  59a4dac2a62c3370ae5953a683b91ef4.wav
[90mvm [39m[33mwarn[39m No storage module present; cannot load costume asset:  d36f6603ec293d2c2198d3ea05109fe0.png
[90mvm [39m[33mwarn[39m No storage module present; cannot load costume asset:  253b6e9ae78140ad7c971058ef70a9e2.svg
[90mvm [39m[33mwarn[39m No storage module present; cannot load costume asset:  a2d903a689797d5136fe2ab69483f814.svg
[90mvm [39m[33mwarn[39m No storage module present; cannot load costume asset:  b653b7e9402e08dbe3a6836451744373.png
[90mvm [39m[33mwarn[39m No storage module present; cannot load costume asset:  e456f2353a96eb68e1809e5ce053b7e5.png
[90mvm [39m[33mwarn[39m No storage module present; cannot load costume asset:  c79802aa848d672560d184d06c77b4a8.png
[90mvm [39m[33mwarn[39m No storage module present; cannot load costume asset:  fc3f80a961d0741f6432d6a13805c43c.png
[90mvm [39m[33mwarn[39m Central dispatch replacing existing service provider for extension_0_pen
[36mℹ[0m  Sequence: Boot_Long_600
[90m     Ticks: 600  Bugs found: 0[0m
[90m───────────────────────────────────────────────────────[0m
[90mvm [39m[33mwarn[39m Central dispatch replacing existing service provider for runtime
[90mvm [39m[33mwarn[39m Central dispatch replacing existing service provider for extensions
[90mvm [39m[33mwarn[39m No storage module present; cannot load costume asset:  bfc4b9c94a1cf4e18c6a6a3fc529e525.png
[90mvm [39m[33mwarn[39m No storage module present; cannot load costume asset:  90a4d445b9ffb2d9caeb822eba4ef4ec.png
[90mvm [39m[33mwarn[39m No storage module present; cannot load costume asset:  91459961c7d86f7b84bbcfa154fc53f5.png
[90mvm [39m[33mwarn[39m No storage module present; cannot load costume asset:  46e79b8558784788323c24fe9c4bcee1.png
[90mvm [39m[33mwarn[39m No storage module present; cannot load costume asset:  16b4d4f3aa955d7772c9d2259b28e7ab.png
[90mvm [39m[33mwarn[39m No storage module present; cannot load costume asset:  0152c476bc9cdf1355aed54a85f8e86d.png
[90mvm [39m[33mwarn[39m No storage module present; cannot load costume asset:  ecaece6b57ea1fa21a55e41e5fa37def.png
[90mvm [39m[33mwarn[39m No storage module present; cannot load costume asset:  e1f257cdbbeb994bdeb71891f4aa70b1.png
[90mvm [39m[33mwarn[39m No storage module present; cannot load costume asset:  0d9e25332cd4fef7e415a3ad2870dc61.png
[90mvm [39m[33mwarn[39m No storage module present; cannot load costume asset:  c46276eba3dcf55b37ae4aa8b3471c13.png
[90mvm [39m[33mwarn[39m No storage module present; cannot load costume asset:  8b7573f38429fd89b6969510f40cce56.png
[90mvm [39m[33mwarn[39m No storage module present; cannot load costume asset:  9312dd4b55257d20a53fed9649e7a757.png
[90mvm [39m[33mwarn[39m No storage module present; cannot load costume asset:  9657832c3057b34128e7d98b8c3f1eaa.png
[90mvm [39m[33mwarn[39m No storage module present; cannot load costume asset:  b21f7df9b47dfe2de1149e559b856b71.png
[90mvm [39m[33mwarn[39m No storage module present; cannot load costume asset:  a7f2cf036a45375fc599ed9e80266761.png
[90mvm [39m[33mwarn[39m No storage module present; cannot load costume asset:  cb51d78dc59b2aee7172edbdb753dadb.png
[90mvm [39m[33mwarn[39m No storage module present; cannot load costume asset:  e0c964e18b47ca3792fa1f21fe49068a.png
[90mvm [39m[33mwarn[39m No storage module present; cannot load costume asset:  44ea74d02c0f28568b903bd5c506d001.png
[90mvm [39m[33mwarn[39m No storage module present; cannot load costume asset:  52c4394592d0829b8fc1ca504ff0fb72.png
[90mvm [39m[33mwarn[39m No storage module present; cannot load costume asset:  af1c67d0661fe0dcb36a0cb523fd06b9.png
[90mvm [39m[33mwarn[39m No storage module present; cannot load costume asset:  f9100c3f28d5205a5d837c5ffa540bb6.png
[90mvm [39m[33mwarn[39m No storage module present; cannot load costume asset:  36031d43fc546e44e3de0a246276ff44.png
[90mvm [39m[33mwarn[39m No storage module present; cannot load costume asset:  5c5c180cc357555a226f2c0492fb47f9.png
[90mvm [39m[33mwarn[39m No storage module present; cannot load costume asset:  558d4d62c1bc318e9f586a8722e38224.png
[90mvm [39m[33mwarn[39m No storage module present; cannot load costume asset:  89b969ba8a624b321bf8d49e4e28f6f2.png
[90mvm [39m[33mwarn[39m No storage module present; cannot load costume asset:  264fe43709affeadd09c49b62e0cab8b.png
[90mvm [39m[33mwarn[39m No storage module present; cannot load costume asset:  93874808d73a41e49c11d06af3626afe.png
[90mvm [39m[33mwarn[39m No storage module present; cannot load costume asset:  2cabb6288531422e8f914b7825484fe4.png
[90mvm [39m[33mwarn[39m No storage module present; cannot load costume asset:  ffb1a3de4dab6509b617ee45548e782b.png
[90mvm [39m[33mwarn[39m No storage module present; cannot load costume asset:  e4a785a40106fe416ab5144292bf81db.png
[90mvm [39m[33mwarn[39m No storage module present; cannot load costume asset:  1a13443ce55eb72b329ab7731aa8496a.png
[90mvm [39m[33mwarn[39m No storage module present; cannot load costume asset:  55a59ce86aa2c15b88d47098ba01e5e5.png
[90mvm [39m[33mwarn[39m No storage module present; cannot load costume asset:  72d7ad08a580e942373e78132e7d69e5.png
[90mvm [39m[33mwarn[39m No storage module present; cannot load costume asset:  0737c56e0fad60b74ca5669709189279.png
[90mvm [39m[33mwarn[39m No storage module present; cannot load costume asset:  6522f3a1a9b4a43474b3f13d870ed0f3.png
[90mvm [39m[33mwarn[39m No storage module present; cannot load costume asset:  d2c6876e1a77eeb2a72958801efdd37a.png
[90mvm [39m[33mwarn[39m No storage module present; cannot load sound asset:  267c8711dc46e751d96c55191b1ee79f.wav
[90mvm [39m[33mwarn[39m No storage module present; cannot load costume asset:  a65a5751c33b269ed48aedb094a6549c.svg
[90mvm [39m[33mwarn[39m No storage module present; cannot load costume asset:  479eb15a242b4bfc7960964a4011b9f9.png
[90mvm [39m[33mwarn[39m No storage module present; cannot load costume asset:  c6c4fe447ff4fe94a2e7c5bc6aa6f04d.png
[90mvm [39m[33mwarn[39m No storage module present; cannot load costume asset:  5b5182872334d0ac12f9670dfd28d6be.png
[90mvm [39m[33mwarn[39m No storage module present; cannot load costume asset:  64896e2107e105f9c48f6c767821a88a.png
[90mvm [39m[33mwarn[39m No storage module present; cannot load sound asset:  59a4dac2a62c3370ae5953a683b91ef4.wav
[90mvm [39m[33mwarn[39m No storage module present; cannot load costume asset:  d36f6603ec293d2c2198d3ea05109fe0.png
[90mvm [39m[33mwarn[39m No storage module present; cannot load costume asset:  253b6e9ae78140ad7c971058ef70a9e2.svg
[90mvm [39m[33mwarn[39m No storage module present; cannot load costume asset:  a2d903a689797d5136fe2ab69483f814.svg
[90mvm [39m[33mwarn[39m No storage module present; cannot load costume asset:  b653b7e9402e08dbe3a6836451744373.png
[90mvm [39m[33mwarn[39m No storage module present; cannot load costume asset:  e456f2353a96eb68e1809e5ce053b7e5.png
[90mvm [39m[33mwarn[39m No storage module present; cannot load costume asset:  c79802aa848d672560d184d06c77b4a8.png
[90mvm [39m[33mwarn[39m No storage module present; cannot load costume asset:  fc3f80a961d0741f6432d6a13805c43c.png
[90mvm [39m[33mwarn[39m No storage module present; cannot load costume asset:  bfc4b9c94a1cf4e18c6a6a3fc529e525.png
[90mvm [39m[33mwarn[39m No storage module present; cannot load costume asset:  90a4d445b9ffb2d9caeb822eba4ef4ec.png
[90mvm [39m[33mwarn[39m No storage module present; cannot load costume asset:  91459961c7d86f7b84bbcfa154fc53f5.png
[90mvm [39m[33mwarn[39m No storage module present; cannot load costume asset:  46e79b8558784788323c24fe9c4bcee1.png
[90mvm [39m[33mwarn[39m No storage module present; cannot load costume asset:  16b4d4f3aa955d7772c9d2259b28e7ab.png
[90mvm [39m[33mwarn[39m No storage module present; cannot load costume asset:  0152c476bc9cdf1355aed54a85f8e86d.png
[90mvm [39m[33mwarn[39m No storage module present; cannot load costume asset:  ecaece6b57ea1fa21a55e41e5fa37def.png
[90mvm [39m[33mwarn[39m No storage module present; cannot load costume asset:  e1f257cdbbeb994bdeb71891f4aa70b1.png
[90mvm [39m[33mwarn[39m No storage module present; cannot load costume asset:  0d9e25332cd4fef7e415a3ad2870dc61.png
[90mvm [39m[33mwarn[39m No storage module present; cannot load costume asset:  c46276eba3dcf55b37ae4aa8b3471c13.png
[90mvm [39m[33mwarn[39m No storage module present; cannot load costume asset:  8b7573f38429fd89b6969510f40cce56.png
[90mvm [39m[33mwarn[39m No storage module present; cannot load costume asset:  9312dd4b55257d20a53fed9649e7a757.png
[90mvm [39m[33mwarn[39m No storage module present; cannot load costume asset:  9657832c3057b34128e7d98b8c3f1eaa.png
[90mvm [39m[33mwarn[39m No storage module present; cannot load costume asset:  b21f7df9b47dfe2de1149e559b856b71.png
[90mvm [39m[33mwarn[39m No storage module present; cannot load costume asset:  a7f2cf036a45375fc599ed9e80266761.png
[90mvm [39m[33mwarn[39m No storage module present; cannot load costume asset:  cb51d78dc59b2aee7172edbdb753dadb.png
[90mvm [39m[33mwarn[39m No storage module present; cannot load costume asset:  e0c964e18b47ca3792fa1f21fe49068a.png
[90mvm [39m[33mwarn[39m No storage module present; cannot load costume asset:  44ea74d02c0f28568b903bd5c506d001.png
[90mvm [39m[33mwarn[39m No storage module present; cannot load costume asset:  52c4394592d0829b8fc1ca504ff0fb72.png
[90mvm [39m[33mwarn[39m No storage module present; cannot load costume asset:  af1c67d0661fe0dcb36a0cb523fd06b9.png
[90mvm [39m[33mwarn[39m No storage module present; cannot load costume asset:  f9100c3f28d5205a5d837c5ffa540bb6.png
[90mvm [39m[33mwarn[39m No storage module present; cannot load costume asset:  36031d43fc546e44e3de0a246276ff44.png
[90mvm [39m[33mwarn[39m No storage module present; cannot load costume asset:  5c5c180cc357555a226f2c0492fb47f9.png
[90mvm [39m[33mwarn[39m No storage module present; cannot load costume asset:  558d4d62c1bc318e9f586a8722e38224.png
[90mvm [39m[33mwarn[39m No storage module present; cannot load costume asset:  89b969ba8a624b321bf8d49e4e28f6f2.png
[90mvm [39m[33mwarn[39m No storage module present; cannot load costume asset:  264fe43709affeadd09c49b62e0cab8b.png
[90mvm [39m[33mwarn[39m No storage module present; cannot load costume asset:  93874808d73a41e49c11d06af3626afe.png
[90mvm [39m[33mwarn[39m No storage module present; cannot load costume asset:  2cabb6288531422e8f914b7825484fe4.png
[90mvm [39m[33mwarn[39m No storage module present; cannot load costume asset:  ffb1a3de4dab6509b617ee45548e782b.png
[90mvm [39m[33mwarn[39m No storage module present; cannot load costume asset:  e4a785a40106fe416ab5144292bf81db.png
[90mvm [39m[33mwarn[39m No storage module present; cannot load costume asset:  1a13443ce55eb72b329ab7731aa8496a.png
[90mvm [39m[33mwarn[39m No storage module present; cannot load costume asset:  55a59ce86aa2c15b88d47098ba01e5e5.png
[90mvm [39m[33mwarn[39m No storage module present; cannot load costume asset:  72d7ad08a580e942373e78132e7d69e5.png
[90mvm [39m[33mwarn[39m No storage module present; cannot load costume asset:  0737c56e0fad60b74ca5669709189279.png
[90mvm [39m[33mwarn[39m No storage module present; cannot load costume asset:  6522f3a1a9b4a43474b3f13d870ed0f3.png
[90mvm [39m[33mwarn[39m No storage module present; cannot load costume asset:  d2c6876e1a77eeb2a72958801efdd37a.png
[90mvm [39m[33mwarn[39m No storage module present; cannot load sound asset:  267c8711dc46e751d96c55191b1ee79f.wav
[90mvm [39m[33mwarn[39m No storage module present; cannot load costume asset:  a65a5751c33b269ed48aedb094a6549c.svg
[90mvm [39m[33mwarn[39m No storage module present; cannot load costume asset:  479eb15a242b4bfc7960964a4011b9f9.png
[90mvm [39m[33mwarn[39m No storage module present; cannot load costume asset:  c6c4fe447ff4fe94a2e7c5bc6aa6f04d.png
[90mvm [39m[33mwarn[39m No storage module present; cannot load costume asset:  5b5182872334d0ac12f9670dfd28d6be.png
[90mvm [39m[33mwarn[39m No storage module present; cannot load costume asset:  64896e2107e105f9c48f6c767821a88a.png
[90mvm [39m[33mwarn[39m No storage module present; cannot load sound asset:  59a4dac2a62c3370ae5953a683b91ef4.wav
[90mvm [39m[33mwarn[39m No storage module present; cannot load costume asset:  d36f6603ec293d2c2198d3ea05109fe0.png
[90mvm [39m[33mwarn[39m No storage module present; cannot load costume asset:  253b6e9ae78140ad7c971058ef70a9e2.svg
[90mvm [39m[33mwarn[39m No storage module present; cannot load costume asset:  a2d903a689797d5136fe2ab69483f814.svg
[90mvm [39m[33mwarn[39m No storage module present; cannot load costume asset:  b653b7e9402e08dbe3a6836451744373.png
[90mvm [39m[33mwarn[39m No storage module present; cannot load costume asset:  e456f2353a96eb68e1809e5ce053b7e5.png
[90mvm [39m[33mwarn[39m No storage module present; cannot load costume asset:  c79802aa848d672560d184d06c77b4a8.png
[90mvm [39m[33mwarn[39m No storage module present; cannot load costume asset:  fc3f80a961d0741f6432d6a13805c43c.png
[90mvm [39m[33mwarn[39m Central dispatch replacing existing service provider for extension_0_pen
[36mℹ[0m  Sequence: Playing_Rapid_Switch
[90m     Ticks: 795  Bugs found: 0[0m
[90m───────────────────────────────────────────────────────[0m

[1m[36mSummary[0m

[36mℹ[0m  Sequences     : 14
[36mℹ[0m  Total ticks   : 7360
[36mℹ[0m  States visited: Don't Update?=false|Touching Color?=false|Key Pressed?=false, Don't Update?=false|Touching Color?=false|Key Pressed?=true
[36mℹ[0m  Events used   : inject:start, key:0, key:1, key:2, key:3, key:4, key:5, key:6, key:7, key:8, key:9, key:a, key:b, key:c, key:d, key:Down, key:e, key:f, key:g, key:h, key:i, key:j, key:k, key:l, key:Left, key:m, key:n, key:o, key:p, key:q, key:r, key:Right, key:s, key: , key:t, key:u, key:Up, key:v, key:w, key:x, key:y, key:z
[36mℹ[0m  Bugs found    : 1
[90m───────────────────────────────────────────────────────[0m
[31m✘[0m  Bug 1 [T2] Monotonic_Index
[90m     Sequence : Playing_All_Keys[0m
[90m     Tick     : 627[0m
[90m     Detail   : Index decreased: 5 → 4[0m
[90m───────────────────────────────────────────────────────[0m
[32m✔[0m  Report: maze\Maze_bug_report.json
